postcode,latitude,longitude,district,ward,constituency
EC3A 5DE,51.513664,-0.07746,City of London,Portsoken,Cities of London and Westminster
EC2Y 8BB,51.519131,-0.094483,City of London,Cripplegate,Cities of London and Westminster
EC4M 9AD,51.513835,-0.096794,City of London,Bread Street,Cities of London and Westminster
EC4V 3AL,51.511026,-0.099361,City of London,Queenhithe,Cities of London and Westminster
NW5 4LP,51.548164,-0.147559,Camden,Haverstock,Holborn and St Pancras
WC1N 2NY,51.525481,-0.120758,Camden,King's Cross,Holborn and St Pancras
NW3 2NY,51.554181,-0.160759,Camden,Gospel Oak,Hampstead and Highgate
NW1 3EX,51.527712,-0.14059,Camden,Regent's Park,Holborn and St Pancras
WC1H 9EG,51.528752,-0.124012,Camden,King's Cross,Holborn and St Pancras
NW6 1QL,51.550691,-0.200162,Camden,Fortune Green,Hampstead and Highgate
NW1 9AL,51.547483,-0.127871,Camden,Camden Square,Holborn and St Pancras
N19 5DH,51.563332,-0.145111,Camden,Highgate,Hampstead and Highgate
NW5 4AX,51.551601,-0.149987,Camden,Gospel Oak,Hampstead and Highgate
NW1 1HQ,51.532374,-0.130639,Camden,St Pancras & Somers Town,Holborn and St Pancras
NW3 2QT,51.553445,-0.160847,Camden,Gospel Oak,Hampstead and Highgate
NW1 8RP,51.542718,-0.143829,Camden,Camden Town,Holborn and St Pancras
NW6 4LB,51.543471,-0.196741,Camden,Kilburn,Hampstead and Highgate
NW6 2JG,51.543991,-0.196605,Camden,Kilburn,Hampstead and Highgate
NW3 1HU,51.55814,-0.176512,Camden,Hampstead Town,Hampstead and Highgate
NW1 8JL,51.539175,-0.151775,Camden,Primrose Hill,Holborn and St Pancras
NW5 3HB,51.547717,-0.150563,Camden,Haverstock,Holborn and St Pancras
NW1 0LL,51.535595,-0.13639,Camden,St Pancras & Somers Town,Holborn and St Pancras
NW5 2SJ,51.549675,-0.132815,Camden,Kentish Town South,Holborn and St Pancras
NW3 2JB,51.554641,-0.152864,Camden,Gospel Oak,Hampstead and Highgate
NW3 6NP,51.5534,-0.175836,Camden,Hampstead Town,Hampstead and Highgate
NW5 2JA,51.554369,-0.13907,Camden,Kentish Town North,Holborn and St Pancras
NW3 1JH,51.559257,-0.176597,Camden,Hampstead Town,Hampstead and Highgate
NW1 4BD,51.530775,-0.144344,Camden,Regent's Park,Holborn and St Pancras
NW6 1TF,51.551837,-0.194549,Camden,West Hampstead,Hampstead and Highgate
NW3 6TX,51.556444,-0.179003,Camden,Frognal,Hampstead and Highgate
NW3 5SQ,51.546092,-0.177772,Camden,Belsize,Hampstead and Highgate
NW1 8DE,51.544547,-0.145197,Camden,Camden Town,Holborn and St Pancras
NW5 2TU,51.549723,-0.139246,Camden,Kentish Town South,Holborn and St Pancras
NW3 2AE,51.55162,-0.166055,Camden,Gospel Oak,Hampstead and Highgate
EC1N 7SD,51.520173,-0.111146,Camden,Holborn & Covent Garden,Holborn and St Pancras
NW1 1PS,51.531624,-0.134332,Camden,St Pancras & Somers Town,Holborn and St Pancras
NW1 1TA,51.530504,-0.132388,Camden,St Pancras & Somers Town,Holborn and St Pancras
NW5 4JS,51.551602,-0.157445,Camden,Gospel Oak,Hampstead and Highgate
WC1N 2NX,51.522,-0.116231,Camden,Holborn & Covent Garden,Holborn and St Pancras
WC2B 5NA,51.51619,-0.121833,Camden,Holborn & Covent Garden,Holborn and St Pancras
NW6 4PG,51.54037,-0.19333,Camden,Kilburn,Hampstead and Highgate
NW1 1QP,51.531714,-0.133781,Camden,St Pancras & Somers Town,Holborn and St Pancras
NW1 0JA,51.539098,-0.138367,Camden,St Pancras & Somers Town,Holborn and St Pancras
NW5 3AH,51.549203,-0.142786,Camden,Kentish Town South,Holborn and St Pancras
NW3 3DS,51.541385,-0.163712,Camden,Primrose Hill,Hampstead and Highgate
NW6 4LS,51.54097,-0.193725,Camden,Kilburn,Hampstead and Highgate
NW1 0DP,51.538867,-0.137453,Camden,St Pancras & Somers Town,Holborn and St Pancras
NW3 2BQ,51.544794,-0.153999,Camden,Haverstock,Holborn and St Pancras
NW5 1RL,51.558448,-0.149623,Camden,Highgate,Hampstead and Highgate
NW1 1RX,51.532779,-0.132944,Camden,St Pancras & Somers Town,Holborn and St Pancras
NW2 3RT,51.555616,-0.207022,Camden,Fortune Green,Hampstead and Highgate
NW5 1UJ,51.557418,-0.139624,Camden,Kentish Town North,Holborn and St Pancras
NW5 2DB,51.54599,-0.134667,Camden,Kentish Town South,Holborn and St Pancras
NW1 1LY,51.529789,-0.133225,Camden,St Pancras & Somers Town,Holborn and St Pancras
NW5 1RN,51.558701,-0.150262,Camden,Highgate,Hampstead and Highgate
NW1 9LY,,,,,
NW5 1RP,51.56,-0.149416,Camden,Highgate,Hampstead and Highgate
WC1N 3JH,51.522212,-0.119898,Camden,Holborn & Covent Garden,Holborn and St Pancras
NW3 5AE,51.550989,-0.16999,Camden,Belsize,Hampstead and Highgate
NW3 7SR,51.557363,-0.190753,Camden,Frognal,Hampstead and Highgate
NW3 3EL,51.545116,-0.164182,Camden,Primrose Hill,Hampstead and Highgate
NW3 4NU,51.545427,-0.170876,Camden,Belsize,Hampstead and Highgate
NW3 6XH,51.553508,-0.181082,Camden,Frognal,Hampstead and Highgate
NW1 7HB,51.539292,-0.144978,Camden,Camden Town,Holborn and St Pancras
NW3 6PG,51.550538,-0.176296,Camden,Belsize,Hampstead and Highgate
NW3 5RR,51.547843,-0.179347,Camden,Belsize,Hampstead and Highgate
NW3 4NY,51.545513,-0.170022,Camden,Belsize,Hampstead and Highgate
NW3 5JY,51.547687,-0.176237,Camden,Belsize,Hampstead and Highgate
NW3 5NW,51.552306,-0.171422,Camden,Belsize,Hampstead and Highgate
NW3 2PP,51.553383,-0.16786,Camden,Hampstead Town,Hampstead and Highgate
NW3 5UD,51.554462,-0.174726,Camden,Hampstead Town,Hampstead and Highgate
NW3 3ET,51.54426,-0.170981,Camden,Primrose Hill,Hampstead and Highgate
NW3 5SS,51.546191,-0.177206,Camden,Belsize,Hampstead and Highgate
NW3 2YN,51.548353,-0.158427,Camden,Haverstock,Holborn and St Pancras
NW3 1DN,51.5576,-0.178221,Camden,Hampstead Town,Hampstead and Highgate
NW3 1RP,51.555927,-0.174105,Camden,Hampstead Town,Hampstead and Highgate
NW3 6AE,51.553049,-0.178172,Camden,Frognal,Hampstead and Highgate
NW6 3LP,51.544873,-0.180922,Camden,South Hampstead,Hampstead and Highgate
NW5 3AX,51.54906,-0.145634,Camden,Kentish Town South,Holborn and St Pancras
NW3 4YD,51.545572,-0.162289,Camden,Belsize,Hampstead and Highgate
WC1N 3AF,51.520593,-0.12217,Camden,Holborn & Covent Garden,Holborn and St Pancras
NW6 3PL,51.542954,-0.190603,Camden,South Hampstead,Hampstead and Highgate
NW2 3SD,51.551529,-0.207312,Camden,Fortune Green,Hampstead and Highgate
NW3 5LF,51.545707,-0.177312,Camden,Belsize,Hampstead and Highgate
NW6 1PF,51.548775,-0.192492,Camden,West Hampstead,Hampstead and Highgate
NW3 5TH,51.549679,-0.178855,Camden,Belsize,Hampstead and Highgate
N1C 4BT,51.537452,-0.127057,Camden,King's Cross,Holborn and St Pancras
NW1 8DP,51.544441,-0.147018,Camden,Haverstock,Holborn and St Pancras
NW8 0SR,51.539229,-0.183483,Camden,Kilburn,Hampstead and Highgate
NW3 2QG,51.553227,-0.165298,Camden,Gospel Oak,Hampstead and Highgate
NW8 6HX,51.540902,-0.171317,Camden,Primrose Hill,Hampstead and Highgate
SE8 3EH,51.48135,-0.023227,Greenwich,Greenwich Creekside,Greenwich and Woolwich
SE7 8AF,51.488112,0.04033,Greenwich,Charlton Village & Riverside,Greenwich and Woolwich
SE2 0SX,51.486178,0.112437,Greenwich,Abbey Wood,Erith and Thamesmead
SE18 4DJ,,,,,
SE18 5AP,51.491991,0.059692,Greenwich,Woolwich Dockyard,Greenwich and Woolwich
SE10 0EA,51.487128,0.006119,Greenwich,East Greenwich,Greenwich and Woolwich
SE9 6HR,51.460799,0.038377,Greenwich,Eltham Page,Eltham and Chislehurst
SE9 6HN,51.460838,0.039243,Greenwich,Eltham Page,Eltham and Chislehurst
SE18 3AT,51.48224,0.072114,Greenwich,Woolwich Common,Greenwich and Woolwich
SE9 5LX,51.449232,0.036941,Greenwich,Middle Park & Horn Park,Eltham and Chislehurst
SE10 0JY,51.485217,0.011652,Greenwich,East Greenwich,Greenwich and Woolwich
SE9 3JN,51.432939,0.057394,Greenwich,"Mottingham, Coldharbour & New Eltham",Eltham and Chislehurst
SE2 0QS,51.486497,0.11372,Greenwich,Abbey Wood,Erith and Thamesmead
SE10 0BG,51.493246,0.011243,Greenwich,Greenwich Peninsula,Greenwich and Woolwich
SE9 2JH,51.446363,0.086536,Greenwich,Eltham Town & Avery Hill,Eltham and Chislehurst
SE18 1HE,51.486805,0.09606,Greenwich,Plumstead & Glyndon,Erith and Thamesmead
SE13 7QP,51.470157,-0.014395,Greenwich,Greenwich Park,Greenwich and Woolwich
SE7 7DG,51.475826,0.03369,Greenwich,Charlton Hornfair,Greenwich and Woolwich
SE18 1QY,51.487588,0.089469,Greenwich,Plumstead & Glyndon,Erith and Thamesmead
SE9 1RD,51.461525,0.062653,Greenwich,Eltham Park & Progress,Eltham and Chislehurst
SE9 6BP,51.456733,0.035303,Greenwich,Eltham Page,Eltham and Chislehurst
SE18 7PX,51.48617,0.081223,Greenwich,Plumstead & Glyndon,Erith and Thamesmead
SE18 3SX,,,,,
SE18 3PY,51.477839,0.064642,Greenwich,Shooters Hill,Greenwich and Woolwich
SE7 7NQ,51.483893,0.026919,Greenwich,Charlton Village & Riverside,Greenwich and Woolwich
SE18 1JR,51.483881,0.098158,Greenwich,Plumstead & Glyndon,Erith and Thamesmead
SE9 1QG,51.458611,0.052963,Greenwich,Eltham Park & Progress,Eltham and Chislehurst
SE9 6DY,51.455391,0.041663,Greenwich,Eltham Page,Eltham and Chislehurst
SE10 0LD,51.485093,0.015205,Greenwich,East Greenwich,Greenwich and Woolwich
SE9 6NZ,51.462784,0.042612,Greenwich,Eltham Page,Eltham and Chislehurst
SE12 9BT,51.444131,0.026669,Greenwich,Middle Park & Horn Park,Eltham and Chislehurst
SE8 3HD,51.483163,-0.024085,Greenwich,Greenwich Creekside,Greenwich and Woolwich
SE3 7HE,51.478975,0.020595,Greenwich,Blackheath Westcombe,Greenwich and Woolwich
SE10 9LA,51.479651,-0.012672,Greenwich,Greenwich Creekside,Greenwich and Woolwich
SE3 8JG,51.470379,0.042332,Greenwich,Kidbrooke Park,Eltham and Chislehurst
SE10 9NY,51.484211,-0.00049,Greenwich,East Greenwich,Greenwich and Woolwich
SE9 5RX,51.444304,0.037945,Greenwich,Middle Park & Horn Park,Eltham and Chislehurst
SE18 3HW,51.477017,0.074037,Greenwich,Shooters Hill,Erith and Thamesmead
SE7 7JP,51.480092,0.025713,Greenwich,Charlton Hornfair,Greenwich and Woolwich
SE7 8AE,51.487504,0.041642,Greenwich,Charlton Village & Riverside,Greenwich and Woolwich
SE18 2SG,51.476793,0.0902,Greenwich,Plumstead Common,Erith and Thamesmead
SE18 5JE,51.489131,0.04945,Greenwich,Woolwich Dockyard,Greenwich and Woolwich
SE9 2EH,51.439851,0.070381,Greenwich,Eltham Town & Avery Hill,Eltham and Chislehurst
SE9 3EY,51.427546,0.061827,Greenwich,"Mottingham, Coldharbour & New Eltham",Eltham and Chislehurst
SE3 9AB,51.463964,0.019168,Greenwich,Blackheath Westcombe,Eltham and Chislehurst
SE2 9JP,51.493264,0.116467,Greenwich,Abbey Wood,Erith and Thamesmead
SE18 2NP,51.479388,0.093948,Greenwich,Plumstead Common,Erith and Thamesmead
SE2 9PD,51.495476,0.110015,Greenwich,Abbey Wood,Erith and Thamesmead
SE3 9GJ,51.461191,0.022444,Greenwich,Kidbrooke Village & Sutcliffe,Eltham and Chislehurst
SE18 5LP,51.490741,0.053513,Greenwich,Woolwich Dockyard,Greenwich and Woolwich
SE18 7EX,51.487143,0.076024,Greenwich,Woolwich Common,Erith and Thamesmead
SE28 8AR,51.502533,0.1156,Greenwich,Thamesmead Moorings,Erith and Thamesmead
SE28 0EA,51.494056,0.082778,Greenwich,West Thamesmead,Erith and Thamesmead
SE28 8DT,51.508016,0.113275,Greenwich,Thamesmead Moorings,Erith and Thamesmead
SE18 7JJ,51.483956,0.071141,Greenwich,Woolwich Common,Greenwich and Woolwich
SE18 2QQ,51.479253,0.085833,Greenwich,Plumstead Common,Erith and Thamesmead
SE18 5DL,51.488555,0.060776,Greenwich,Woolwich Dockyard,Greenwich and Woolwich
SE7 7EF,51.477634,0.036809,Greenwich,Charlton Hornfair,Eltham and Chislehurst
SE10 0DZ,51.487437,0.007026,Greenwich,East Greenwich,Greenwich and Woolwich
SE18 3RS,51.469838,0.060897,Greenwich,Shooters Hill,Erith and Thamesmead
SE9 1TR,51.451311,0.056925,Greenwich,Eltham Town & Avery Hill,Eltham and Chislehurst
SE7 7HR,51.48143,0.028408,Greenwich,Charlton Hornfair,Greenwich and Woolwich
SE10 9AN,51.48629,0.005737,Greenwich,East Greenwich,Greenwich and Woolwich
SE18 7RL,51.482415,0.074412,Greenwich,Woolwich Common,Erith and Thamesmead
SE18 5PW,51.491373,0.061076,Greenwich,Woolwich Dockyard,Greenwich and Woolwich
SE9 1UF,51.453534,0.063991,Greenwich,Eltham Town & Avery Hill,Eltham and Chislehurst
SE18 7QG,51.488479,0.08539,Greenwich,Plumstead & Glyndon,Erith and Thamesmead
SE10 9RB,51.481727,-0.012553,Greenwich,Greenwich Creekside,Greenwich and Woolwich
SE18 7BN,51.486614,0.068855,Greenwich,Woolwich Common,Greenwich and Woolwich
SE9 6NS,51.462582,0.044921,Greenwich,Eltham Page,Eltham and Chislehurst
SE2 9LY,51.49156,0.104201,Greenwich,Abbey Wood,Erith and Thamesmead
SE3 9YX,51.459948,0.030393,Greenwich,Kidbrooke Village & Sutcliffe,Eltham and Chislehurst
SE18 3SJ,51.480271,0.065947,Greenwich,Shooters Hill,Greenwich and Woolwich
SE28 8GB,51.500964,0.113366,Greenwich,Thamesmead Moorings,Erith and Thamesmead
SE28 8LW,51.508975,0.117916,Greenwich,Thamesmead Moorings,Erith and Thamesmead
SE9 5EE,51.450912,0.04581,Greenwich,Middle Park & Horn Park,Eltham and Chislehurst
SE18 1QF,51.48191,0.084644,Greenwich,Plumstead & Glyndon,Erith and Thamesmead
SE18 4LD,51.473102,0.061462,Greenwich,Shooters Hill,Erith and Thamesmead
SE3 8EP,51.468985,0.04129,Greenwich,Kidbrooke Park,Eltham and Chislehurst
SE2 9AJ,,,,,
SE28 8AT,51.503205,0.108758,Greenwich,Thamesmead Moorings,Erith and Thamesmead
SE9 5EQ,51.451383,0.03944,Greenwich,Middle Park & Horn Park,Eltham and Chislehurst
SE9 2QN,,,,,
SE3 9PX,51.466176,0.02645,Greenwich,Kidbrooke Village & Sutcliffe,Eltham and Chislehurst
SE3 7QR,51.478692,0.00932,Greenwich,Blackheath Westcombe,Greenwich and Woolwich
SE10 8HN,51.475785,-0.005784,Greenwich,Greenwich Park,Greenwich and Woolwich
SE2 0XX,51.480275,0.103667,Greenwich,Plumstead Common,Erith and Thamesmead
SE3 8SY,51.475961,0.027446,Greenwich,Charlton Hornfair,Eltham and Chislehurst
SE9 2SU,51.447364,0.062504,Greenwich,Eltham Town & Avery Hill,Eltham and Chislehurst
SE28 8AS,51.505195,0.111098,Greenwich,Thamesmead Moorings,Erith and Thamesmead
SE3 7TH,51.474732,0.017383,Greenwich,Blackheath Westcombe,Greenwich and Woolwich
SE3 0NJ,51.472423,0.015668,Greenwich,Blackheath Westcombe,Greenwich and Woolwich
SE12 8UF,51.45574,0.019396,Greenwich,Kidbrooke Village & Sutcliffe,Eltham and Chislehurst
SE9 3QS,51.435745,0.066584,Greenwich,"Mottingham, Coldharbour & New Eltham",Eltham and Chislehurst
SE12 8AW,51.449899,0.021772,Greenwich,Middle Park & Horn Park,Eltham and Chislehurst
SE3 0TG,51.466791,0.010064,Lewisham,Blackheath,Lewisham North
SE7 8HX,51.481696,0.046251,Greenwich,Charlton Village & Riverside,Greenwich and Woolwich
SE18 2JD,51.472839,0.091027,Greenwich,Plumstead Common,Erith and Thamesmead
SE10 9UP,51.484193,0.002145,Greenwich,East Greenwich,Greenwich and Woolwich
SE18 7NB,51.487342,0.081046,Greenwich,Plumstead & Glyndon,Erith and Thamesmead
SE2 0HY,51.487045,0.101732,Greenwich,Plumstead & Glyndon,Erith and Thamesmead
E9 5BY,51.543255,-0.041398,Hackney,Hackney Wick,Hackney South and Shoreditch
N1 5RF,51.535902,-0.08069,Hackney,Hoxton East & Shoreditch,Hackney South and Shoreditch
N16 9EX,51.557889,-0.084583,Hackney,Clissold,Hackney North and Stoke Newington
E8 1AS,51.548766,-0.062451,Hackney,Hackney Central,Hackney South and Shoreditch
N16 7AU,51.558299,-0.065162,Hackney,Hackney Downs,Hackney North and Stoke Newington
E9 6HB,51.546491,-0.04511,Hackney,Homerton,Hackney South and Shoreditch
N1 5JD,51.533779,-0.080649,Hackney,Hoxton East & Shoreditch,Hackney South and Shoreditch
E8 2LG,51.549122,-0.072547,Hackney,Dalston,Hackney South and Shoreditch
N16 6DH,51.575164,-0.064317,Hackney,Springfield,Hackney North and Stoke Newington
E5 0EG,51.552359,-0.037848,Hackney,King's Park,Hackney North and Stoke Newington
E8 3DY,51.544685,-0.074003,Hackney,Dalston,Hackney South and Shoreditch
E9 5ND,51.546154,-0.025466,Hackney,Hackney Wick,Hackney South and Shoreditch
E8 3EN,51.542366,-0.062578,Hackney,London Fields,Hackney South and Shoreditch
E2 8BA,51.535661,-0.072639,Hackney,Haggerston,Hackney South and Shoreditch
E9 7JS,51.53688,-0.046848,Hackney,Victoria,Hackney South and Shoreditch
E8 3RL,51.537505,-0.059006,Hackney,London Fields,Hackney South and Shoreditch
E5 0SH,51.555869,-0.05094,Hackney,Lea Bridge,Hackney North and Stoke Newington
E9 6LL,51.546505,-0.050258,Hackney,Homerton,Hackney South and Shoreditch
E5 8RN,51.562658,-0.065035,Hackney,Hackney Downs,Hackney North and Stoke Newington
E9 7BB,51.540846,-0.049029,Hackney,Victoria,Hackney South and Shoreditch
E8 4ET,51.539288,-0.071722,Hackney,London Fields,Hackney South and Shoreditch
E2 8JG,51.533378,-0.074855,Hackney,Haggerston,Hackney South and Shoreditch
E5 0EY,51.554419,-0.046501,Hackney,Lea Bridge,Hackney North and Stoke Newington
N16 8DF,51.552781,-0.077412,Hackney,Shacklewell,Hackney North and Stoke Newington
E2 8QH,51.533367,-0.065455,Hackney,Haggerston,Hackney South and Shoreditch
E8 2EA,51.552827,-0.071496,Hackney,Shacklewell,Hackney North and Stoke Newington
E5 9NL,51.56344,-0.053603,Hackney,Lea Bridge,Hackney North and Stoke Newington
N1 7HA,51.533473,-0.091678,Hackney,Hoxton West,Hackney South and Shoreditch
N16 6LR,51.568579,-0.066342,Hackney,Cazenove,Hackney North and Stoke Newington
N1 5JN,51.535024,-0.085831,Hackney,Hoxton East & Shoreditch,Hackney South and Shoreditch
N16 0NX,51.561805,-0.074925,Hackney,Stoke Newington,Hackney North and Stoke Newington
N4 1SY,51.573155,-0.090984,Hackney,Woodberry Down,Tottenham
E9 5PP,51.553831,-0.034986,Hackney,King's Park,Hackney North and Stoke Newington
N16 5ED,51.570796,-0.081415,Hackney,Woodberry Down,Tottenham
N16 9PD,51.555531,-0.083874,Hackney,Clissold,Hackney North and Stoke Newington
N16 6NR,51.566072,-0.065915,Hackney,Cazenove,Hackney North and Stoke Newington
E5 8NA,51.555978,-0.060774,Hackney,Hackney Downs,Hackney North and Stoke Newington
E5 8DN,51.557773,-0.05839,Hackney,Hackney Downs,Hackney North and Stoke Newington
E5 9JG,51.566673,-0.054418,Hackney,Springfield,Hackney North and Stoke Newington
N16 5PU,51.570255,-0.074208,Hackney,Stamford Hill West,Hackney North and Stoke Newington
N16 0QP,51.564196,-0.083106,Hackney,Stoke Newington,Hackney North and Stoke Newington
N4 2HQ,51.565071,-0.099287,Hackney,Brownswood,Tottenham
E5 0BT,51.55714,-0.040325,Hackney,King's Park,Hackney North and Stoke Newington
E9 6DU,51.547587,-0.050457,Hackney,Homerton,Hackney South and Shoreditch
N1 4JB,51.544943,-0.08041,Hackney,De Beauvoir,Islington South and Finsbury
E9 5SR,51.545651,-0.039982,Hackney,Hackney Wick,Hackney South and Shoreditch
N1 6JG,51.530874,-0.083958,Hackney,Hoxton West,Hackney South and Shoreditch
N16 8DD,51.552497,-0.079328,Hackney,Clissold,Hackney North and Stoke Newington
N1 6QN,51.528418,-0.080586,Hackney,Hoxton East & Shoreditch,Hackney South and Shoreditch
E8 4PB,51.537869,-0.064701,Hackney,Haggerston,Hackney South and Shoreditch
E9 7JF,51.540082,-0.050129,Hackney,Victoria,Hackney South and Shoreditch
N16 0JT,51.56209,-0.081925,Hackney,Clissold,Hackney North and Stoke Newington
N16 0QJ,51.564738,-0.084887,Hackney,Clissold,Hackney North and Stoke Newington
E5 8BS,51.558536,-0.059944,Hackney,Hackney Downs,Hackney North and Stoke Newington
N16 6PD,51.5654,-0.069334,Hackney,Cazenove,Hackney North and Stoke Newington
E5 8NP,51.552754,-0.059411,Hackney,Hackney Downs,Hackney North and Stoke Newington
E2 8LS,51.532387,-0.071466,Hackney,Haggerston,Hackney South and Shoreditch
E5 0RB,51.554717,-0.051956,Hackney,Lea Bridge,Hackney North and Stoke Newington
E9 6EB,,,,,
E8 2EY,51.551707,-0.071716,Hackney,Shacklewell,Hackney North and Stoke Newington
N16 5AF,51.574273,-0.075207,Hackney,Springfield,Hackney North and Stoke Newington
N16 5RS,51.572633,-0.073371,Hackney,Springfield,Hackney North and Stoke Newington
E9 6NR,51.544467,-0.052595,Hackney,Homerton,Hackney South and Shoreditch
E9 6LG,51.546787,-0.046684,Hackney,Homerton,Hackney South and Shoreditch
N16 6XJ,,,,,
N16 5AE,51.574133,-0.074318,Hackney,Springfield,Hackney North and Stoke Newington
N16 5DU,51.571366,-0.081102,Hackney,Woodberry Down,Tottenham
N16 6AX,51.566037,-0.064343,Hackney,Cazenove,Hackney North and Stoke Newington
N16 5RP,51.572236,-0.073273,Hackney,Stamford Hill West,Hackney North and Stoke Newington
N16 5DL,51.574504,-0.079945,Hackney,Woodberry Down,Tottenham
E5 9SN,51.572357,-0.065345,Hackney,Springfield,Hackney North and Stoke Newington
N16 6XD,51.566614,-0.069889,Hackney,Cazenove,Hackney North and Stoke Newington
N16 6XB,51.567169,-0.070312,Hackney,Cazenove,Hackney North and Stoke Newington
N16 5AR,51.574927,-0.083853,Hackney,Woodberry Down,Tottenham
N16 6UE,51.574274,-0.070373,Hackney,Springfield,Hackney North and Stoke Newington
N16 5NH,51.568389,-0.081617,Hackney,Stamford Hill West,Hackney North and Stoke Newington
N16 6JJ,51.566964,-0.06276,Hackney,Cazenove,Hackney North and Stoke Newington
E5 0JP,51.556144,-0.043138,Hackney,King's Park,Hackney North and Stoke Newington
N16 6AB,51.565302,-0.06726,Hackney,Cazenove,Hackney North and Stoke Newington
E14 9XP,51.498627,-0.018041,Tower Hamlets,Canary Wharf,Poplar and Limehouse
E8 3DL,51.546913,-0.074947,Hackney,Dalston,Hackney South and Shoreditch
E5 9NA,51.565203,-0.051984,Hackney,Lea Bridge,Hackney North and Stoke Newington
N16 7AA,51.563783,-0.069446,Hackney,Cazenove,Hackney North and Stoke Newington
E5 8QP,51.555701,-0.061969,Hackney,Hackney Downs,Hackney North and Stoke Newington
N1 7RD,51.529513,-0.088182,Hackney,Hoxton West,Hackney South and Shoreditch
N16 8BZ,51.554164,-0.078435,Hackney,Shacklewell,Hackney North and Stoke Newington
E9 5RB,51.546603,-0.036682,Hackney,Hackney Wick,Hackney South and Shoreditch
W14 9PA,51.485581,-0.203477,Hammersmith and Fulham,West Kensington,Chelsea and Fulham
SW6 5ED,51.475256,-0.210435,Hammersmith and Fulham,Munster,Chelsea and Fulham
W12 7PH,51.510667,-0.231644,Hammersmith and Fulham,White City,Hammersmith and Chiswick
W12 9JA,51.502621,-0.23478,Hammersmith and Fulham,Coningham,Hammersmith and Chiswick
W14 9BH,51.492131,-0.213073,Hammersmith and Fulham,Avonmore,Hammersmith and Chiswick
W6 8PF,51.483979,-0.21453,Hammersmith and Fulham,Fulham Reach,Chelsea and Fulham
SW6 3LF,51.469872,-0.210617,Hammersmith and Fulham,Palace & Hurlingham,Chelsea and Fulham
SW6 6HB,51.475103,-0.219844,Hammersmith and Fulham,Palace & Hurlingham,Chelsea and Fulham
W14 0DT,51.500295,-0.218329,Hammersmith and Fulham,Addison,Hammersmith and Chiswick
W14 8SH,51.495211,-0.208703,Hammersmith and Fulham,Avonmore,Hammersmith and Chiswick
W12 7AJ,51.515346,-0.231823,Hammersmith and Fulham,College Park & Old Oak,Ealing Central and Acton
W6 0BA,51.49984,-0.232251,Hammersmith and Fulham,Grove,Hammersmith and Chiswick
W12 7PT,51.512593,-0.22935,Hammersmith and Fulham,White City,Hammersmith and Chiswick
W12 8JJ,51.504863,-0.22903,Hammersmith and Fulham,Shepherd's Bush Green,Hammersmith and Chiswick
W12 7BP,,,,,
W6 7PZ,51.498671,-0.22394,Hammersmith and Fulham,Addison,Hammersmith and Chiswick
SW6 1JU,51.483536,-0.197955,Hammersmith and Fulham,Lillie,Chelsea and Fulham
SW6 4LY,51.472094,-0.20418,Hammersmith and Fulham,Fulham Town,Chelsea and Fulham
NW10 6AL,51.531695,-0.235472,Hammersmith and Fulham,College Park & Old Oak,Ealing Central and Acton
SW6 2LG,51.472219,-0.188911,Hammersmith and Fulham,Sands End,Chelsea and Fulham
W6 9ER,51.486183,-0.221141,Hammersmith and Fulham,Fulham Reach,Chelsea and Fulham
W12 0AS,51.519434,-0.24654,Hammersmith and Fulham,College Park & Old Oak,Ealing Central and Acton
SW6 3AA,51.471185,-0.195345,Hammersmith and Fulham,Parsons Green & Sandford,Chelsea and Fulham
SW6 6ND,51.479844,-0.221762,Hammersmith and Fulham,Palace & Hurlingham,Chelsea and Fulham
SW6 7LN,51.483268,-0.2092,Hammersmith and Fulham,Munster,Chelsea and Fulham
SW6 3BN,51.472291,-0.199406,Hammersmith and Fulham,Parsons Green & Sandford,Chelsea and Fulham
W12 9LB,51.503751,-0.248382,Hammersmith and Fulham,Wendell Park,Hammersmith and Chiswick
W12 0SR,51.511443,-0.24016,Hammersmith and Fulham,Wormholt,Ealing Central and Acton
SW6 7SR,51.485262,-0.203159,Hammersmith and Fulham,West Kensington,Chelsea and Fulham
W12 9PT,51.503908,-0.236618,Hammersmith and Fulham,Coningham,Hammersmith and Chiswick
SW6 6ED,51.472859,-0.21361,Hammersmith and Fulham,Palace & Hurlingham,Chelsea and Fulham
SW6 4BL,51.475948,-0.197476,Hammersmith and Fulham,Parsons Green & Sandford,Chelsea and Fulham
W6 0UA,51.498552,-0.237502,Hammersmith and Fulham,Ravenscourt,Hammersmith and Chiswick
W6 8QE,51.484281,-0.209592,Hammersmith and Fulham,Fulham Reach,Chelsea and Fulham
W6 7JP,51.493446,-0.217948,Hammersmith and Fulham,Brook Green,Hammersmith and Chiswick
SW6 6AS,51.48187,-0.213633,Hammersmith and Fulham,Munster,Chelsea and Fulham
W14 0LT,51.498937,-0.215933,Hammersmith and Fulham,Brook Green,Hammersmith and Chiswick
W6 9BP,51.490636,-0.227176,Hammersmith and Fulham,Hammersmith Broadway,Hammersmith and Chiswick
W6 9BA,51.492048,-0.240936,Hammersmith and Fulham,Ravenscourt,Hammersmith and Chiswick
W12 8LH,51.50557,-0.227576,Hammersmith and Fulham,Shepherd's Bush Green,Hammersmith and Chiswick
W12 9BY,51.502829,-0.245622,Hammersmith and Fulham,Wendell Park,Hammersmith and Chiswick
W12 7QT,51.511498,-0.233673,Hammersmith and Fulham,White City,Hammersmith and Chiswick
W6 8DH,,,,,
SW6 7HB,51.481763,-0.206652,Hammersmith and Fulham,Munster,Chelsea and Fulham
SW6 6SN,51.477784,-0.215203,Hammersmith and Fulham,Munster,Chelsea and Fulham
W12 0RQ,51.513162,-0.237875,Hammersmith and Fulham,Wormholt,Ealing Central and Acton
SW6 6BP,51.481374,-0.214185,Hammersmith and Fulham,Munster,Chelsea and Fulham
SW6 3ED,51.467822,-0.1965,Hammersmith and Fulham,Palace & Hurlingham,Chelsea and Fulham
W12 0HR,51.518923,-0.229868,Hammersmith and Fulham,College Park & Old Oak,Ealing Central and Acton
W6 7DG,51.493572,-0.223331,Hammersmith and Fulham,Brook Green,Hammersmith and Chiswick
SW6 4UN,51.474182,-0.199619,Hammersmith and Fulham,Parsons Green & Sandford,Chelsea and Fulham
SW6 1RX,51.486225,-0.196193,Hammersmith and Fulham,Lillie,Chelsea and Fulham
W6 7BS,51.495132,-0.218833,Hammersmith and Fulham,Brook Green,Hammersmith and Chiswick
W6 7EA,51.495322,-0.221304,Hammersmith and Fulham,Brook Green,Hammersmith and Chiswick
W6 0PG,51.495309,-0.22992,Hammersmith and Fulham,Grove,Hammersmith and Chiswick
W6 9LR,51.492736,-0.237064,Hammersmith and Fulham,Ravenscourt,Hammersmith and Chiswick
W6 7BE,51.49612,-0.218795,Hammersmith and Fulham,Brook Green,Hammersmith and Chiswick
SW6 4QT,51.476185,-0.201211,Hammersmith and Fulham,Fulham Town,Chelsea and Fulham
W6 0SL,51.493754,-0.237759,Hammersmith and Fulham,Ravenscourt,Hammersmith and Chiswick
SW6 6DA,51.47787,-0.210808,Hammersmith and Fulham,Munster,Chelsea and Fulham
SW6 2NB,51.471923,-0.190737,Hammersmith and Fulham,Sands End,Chelsea and Fulham
W6 9JT,51.492497,-0.233097,Hammersmith and Fulham,Hammersmith Broadway,Hammersmith and Chiswick
SW6 1QR,51.482112,-0.197709,Hammersmith and Fulham,Lillie,Chelsea and Fulham
W12 0NW,51.507523,-0.242617,Hammersmith and Fulham,Wormholt,Ealing Central and Acton
W12 0TN,51.518923,-0.229868,Hammersmith and Fulham,College Park & Old Oak,Ealing Central and Acton
W12 7PA,51.510232,-0.230796,Hammersmith and Fulham,White City,Hammersmith and Chiswick
W12 0SP,51.511684,-0.236476,Hammersmith and Fulham,Wormholt,Ealing Central and Acton
W14 9LY,51.488771,-0.204447,Hammersmith and Fulham,West Kensington,Chelsea and Fulham
N19 3SF,51.57208,-0.125792,Islington,Hillrise,Islington North
N1 0UH,51.536341,-0.120585,Islington,Caledonian,Islington South and Finsbury
N4 3RB,51.566445,-0.113673,Islington,Tollington,Islington North
N7 8RH,51.547897,-0.113315,Islington,Laycock,Islington South and Finsbury
N1 0HN,51.537763,-0.108327,Islington,Barnsbury,Islington South and Finsbury
N1 3AG,,,,,
N1 1HX,51.540335,-0.10946,Islington,Barnsbury,Islington South and Finsbury
N7 9QJ,51.545124,-0.119848,Islington,Caledonian,Islington South and Finsbury
N1 2AQ,,,,,
N19 4RR,51.56006,-0.131596,Islington,Junction,Islington North
N7 8EE,51.550759,-0.113471,Islington,Laycock,Islington South and Finsbury
N4 2DR,51.562126,-0.100694,Islington,Finsbury Park,Islington North
N1 2UT,51.545009,-0.101565,Islington,Laycock,Islington South and Finsbury
N1 8RF,,,,,
N1 0WF,51.535724,-0.118519,Islington,Caledonian,Islington South and Finsbury
N5 1PJ,51.551551,-0.105721,Islington,Highbury,Islington North
N19 4JA,51.566993,-0.123679,Islington,Hillrise,Islington North
N5 1LH,51.559721,-0.100996,Islington,Arsenal,Islington North
N7 6AR,51.559388,-0.119389,Islington,Tollington,Islington North
N1 8BD,51.532981,-0.099038,Islington,St Peter's & Canalside,Islington South and Finsbury
N19 5BS,51.564286,-0.140051,Islington,Junction,Islington North
EC1R 1YR,,,,,
N1 1SW,51.544512,-0.104701,Islington,Laycock,Islington South and Finsbury
N7 7QT,51.560973,-0.115068,Islington,Finsbury Park,Islington North
EC1Y 8RX,,,,,
EC1V 8BB,51.528599,-0.09997,Islington,St Peter's & Canalside,Islington South and Finsbury
N16 8NP,51.551921,-0.083636,Islington,Mildmay,Islington North
N7 6DU,51.559499,-0.114537,Islington,Finsbury Park,Islington North
N1 0EH,51.534701,-0.108065,Islington,Barnsbury,Islington South and Finsbury
N4 3NW,51.564922,-0.112308,Islington,Finsbury Park,Islington North
N1 3EE,51.538501,-0.090055,Islington,Canonbury,Islington South and Finsbury
N1 2GG,51.542417,-0.101428,Islington,St Mary's & St James',Islington South and Finsbury
N1 9AZ,51.533383,-0.118371,Islington,Caledonian,Islington South and Finsbury
N7 0HJ,51.554338,-0.129724,Islington,Tufnell Park,Islington North
N5 2DP,51.553943,-0.091846,Islington,Mildmay,Islington North
N8 9EG,51.574506,-0.121739,Islington,Hillrise,Islington North
N19 3BH,51.571917,-0.132495,Islington,Hillrise,Islington North
EC1Y 8JA,51.521927,-0.093343,Islington,Bunhill,Islington South and Finsbury
N7 9LF,51.548694,-0.126566,Islington,Holloway,Islington South and Finsbury
EC1R 1UN,51.528677,-0.110376,Islington,Clerkenwell,Islington South and Finsbury
N7 8JN,51.550222,-0.113623,Islington,Laycock,Islington South and Finsbury
N1 8BL,51.533953,-0.104044,Islington,St Peter's & Canalside,Islington South and Finsbury
N19 5RR,51.56265,-0.131605,Islington,Junction,Islington North
N5 1DL,51.558278,-0.100161,Islington,Arsenal,Islington North
N19 5NE,51.567449,-0.138767,Islington,Junction,Islington North
N1 4AZ,51.54815,-0.079064,Islington,Mildmay,Islington North
EC1V 3SJ,51.526544,-0.091939,Islington,Bunhill,Islington South and Finsbury
N19 4JF,51.564359,-0.120916,Islington,Tollington,Islington North
N7 8PG,51.547651,-0.109763,Islington,Laycock,Islington South and Finsbury
N1 2EP,51.539352,-0.099854,Islington,St Mary's & St James',Islington South and Finsbury
EC1V 0EU,51.524972,-0.100914,Islington,Bunhill,Islington South and Finsbury
N1 0LB,51.538187,-0.114596,Islington,Barnsbury,Islington South and Finsbury
N5 2UX,51.556611,-0.096076,Islington,Highbury,Islington North
N4 3QW,51.566881,-0.113929,Islington,Tollington,Islington North
N1 0UF,51.536613,-0.11906,Islington,Caledonian,Islington South and Finsbury
N5 2EQ,51.549004,-0.097778,Islington,Mildmay,Islington North
N7 0JG,51.553081,-0.129329,Islington,Tufnell Park,Islington North
N1 8PQ,51.535947,-0.097833,Islington,St Mary's & St James',Islington South and Finsbury
N5 1AR,51.552805,-0.1015,Islington,Highbury,Islington North
N4 3LS,51.567108,-0.115752,Islington,Tollington,Islington North
N1 9QG,51.532955,-0.113587,Islington,Barnsbury,Islington South and Finsbury
EC2A 4SH,51.525211,-0.085753,Islington,Bunhill,Islington South and Finsbury
N6 5LY,51.569821,-0.138642,Islington,Junction,Islington North
N19 3EU,51.567974,-0.12941,Islington,Hillrise,Islington North
EC1M 7AJ,51.522458,-0.097819,Islington,Bunhill,Islington South and Finsbury
EC1V 0BW,51.524641,-0.100452,Islington,Bunhill,Islington South and Finsbury
EC1M 6EA,51.520377,-0.098684,City of London,Farringdon Within,Cities of London and Westminster
N5 2TE,51.558701,-0.09635,Islington,Highbury,Islington North
N4 4BY,51.572172,-0.118631,Islington,Hillrise,Islington North
N1 7QG,51.5309,-0.091598,Hackney,Hoxton West,Hackney South and Shoreditch
N1 8RE,51.535998,-0.098205,Islington,St Mary's & St James',Islington South and Finsbury
N1 8AF,51.535127,-0.101587,Islington,St Peter's & Canalside,Islington South and Finsbury
N5 2EG,51.549801,-0.096476,Islington,Mildmay,Islington North
N19 4AB,51.565612,-0.131859,Islington,Junction,Islington North
N1 8PW,51.53792,-0.093626,Islington,St Mary's & St James',Islington South and Finsbury
W10 5TN,51.52053,-0.206613,Kensington and Chelsea,Golborne,Kensington and Bayswater
W11 4EE,51.510892,-0.214428,Kensington and Chelsea,Notting Dale,Kensington and Bayswater
SW3 5JE,51.485037,-0.170025,Kensington and Chelsea,Chelsea Riverside,Chelsea and Fulham
W10 6TT,51.513079,-0.219257,Kensington and Chelsea,Notting Dale,Kensington and Bayswater
SW10 0DT,51.481822,-0.177802,Kensington and Chelsea,Chelsea Riverside,Chelsea and Fulham
W10 6DW,51.523628,-0.214002,Kensington and Chelsea,Dalgarno,Kensington and Bayswater
W10 5TW,51.521326,-0.208139,Kensington and Chelsea,Golborne,Kensington and Bayswater
SW5 0DJ,51.490072,-0.186173,Kensington and Chelsea,Redcliffe,Chelsea and Fulham
W11 2DF,51.514639,-0.203645,Kensington and Chelsea,Colville,Kensington and Bayswater
W8 7PP,51.507491,-0.196678,Kensington and Chelsea,Campden,Kensington and Bayswater
SW3 3AP,51.492679,-0.165887,Kensington and Chelsea,Brompton & Hans Town,Kensington and Bayswater
W10 5DB,51.526032,-0.211255,Kensington and Chelsea,Golborne,Kensington and Bayswater
W10 6NF,51.517392,-0.216667,Kensington and Chelsea,St. Helen's,Kensington and Bayswater
SW10 0AY,51.484153,-0.177954,Kensington and Chelsea,Stanley,Chelsea and Fulham
W11 1RQ,51.514913,-0.210365,Kensington and Chelsea,Norland,Kensington and Bayswater
SW3 4AA,51.485497,-0.164332,Kensington and Chelsea,Royal Hospital,Chelsea and Fulham
SW1X 9DE,51.493299,-0.156671,Kensington and Chelsea,Royal Hospital,Chelsea and Fulham
SW3 6QH,51.490617,-0.170292,Kensington and Chelsea,Stanley,Chelsea and Fulham
W10 5EF,51.523778,-0.208489,Kensington and Chelsea,Golborne,Kensington and Bayswater
W8 6EJ,51.4979,-0.198152,Kensington and Chelsea,Abingdon,Kensington and Bayswater
W11 4BJ,51.512216,-0.216913,Kensington and Chelsea,Notting Dale,Kensington and Bayswater
W11 4PG,51.509069,-0.211041,Kensington and Chelsea,Norland,Kensington and Bayswater
SW3 2QT,51.492843,-0.161991,Kensington and Chelsea,Royal Hospital,Chelsea and Fulham
W8 4SP,51.501913,-0.191855,Kensington and Chelsea,Campden,Kensington and Bayswater
SW5 9UE,51.489441,-0.193631,Kensington and Chelsea,Earl's Court,Kensington and Bayswater
W10 5AW,51.525081,-0.210774,Kensington and Chelsea,Golborne,Kensington and Bayswater
SW10 9NA,51.485033,-0.183046,Kensington and Chelsea,Redcliffe,Chelsea and Fulham
W8 7AF,51.504889,-0.200599,Kensington and Chelsea,Campden,Kensington and Bayswater
SW3 2QS,51.492899,-0.162147,Kensington and Chelsea,Royal Hospital,Chelsea and Fulham
W10 6EL,51.520635,-0.214119,Kensington and Chelsea,St. Helen's,Kensington and Bayswater
SW7 5AQ,51.492836,-0.179437,Kensington and Chelsea,Courtfield,Kensington and Bayswater
W10 6EB,51.52172,-0.213918,Kensington and Chelsea,St. Helen's,Kensington and Bayswater
W14 8BZ,51.503873,-0.211792,Kensington and Chelsea,Holland,Kensington and Bayswater
SW10 9JH,51.485982,-0.186292,Kensington and Chelsea,Redcliffe,Chelsea and Fulham
SW7 5JX,51.494055,-0.179143,Kensington and Chelsea,Courtfield,Kensington and Bayswater
SW6 5PA,51.477046,-0.202776,Hammersmith and Fulham,Fulham Town,Chelsea and Fulham
W11 4UH,51.505896,-0.211727,Kensington and Chelsea,Norland,Kensington and Bayswater
SW7 5LE,51.494807,-0.17835,Kensington and Chelsea,Courtfield,Kensington and Bayswater
SW7 2DG,51.495304,-0.176774,Kensington and Chelsea,Brompton & Hans Town,Kensington and Bayswater
W10 6JP,51.518287,-0.217584,Kensington and Chelsea,St. Helen's,Kensington and Bayswater
SW1X 0EA,51.494444,-0.161408,Kensington and Chelsea,Brompton & Hans Town,Kensington and Bayswater
W8 5RJ,51.499119,-0.185612,Kensington and Chelsea,Queen's Gate,Kensington and Bayswater
SW7 4NE,51.49276,-0.182638,Kensington and Chelsea,Courtfield,Kensington and Bayswater
SW3 2BQ,51.497122,-0.168763,Kensington and Chelsea,Brompton & Hans Town,Kensington and Bayswater
SW1X 0EP,51.497286,-0.160285,Kensington and Chelsea,Brompton & Hans Town,Kensington and Bayswater
W2 4ED,51.511314,-0.195562,Kensington and Chelsea,Pembridge,Kensington and Bayswater
SW7 4QB,51.49134,-0.180937,Kensington and Chelsea,Courtfield,Kensington and Bayswater
SW1X 0AA,51.497344,-0.159433,Kensington and Chelsea,Brompton & Hans Town,Kensington and Bayswater
SW3 4TW,51.489774,-0.157851,Kensington and Chelsea,Royal Hospital,Chelsea and Fulham
W4 3DT,51.487211,-0.27307,Hounslow,Chiswick Riverside,Hammersmith and Chiswick
SW7 5QH,51.49799,-0.182977,Kensington and Chelsea,Queen's Gate,Kensington and Bayswater
SW7 5JP,51.495778,-0.179521,Kensington and Chelsea,Queen's Gate,Kensington and Bayswater
SE1 7FX,51.50028,-0.116061,Lambeth,Waterloo & South Bank,Vauxhall and Camberwell Green
SW11 3JB,51.474312,-0.174256,Wandsworth,St Mary's,Battersea
W2 4EH,51.511472,-0.194186,Kensington and Chelsea,Pembridge,Kensington and Bayswater
W10 5SZ,51.520357,-0.208826,Kensington and Chelsea,Golborne,Kensington and Bayswater
SW1X 0BD,51.496596,-0.1622,Kensington and Chelsea,Brompton & Hans Town,Kensington and Bayswater
W8 5PR,51.498453,-0.187353,Kensington and Chelsea,Queen's Gate,Kensington and Bayswater
SW3 5JP,51.484639,-0.171006,Kensington and Chelsea,Chelsea Riverside,Chelsea and Fulham
W2 4AT,51.511719,-0.189795,Westminster,Bayswater,Kensington and Bayswater
W8 4PL,51.502799,-0.190379,Kensington and Chelsea,Campden,Kensington and Bayswater
SW3 6AH,51.48575,-0.175355,Kensington and Chelsea,Stanley,Chelsea and Fulham
SW5 0HL,51.492179,-0.188668,Kensington and Chelsea,Courtfield,Kensington and Bayswater
SW7 5AB,51.493244,-0.179075,Kensington and Chelsea,Courtfield,Kensington and Bayswater
W1B 1NJ,51.520829,-0.144907,Westminster,West End,Cities of London and Westminster
W11 3BU,51.510309,-0.19808,Kensington and Chelsea,Pembridge,Kensington and Bayswater
SW7 1ND,51.500184,-0.172531,Westminster,Knightsbridge & Belgravia,Cities of London and Westminster
EC3N 2ET,51.513081,-0.076475,City of London,Tower,Cities of London and Westminster
W10 6EJ,51.519743,-0.216936,Kensington and Chelsea,St. Helen's,Kensington and Bayswater
SW10 9UZ,51.482818,-0.185799,Kensington and Chelsea,Stanley,Chelsea and Fulham
SW10 9NH,51.484309,-0.18162,Kensington and Chelsea,Stanley,Chelsea and Fulham
SW2 1PL,51.4567,-0.109881,Lambeth,Brixton Windrush,Dulwich and West Norwood
SE11 6BG,51.490997,-0.112007,Lambeth,Kennington,Vauxhall and Camberwell Green
SW4 8EG,51.451563,-0.131049,Lambeth,Clapham Park,Clapham and Brixton Hill
SW2 2RW,51.4477,-0.120039,Lambeth,Brixton Rush Common,Clapham and Brixton Hill
SE27 9BZ,51.438563,-0.103824,Lambeth,St Martin's,Dulwich and West Norwood
SW8 1NT,51.482015,-0.114913,Lambeth,Oval,Vauxhall and Camberwell Green
SW4 9LB,51.453249,-0.140365,Lambeth,Clapham Common & Abbeville,Clapham and Brixton Hill
SE5 9RN,,,,,
SW4 0BZ,51.464631,-0.137915,Lambeth,Clapham Town,Clapham and Brixton Hill
SW9 6HF,51.474672,-0.110708,Lambeth,Myatt's Fields,Vauxhall and Camberwell Green
SE27 9TG,,,,,
SW16 5AN,51.414205,-0.141705,Lambeth,Streatham Common & Vale,Streatham and Croydon North
SW4 7EP,51.461167,-0.130484,Lambeth,Clapham East,Clapham and Brixton Hill
SW8 3EH,51.470118,-0.143149,Lambeth,Clapham Town,Clapham and Brixton Hill
SW12 0JA,51.444744,-0.142782,Lambeth,Streatham Hill West & Thornton,Clapham and Brixton Hill
SE11 5BZ,51.484709,-0.111864,Lambeth,Kennington,Vauxhall and Camberwell Green
SW16 2JQ,51.435479,-0.115563,Lambeth,Streatham Hill East,Streatham and Croydon North
SE24 0BJ,51.460033,-0.101337,Lambeth,Herne Hill & Loughborough Junction,Dulwich and West Norwood
SE1 7RH,51.500708,-0.11139,Lambeth,Waterloo & South Bank,Vauxhall and Camberwell Green
SE27 9RD,51.426891,-0.090052,Lambeth,Gipsy Hill,Dulwich and West Norwood
SW4 6PH,51.470667,-0.129563,Lambeth,Stockwell West & Larkhall,Clapham and Brixton Hill
SE19 1PA,51.422262,-0.080838,Southwark,Dulwich Wood,Dulwich and West Norwood
SW2 4JP,51.448089,-0.126931,Lambeth,Clapham Park,Clapham and Brixton Hill
SE21 8LX,51.446578,-0.096786,Lambeth,West Dulwich,Dulwich and West Norwood
SW4 7QD,51.461632,-0.121309,Lambeth,Brixton Acre Lane,Clapham and Brixton Hill
SW9 9TG,51.466433,-0.117326,Lambeth,Brixton North,Clapham and Brixton Hill
SW2 5EF,51.455963,-0.127285,Lambeth,Brixton Acre Lane,Clapham and Brixton Hill
SW16 2UW,51.429319,-0.12229,Lambeth,Streatham Wells,Streatham and Croydon North
SW12 0HW,51.442731,-0.137741,Lambeth,Streatham Hill West & Thornton,Clapham and Brixton Hill
SW2 2JE,51.452412,-0.113858,Lambeth,Brixton Rush Common,Clapham and Brixton Hill
SE11 5LG,51.489562,-0.11731,Lambeth,Vauxhall,Vauxhall and Camberwell Green
SE11 6DS,51.494086,-0.112859,Lambeth,Kennington,Vauxhall and Camberwell Green
SW16 5UQ,51.413163,-0.134974,Lambeth,Streatham Common & Vale,Streatham and Croydon North
SW8 2TJ,51.481294,-0.125456,Lambeth,Vauxhall,Vauxhall and Camberwell Green
SW4 8LD,51.453001,-0.132127,Lambeth,Clapham Park,Clapham and Brixton Hill
SW16 3HX,51.42343,-0.108996,Lambeth,Knight's Hill,Dulwich and West Norwood
SW2 3PW,51.442246,-0.113629,Lambeth,St Martin's,Clapham and Brixton Hill
SE27 9RR,51.431687,-0.092441,Lambeth,Gipsy Hill,Dulwich and West Norwood
SW4 6RP,51.472878,-0.127212,Lambeth,Stockwell West & Larkhall,Vauxhall and Camberwell Green
SW4 8BQ,51.456382,-0.129845,Lambeth,Clapham Common & Abbeville,Clapham and Brixton Hill
SW9 7UA,51.470204,-0.105205,Lambeth,Brixton North,Dulwich and West Norwood
SE27 0JF,51.430848,-0.105568,Lambeth,Knight's Hill,Dulwich and West Norwood
SW8 2HP,51.478656,-0.125867,Lambeth,Oval,Vauxhall and Camberwell Green
SW9 8QJ,51.475284,-0.110755,Lambeth,Myatt's Fields,Vauxhall and Camberwell Green
SW2 5EB,51.455759,-0.127423,Lambeth,Brixton Acre Lane,Clapham and Brixton Hill
SW9 8ND,51.460651,-0.109502,Lambeth,Brixton Windrush,Dulwich and West Norwood
SW2 3NJ,51.440221,-0.116317,Lambeth,Streatham Hill East,Streatham and Croydon North
SE11 4PH,51.491593,-0.109937,Lambeth,Kennington,Vauxhall and Camberwell Green
SW9 6HN,51.476231,-0.108124,Lambeth,Myatt's Fields,Vauxhall and Camberwell Green
SW2 3NF,51.44537,-0.121689,Lambeth,Brixton Rush Common,Clapham and Brixton Hill
SW4 0NU,51.463256,-0.147646,Lambeth,Clapham Town,Clapham and Brixton Hill
SW9 9DE,51.468348,-0.122329,Lambeth,Stockwell East,Clapham and Brixton Hill
SE5 0SX,51.478715,-0.103225,Southwark,Newington,Vauxhall and Camberwell Green
SW9 7HH,51.468054,-0.108519,Lambeth,Brixton North,Dulwich and West Norwood
SE24 0EL,51.454769,-0.105542,Lambeth,Herne Hill & Loughborough Junction,Dulwich and West Norwood
SW16 6NP,51.426871,-0.136271,Lambeth,Streatham St Leonard's,Streatham and Croydon North
SE27 0DZ,51.427127,-0.101233,Lambeth,Knight's Hill,Dulwich and West Norwood
SE11 5SL,51.484571,-0.117285,Lambeth,Oval,Vauxhall and Camberwell Green
SE24 0AY,51.462473,-0.097636,Lambeth,Herne Hill & Loughborough Junction,Dulwich and West Norwood
SW8 1EJ,51.479792,-0.122623,Lambeth,Oval,Vauxhall and Camberwell Green
SW2 2RL,51.447041,-0.118742,Lambeth,Brixton Rush Common,Clapham and Brixton Hill
SW9 0TQ,51.467131,-0.114288,Lambeth,Brixton North,Clapham and Brixton Hill
SE19 3NY,51.422729,-0.098467,Lambeth,Knight's Hill,Dulwich and West Norwood
SE11 5QY,51.486204,-0.119321,Lambeth,Vauxhall,Vauxhall and Camberwell Green
SW9 0AL,51.473868,-0.12,Lambeth,Stockwell East,Vauxhall and Camberwell Green
SW9 6UL,51.475977,-0.102388,Lambeth,Myatt's Fields,Vauxhall and Camberwell Green
SW12 0AB,51.447914,-0.144755,Lambeth,Clapham Park,Clapham and Brixton Hill
SE11 5JA,51.485126,-0.118803,Lambeth,Vauxhall,Vauxhall and Camberwell Green
SW2 5BL,51.456183,-0.12136,Lambeth,Brixton Acre Lane,Clapham and Brixton Hill
SW12 0LF,51.444947,-0.135176,Lambeth,Streatham Hill West & Thornton,Clapham and Brixton Hill
SW16 2ET,51.424321,-0.125788,Lambeth,Streatham Common & Vale,Streatham and Croydon North
SW16 5SL,51.41934,-0.131515,Lambeth,Streatham Common & Vale,Streatham and Croydon North
SW9 0EN,51.477503,-0.115056,Lambeth,Stockwell East,Vauxhall and Camberwell Green
SW9 0RD,51.474922,-0.115608,Lambeth,Stockwell East,Vauxhall and Camberwell Green
SW4 9QJ,51.45925,-0.138293,Lambeth,Clapham East,Clapham and Brixton Hill
SW16 2HY,51.424972,-0.118713,Lambeth,Streatham Wells,Streatham and Croydon North
SW16 2QB,51.433597,-0.121567,Lambeth,Streatham Wells,Streatham and Croydon North
SE11 5SR,,,,,
SW2 3UP,51.444152,-0.10968,Lambeth,St Martin's,Dulwich and West Norwood
SE1 9NA,51.50644,-0.10827,Lambeth,Waterloo & South Bank,Vauxhall and Camberwell Green
SE21 8HP,51.440631,-0.094414,Lambeth,West Dulwich,Dulwich and West Norwood
SE21 8HZ,51.439203,-0.100603,Lambeth,St Martin's,Dulwich and West Norwood
SW16 3QB,51.41883,-0.128256,Lambeth,Streatham Common & Vale,Streatham and Croydon North
SW2 3SJ,51.441791,-0.122267,Lambeth,Streatham Hill East,Streatham and Croydon North
SW16 1AW,51.434758,-0.137432,Lambeth,Streatham St Leonard's,Streatham and Croydon North
SW16 2NJ,51.435776,-0.123996,Lambeth,Streatham Hill East,Streatham and Croydon North
SE22 8PW,51.459451,-0.076673,Southwark,Goose Green,Lewisham West and East Dulwich
SW16 2BP,51.42912,-0.126167,Lambeth,Streatham Wells,Streatham and Croydon North
SW9 9QD,51.467001,-0.119088,Lambeth,Brixton North,Clapham and Brixton Hill
SE11 4AN,51.487324,-0.110646,Lambeth,Kennington,Vauxhall and Camberwell Green
SW4 9PA,51.455243,-0.130021,Lambeth,Clapham Park,Clapham and Brixton Hill
SW2 2EF,51.447941,-0.116575,Lambeth,Brixton Rush Common,Clapham and Brixton Hill
SE27 9DA,,,,,
SE24 0HY,51.462284,-0.100955,Lambeth,Herne Hill & Loughborough Junction,Dulwich and West Norwood
SW16 1AU,51.437117,-0.131926,Lambeth,Streatham St Leonard's,Streatham and Croydon North
SW2 5DW,,,,,
SE11 4UG,51.492843,-0.109943,Lambeth,Kennington,Vauxhall and Camberwell Green
SE8 5NH,51.484679,-0.034548,Lewisham,Evelyn,Lewisham North
SE4 2QQ,51.45858,-0.04304,Lewisham,Telegraph Hill,Lewisham North
SE6 2TS,51.442937,-0.019792,Lewisham,Catford South,Lewisham East
SE4 1JQ,51.452686,-0.025142,Lewisham,Ladywell,Lewisham North
SE26 4AQ,51.430748,-0.040446,Lewisham,Sydenham,Lewisham West and East Dulwich
SE6 3LD,51.433725,-0.024406,Lewisham,Bellingham,Lewisham East
SE12 0NB,51.444454,0.012595,Lewisham,Grove Park,Lewisham East
SE4 2BS,51.456837,-0.03776,Lewisham,Crofton Park,Lewisham West and East Dulwich
SE14 6DG,51.476974,-0.037875,Lewisham,Deptford,Lewisham North
SE12 0LF,51.437282,0.021229,Lewisham,Grove Park,Lewisham East
SE23 1AS,51.444049,-0.044222,Lewisham,Crofton Park,Lewisham West and East Dulwich
SE8 5RJ,51.488335,-0.038092,Lewisham,Evelyn,Lewisham North
SE14 5LY,51.470369,-0.04841,Lewisham,Telegraph Hill,Lewisham North
SE6 3EN,51.428627,-0.023921,Lewisham,Bellingham,Lewisham East
SE13 5JA,,,,,
SE6 1PQ,51.434203,0.003641,Lewisham,Hither Green,Lewisham East
SE4 1HQ,51.454788,-0.028247,Lewisham,Ladywell,Lewisham North
SE8 5LW,51.481134,-0.029616,Lewisham,Deptford,Lewisham North
SE26 5AD,51.428192,-0.036541,Lewisham,Bellingham,Lewisham East
SE13 6EH,51.451007,-0.005137,Lewisham,Hither Green,Lewisham East
SE6 4TP,51.447906,-0.022758,Lewisham,Rushey Green,Lewisham East
SE4 2DY,51.464206,-0.040712,Lewisham,Telegraph Hill,Lewisham North
SE26 6BB,51.432594,-0.062753,Lewisham,Forest Hill,Lewisham West and East Dulwich
SE14 5JA,51.474959,-0.050792,Lewisham,Telegraph Hill,Lewisham North
SE13 5LS,51.452352,0.001471,Lewisham,Lee Green,Lewisham East
SE8 4BL,51.47695,-0.031078,Lewisham,Deptford,Lewisham North
SE8 4QB,51.471789,-0.028464,Lewisham,Brockley,Lewisham North
SE12 9RA,51.429178,0.032755,Lewisham,Grove Park,Lewisham East
SE14 5RD,51.479996,-0.04869,Lewisham,New Cross Gate,Lewisham North
SE6 4NL,51.439922,-0.032484,Lewisham,Rushey Green,Lewisham East
SE6 2LA,51.442237,-0.016167,Lewisham,Catford South,Lewisham East
SE6 1NW,51.443111,-0.000372,Lewisham,Hither Green,Lewisham East
SE23 1NH,51.44949,-0.038895,Lewisham,Crofton Park,Lewisham West and East Dulwich
SE8 4RN,51.477049,-0.025242,Lewisham,Deptford,Lewisham North
SE6 1TG,51.436441,-0.003167,Lewisham,Catford South,Lewisham East
SE3 0TP,51.466188,0.006424,Lewisham,Blackheath,Lewisham North
SE23 3SB,51.446462,-0.054682,Lewisham,Forest Hill,Lewisham West and East Dulwich
SE26 4BU,51.436477,-0.06102,Lewisham,Forest Hill,Lewisham West and East Dulwich
SE8 5AE,51.486883,-0.04213,Lewisham,Evelyn,Lewisham North
SE4 1DF,51.470985,-0.030918,Lewisham,Brockley,Lewisham North
SE23 3BP,51.444147,-0.058796,Lewisham,Forest Hill,Lewisham West and East Dulwich
SE23 2PX,51.43606,-0.04675,Lewisham,Perry Vale,Lewisham West and East Dulwich
SE8 4DX,51.46965,-0.025864,Lewisham,Brockley,Lewisham North
SE12 8NA,51.451942,0.008592,Lewisham,Lee Green,Lewisham East
SE23 2SP,51.437722,-0.040176,Lewisham,Perry Vale,Lewisham West and East Dulwich
SE3 0TX,51.469337,0.00423,Lewisham,Blackheath,Lewisham North
SE4 2BB,51.458146,-0.038107,Lewisham,Crofton Park,Lewisham West and East Dulwich
SE23 2NE,51.439392,-0.051889,Lewisham,Perry Vale,Lewisham West and East Dulwich
SE23 3HZ,51.435309,-0.05671,Lewisham,Forest Hill,Lewisham West and East Dulwich
SE13 5SG,51.459601,0.005099,Lewisham,Blackheath,Lewisham North
SE6 3RD,51.42436,-0.016697,Lewisham,Bellingham,Lewisham East
SE26 4LJ,51.430993,-0.055124,Lewisham,Sydenham,Lewisham West and East Dulwich
SE14 6AD,51.474219,-0.038799,Lewisham,Brockley,Lewisham North
SE8 3PH,51.47875,-0.024232,Lewisham,Deptford,Lewisham North
SE13 6NX,51.45503,-0.015368,Lewisham,Ladywell,Lewisham North
SE26 4HH,51.429754,-0.041754,Lewisham,Sydenham,Lewisham West and East Dulwich
SE26 5SE,51.426431,-0.041465,Lewisham,Sydenham,Lewisham West and East Dulwich
SE13 6AL,51.459945,-0.010361,Lewisham,Lewisham Central,Lewisham North
SE8 4ED,51.470189,-0.023753,Lewisham,Brockley,Lewisham North
SE12 8NS,,,,,
SE13 5DZ,,,,,
SE23 1PS,51.444306,-0.03916,Lewisham,Crofton Park,Lewisham West and East Dulwich
SE12 0SJ,51.447734,0.009602,Lewisham,Lee Green,Lewisham East
SE6 2LD,51.442842,-0.016803,Lewisham,Catford South,Lewisham East
SE14 6AN,51.478251,-0.035732,Lewisham,Deptford,Lewisham North
SE26 4RD,51.43423,-0.058899,Lewisham,Forest Hill,Lewisham West and East Dulwich
SE6 2SE,51.433495,-0.011295,Lewisham,Catford South,Lewisham East
SE6 3QW,51.423142,-0.020763,Lewisham,Bellingham,Lewisham East
SE23 2XN,51.431914,-0.047776,Lewisham,Perry Vale,Lewisham West and East Dulwich
SE4 2NY,,,,,
SE4 1SA,51.451648,-0.02975,Lewisham,Crofton Park,Lewisham West and East Dulwich
SE14 6TJ,51.474602,-0.027839,Lewisham,Deptford,Lewisham North
SE12 8PD,51.455215,0.007541,Lewisham,Lee Green,Lewisham East
SE4 1LE,51.458059,-0.02753,Lewisham,Ladywell,Lewisham North
SE3 9TY,,,,,
SE4 2HH,51.459809,-0.042901,Lewisham,Telegraph Hill,Lewisham North
SE6 4TY,51.443816,-0.028719,Lewisham,Rushey Green,Lewisham East
SE6 2UA,51.440919,-0.020081,Lewisham,Catford South,Lewisham East
SE3 7AG,51.477839,0.015533,Greenwich,Blackheath Westcombe,Greenwich and Woolwich
SE26 6BL,51.426833,-0.064075,Lewisham,Sydenham,Lewisham West and East Dulwich
SE4 1YA,51.463093,-0.027947,Lewisham,Brockley,Lewisham North
SE14 5SF,51.467333,-0.043241,Lewisham,Telegraph Hill,Lewisham North
SE23 2QU,51.431461,-0.038976,Lewisham,Perry Vale,Lewisham West and East Dulwich
SE20 8AX,51.413813,-0.071801,Bromley,Crystal Palace & Anerley,Beckenham and Penge
SE13 5HZ,51.45582,-0.004164,Lewisham,Lee Green,Lewisham East
SE4 2PR,51.462154,-0.042757,Lewisham,Telegraph Hill,Lewisham North
SE6 1UF,51.432976,0.001761,Lewisham,Hither Green,Lewisham East
SE6 3WG,51.425259,-0.022009,Lewisham,Bellingham,Lewisham East
SE1 3BW,51.494378,-0.076053,Southwark,South Bermondsey,Bermondsey and Old Southwark
SE15 6DT,51.477306,-0.077981,Southwark,Peckham,Peckham
SE21 8QS,51.430327,-0.079666,Southwark,Dulwich Wood,Dulwich and West Norwood
SE15 2TT,51.476108,-0.063689,Southwark,Peckham,Peckham
SE15 6BY,51.480389,-0.082864,Southwark,St Giles,Peckham
SE15 6LF,51.481355,-0.074844,Southwark,Peckham,Peckham
SE15 2DW,51.471808,-0.054929,Southwark,Nunhead & Queen's Road,Peckham
SE16 7JD,51.500073,-0.051708,Southwark,Rotherhithe,Bermondsey and Old Southwark
SE15 4JP,51.464593,-0.067272,Southwark,Rye Lane,Peckham
SE5 8HP,51.458744,-0.086779,Southwark,Champion Hill,Dulwich and West Norwood
SE5 7QH,51.47758,-0.090398,Southwark,Camberwell Green,Vauxhall and Camberwell Green
SE15 1QP,51.480429,-0.063405,Southwark,Old Kent Road,Peckham
SE1 1AF,51.501285,-0.096439,Southwark,Borough & Bankside,Bermondsey and Old Southwark
SE5 0JD,51.484797,-0.076917,Southwark,Old Kent Road,Peckham
SE5 0LQ,51.477621,-0.097323,Southwark,Camberwell Green,Vauxhall and Camberwell Green
SE17 3LE,51.489972,-0.1009,Southwark,Newington,Vauxhall and Camberwell Green
SE5 9NF,51.471565,-0.094854,Southwark,Camberwell Green,Vauxhall and Camberwell Green
SE22 8AB,51.465398,-0.082858,Southwark,Champion Hill,Dulwich and West Norwood
SE21 7AL,51.451627,-0.087062,Southwark,Dulwich Village,Dulwich and West Norwood
SE16 3PB,51.490027,-0.059771,Southwark,South Bermondsey,Bermondsey and Old Southwark
SE15 6FL,51.479921,-0.078419,Southwark,Peckham,Peckham
SE22 0EP,51.450846,-0.068543,Southwark,Dulwich Hill,Lewisham West and East Dulwich
SE1 4RP,51.49549,-0.081884,Southwark,London Bridge & West Bermondsey,Bermondsey and Old Southwark
SE22 8DT,51.46105,-0.076563,Southwark,Goose Green,Lewisham West and East Dulwich
SE22 9LA,51.453259,-0.073594,Southwark,Goose Green,Lewisham West and East Dulwich
SE15 2AR,51.467307,-0.052486,Southwark,Nunhead & Queen's Road,Peckham
SE16 3LA,51.485167,-0.053554,Southwark,Old Kent Road,Peckham
SE15 3BU,51.460644,-0.046594,Southwark,Peckham Rye,Lewisham West and East Dulwich
SE15 2SW,51.472589,-0.060814,Southwark,Nunhead & Queen's Road,Peckham
SE5 0PQ,51.482136,-0.099022,Southwark,Camberwell Green,Vauxhall and Camberwell Green
SE1 6AF,51.495392,-0.092405,Southwark,Chaucer,Bermondsey and Old Southwark
SE17 3TR,51.485832,-0.105105,Southwark,Newington,Vauxhall and Camberwell Green
SE21 8NS,51.434245,-0.083875,Southwark,Dulwich Wood,Dulwich and West Norwood
SE5 8SN,51.469523,-0.087106,Southwark,St Giles,Peckham
SE17 2HR,51.484886,-0.088393,Southwark,Faraday,Peckham
SE15 5UW,51.476349,-0.064687,Southwark,Peckham,Peckham
SE15 3PD,51.464168,-0.064353,Southwark,Rye Lane,Peckham
SE16 5LQ,51.501926,-0.036629,Southwark,Surrey Docks,Bermondsey and Old Southwark
SE16 4PS,51.499133,-0.063865,Southwark,North Bermondsey,Bermondsey and Old Southwark
SE17 1DQ,51.489418,-0.093317,Southwark,North Walworth,Peckham
SE16 2PE,51.492146,-0.049813,Southwark,Rotherhithe,Bermondsey and Old Southwark
SE1 3TD,51.501511,-0.08385,Southwark,London Bridge & West Bermondsey,Bermondsey and Old Southwark
SE16 2JH,51.494627,-0.058928,Southwark,North Bermondsey,Bermondsey and Old Southwark
SE1 2AE,51.501593,-0.077291,Southwark,London Bridge & West Bermondsey,Bermondsey and Old Southwark
SE17 1HJ,51.492574,-0.08447,Southwark,North Walworth,Peckham
SE17 1PT,51.492934,-0.09281,Southwark,North Walworth,Peckham
SE11 4SN,51.495273,-0.106169,Southwark,St George's,Bermondsey and Old Southwark
SE1 5JT,51.486124,-0.067355,Southwark,Old Kent Road,Peckham
SE15 1EF,51.480485,-0.055914,Southwark,Old Kent Road,Peckham
SE16 7LP,51.499605,-0.043544,Southwark,Rotherhithe,Bermondsey and Old Southwark
SE16 3XF,51.492771,-0.066382,Southwark,South Bermondsey,Bermondsey and Old Southwark
SE5 8UH,51.474002,-0.081087,Southwark,St Giles,Peckham
SE21 7BU,51.452764,-0.086784,Southwark,Dulwich Village,Dulwich and West Norwood
SE17 1RB,51.49064,-0.088297,Southwark,North Walworth,Peckham
SE15 5LP,51.474356,-0.07308,Southwark,Peckham,Peckham
SE15 1RQ,51.480031,-0.067051,Southwark,Old Kent Road,Peckham
SE5 7TF,51.478956,-0.082636,Southwark,St Giles,Peckham
SE1 6HR,51.497775,-0.106843,Southwark,St George's,Bermondsey and Old Southwark
SE16 4SU,51.49772,-0.067657,Southwark,North Bermondsey,Bermondsey and Old Southwark
SE15 4DY,51.463094,-0.071769,Southwark,Goose Green,Lewisham West and East Dulwich
SE17 1NQ,51.491102,-0.095149,Southwark,North Walworth,Peckham
SE16 4UP,51.498952,-0.069276,Southwark,North Bermondsey,Bermondsey and Old Southwark
SE16 2TY,51.495009,-0.05325,Southwark,Rotherhithe,Bermondsey and Old Southwark
SE1 1NJ,51.502752,-0.093179,Southwark,Borough & Bankside,Bermondsey and Old Southwark
SE1 6HA,51.496832,-0.105268,Southwark,St George's,Bermondsey and Old Southwark
SE15 3RA,51.46855,-0.062886,Southwark,Rye Lane,Peckham
SE16 5ED,51.506196,-0.042455,Southwark,Surrey Docks,Bermondsey and Old Southwark
SE17 3DT,51.486337,-0.099121,Southwark,Newington,Vauxhall and Camberwell Green
SE17 2HH,51.486171,-0.09328,Southwark,Faraday,Peckham
SE1 1HG,51.502909,-0.094022,Southwark,Borough & Bankside,Bermondsey and Old Southwark
SE16 6SD,51.500299,-0.041483,Southwark,Surrey Docks,Bermondsey and Old Southwark
SE16 3TZ,51.493259,-0.0709,Southwark,South Bermondsey,Bermondsey and Old Southwark
SE1 5UJ,51.487096,-0.079457,Southwark,Faraday,Peckham
SE21 8SQ,51.432231,-0.084952,Southwark,Dulwich Wood,Dulwich and West Norwood
SE24 9JH,51.456411,-0.089266,Southwark,Champion Hill,Dulwich and West Norwood
SE22 0NR,51.457501,-0.054947,Southwark,Peckham Rye,Lewisham West and East Dulwich
SE1 6AG,51.495599,-0.090192,Southwark,Chaucer,Bermondsey and Old Southwark
SE15 5DZ,51.473778,-0.074026,Southwark,Rye Lane,Peckham
SE1 4AN,51.494666,-0.087566,Southwark,Chaucer,Bermondsey and Old Southwark
SE5 0UB,51.478035,-0.099567,Southwark,Camberwell Green,Vauxhall and Camberwell Green
SE23 3LE,51.449105,-0.053563,Southwark,Peckham Rye,Lewisham West and East Dulwich
SE22 0LA,51.449708,-0.072074,Southwark,Dulwich Hill,Lewisham West and East Dulwich
SE5 0TS,51.479503,-0.099693,Southwark,Camberwell Green,Vauxhall and Camberwell Green
SE1 0RF,51.500991,-0.102733,Southwark,Borough & Bankside,Bermondsey and Old Southwark
SE17 2JY,51.488745,-0.082974,Southwark,Faraday,Peckham
SE15 2EB,51.471233,-0.056581,Southwark,Nunhead & Queen's Road,Peckham
SE16 4UN,51.499713,-0.067457,Southwark,North Bermondsey,Bermondsey and Old Southwark
SE1 6EX,51.496981,-0.106112,Southwark,St George's,Bermondsey and Old Southwark
SE5 0RP,51.476289,-0.098919,Southwark,Camberwell Green,Vauxhall and Camberwell Green
SE21 7LD,51.439842,-0.084591,Southwark,Dulwich Wood,Dulwich and West Norwood
SE21 7AA,51.434204,-0.0852,Southwark,Dulwich Wood,Dulwich and West Norwood
SE22 8TE,51.455424,-0.085522,Southwark,Dulwich Village,Dulwich and West Norwood
SE22 8SU,51.454856,-0.082177,Southwark,Goose Green,Lewisham West and East Dulwich
SE1 2LA,51.501012,-0.074794,Southwark,North Bermondsey,Bermondsey and Old Southwark
SE24 9LY,51.455605,-0.098325,Southwark,Dulwich Village,Dulwich and West Norwood
SW8 2JU,51.475972,-0.131218,Lambeth,Stockwell West & Larkhall,Vauxhall and Camberwell Green
SE5 7SY,51.478707,-0.08557,Southwark,St Giles,Peckham
SE22 8EA,51.460251,-0.078827,Southwark,Goose Green,Lewisham West and East Dulwich
SE1 4XH,,,,,
SE16 6AT,51.502362,-0.042273,Southwark,Rotherhithe,Bermondsey and Old Southwark
SE5 0TW,51.478144,-0.101305,Southwark,Camberwell Green,Vauxhall and Camberwell Green
SE1 5RN,51.491739,-0.067579,Southwark,South Bermondsey,Bermondsey and Old Southwark
SE15 3AZ,51.458607,-0.050092,Southwark,Peckham Rye,Lewisham West and East Dulwich
SE1 7EH,51.49796,-0.11888,Lambeth,Waterloo & South Bank,Vauxhall and Camberwell Green
SE5 8AZ,51.468767,-0.091443,Southwark,St Giles,Peckham
SE15 6SY,51.48048,-0.069207,Southwark,Old Kent Road,Peckham
SE1 3PS,51.50075,-0.08845,Southwark,London Bridge & West Bermondsey,Bermondsey and Old Southwark
SE15 6ER,51.480502,-0.077156,Southwark,Peckham,Peckham
SE15 5BB,51.471848,-0.072566,Southwark,Rye Lane,Peckham
E3 3HL,51.526654,-0.016189,Tower Hamlets,Bromley North,Stratford and Bow
E14 6DZ,51.513522,-0.019253,Tower Hamlets,Lansbury,Poplar and Limehouse
E2 7PG,51.528501,-0.074138,Tower Hamlets,Weavers,Bethnal Green and Stepney
E1 0RJ,51.515893,-0.044244,Tower Hamlets,Stepney Green,Bethnal Green and Stepney
E2 0PS,51.527625,-0.047792,Tower Hamlets,Bethnal Green East,Bethnal Green and Stepney
E1 4NQ,51.521386,-0.046329,Tower Hamlets,St Dunstan's,Bethnal Green and Stepney
E1 4PZ,51.520956,-0.037771,Tower Hamlets,St Dunstan's,Bethnal Green and Stepney
E1 4EE,51.523491,-0.046902,Tower Hamlets,Bethnal Green East,Bethnal Green and Stepney
E2 0NF,51.529737,-0.048293,Tower Hamlets,Bethnal Green East,Bethnal Green and Stepney
E3 3BT,51.526392,-0.012409,Tower Hamlets,Bromley North,Stratford and Bow
E1 7RQ,51.51585,-0.070954,Tower Hamlets,Spitalfields & Banglatown,Bethnal Green and Stepney
E14 7NG,51.516155,-0.038367,Tower Hamlets,St Dunstan's,Bethnal Green and Stepney
E1 0EH,51.510557,-0.054287,Tower Hamlets,Shadwell,Bethnal Green and Stepney
E3 5QY,51.53327,-0.038481,Tower Hamlets,Bow West,Stratford and Bow
E2 7RG,51.529302,-0.069246,Tower Hamlets,Weavers,Bethnal Green and Stepney
E14 3NE,51.495321,-0.01186,Tower Hamlets,Blackwall & Cubitt Town,Poplar and Limehouse
E14 0PT,51.514225,-0.004983,Tower Hamlets,Lansbury,Poplar and Limehouse
E14 8HH,51.51119,-0.029731,Tower Hamlets,Limehouse,Poplar and Limehouse
E3 4BU,51.521785,-0.019688,Tower Hamlets,Bromley South,Poplar and Limehouse
E2 0JH,51.5294,-0.051263,Tower Hamlets,Bethnal Green East,Bethnal Green and Stepney
E2 0BP,51.524656,-0.059077,Tower Hamlets,Bethnal Green West,Bethnal Green and Stepney
E14 3QP,51.489309,-0.020088,Tower Hamlets,Island Gardens,Poplar and Limehouse
E1 1NB,51.514409,-0.06535,Tower Hamlets,Whitechapel,Bethnal Green and Stepney
E1 4AX,51.523236,-0.051007,Tower Hamlets,Bethnal Green East,Bethnal Green and Stepney
E2 6LS,51.528449,-0.062809,Tower Hamlets,Bethnal Green West,Bethnal Green and Stepney
E2 6PP,51.528666,-0.062886,Tower Hamlets,Bethnal Green West,Bethnal Green and Stepney
E3 2AB,51.527275,-0.02957,Tower Hamlets,Bow West,Stratford and Bow
E1 0QF,51.514424,-0.046195,Tower Hamlets,Stepney Green,Bethnal Green and Stepney
E3 3LL,51.522929,-0.012344,Tower Hamlets,Bromley South,Poplar and Limehouse
E14 6DU,51.511588,-0.020289,Tower Hamlets,Lansbury,Poplar and Limehouse
E2 9HE,51.533819,-0.055285,Tower Hamlets,Bethnal Green West,Bethnal Green and Stepney
E3 5DN,51.530721,-0.036644,Tower Hamlets,Bow West,Stratford and Bow
E1 3BW,51.518771,-0.052351,Tower Hamlets,Stepney Green,Bethnal Green and Stepney
E1 5AR,51.521747,-0.064837,Tower Hamlets,Spitalfields & Banglatown,Bethnal Green and Stepney
E3 5LD,51.533593,-0.030941,Tower Hamlets,Bow East,Stratford and Bow
E14 6QD,51.518634,-0.013597,Tower Hamlets,Lansbury,Poplar and Limehouse
E14 7PQ,51.51373,-0.033758,Tower Hamlets,Mile End,Poplar and Limehouse
E14 7AD,51.51679,-0.025843,Tower Hamlets,Mile End,Poplar and Limehouse
E1 5RE,51.523264,-0.059785,Tower Hamlets,Bethnal Green West,Bethnal Green and Stepney
E2 7NQ,51.526993,-0.074317,Tower Hamlets,Weavers,Bethnal Green and Stepney
E3 4NE,51.525918,-0.024813,Tower Hamlets,Bromley North,Stratford and Bow
E14 0EW,51.51026,-0.008759,Tower Hamlets,Poplar,Poplar and Limehouse
E14 8LY,51.498379,-0.023584,Tower Hamlets,Canary Wharf,Poplar and Limehouse
E1 5AD,51.520794,-0.064806,Tower Hamlets,Spitalfields & Banglatown,Bethnal Green and Stepney
E1 8HY,51.510091,-0.065822,Tower Hamlets,Whitechapel,Bethnal Green and Stepney
E1W 2PT,51.505021,-0.064826,Tower Hamlets,St Katharine's & Wapping,Poplar and Limehouse
E2 0LB,51.525724,-0.051406,Tower Hamlets,Bethnal Green East,Bethnal Green and Stepney
E14 7SS,51.517707,-0.036008,Tower Hamlets,St Dunstan's,Bethnal Green and Stepney
E1 2ND,51.512678,-0.058549,Tower Hamlets,Shadwell,Bethnal Green and Stepney
E1 1JP,51.516108,-0.064269,Tower Hamlets,Whitechapel,Bethnal Green and Stepney
E14 6DN,51.512515,-0.018159,Tower Hamlets,Lansbury,Poplar and Limehouse
E2 6ET,51.524494,-0.066682,Tower Hamlets,Weavers,Bethnal Green and Stepney
E1 6PU,51.518305,-0.071499,Tower Hamlets,Spitalfields & Banglatown,Bethnal Green and Stepney
E3 4RB,51.524629,-0.036921,Tower Hamlets,Bow West,Stratford and Bow
E14 7TF,51.51394,-0.03176,Tower Hamlets,Mile End,Poplar and Limehouse
E2 9JY,51.532712,-0.05141,Tower Hamlets,Bethnal Green West,Bethnal Green and Stepney
E14 7DA,51.513461,-0.030556,Tower Hamlets,Mile End,Poplar and Limehouse
E3 3ER,51.527343,-0.018653,Tower Hamlets,Bromley North,Stratford and Bow
E1 5AW,51.52113,-0.066118,Tower Hamlets,Spitalfields & Banglatown,Bethnal Green and Stepney
E14 3RS,51.492167,-0.024199,Tower Hamlets,Island Gardens,Poplar and Limehouse
E2 9LR,51.530027,-0.05435,Tower Hamlets,Bethnal Green West,Bethnal Green and Stepney
E14 3EB,51.489593,-0.005512,Tower Hamlets,Island Gardens,Poplar and Limehouse
E1 0BD,51.513708,-0.052899,Tower Hamlets,Shadwell,Bethnal Green and Stepney
E2 6DY,51.523989,-0.070437,Tower Hamlets,Weavers,Bethnal Green and Stepney
E1W 2PH,51.504005,-0.060503,Tower Hamlets,St Katharine's & Wapping,Poplar and Limehouse
E3 4LA,51.517961,-0.029194,Tower Hamlets,Mile End,Poplar and Limehouse
E1W 3QT,51.50764,-0.055204,Tower Hamlets,St Katharine's & Wapping,Poplar and Limehouse
E14 6BB,51.516377,-0.017328,Tower Hamlets,Lansbury,Poplar and Limehouse
E1 8DJ,51.512764,-0.070882,Tower Hamlets,Whitechapel,Bethnal Green and Stepney
E14 0DE,51.509941,-0.019683,Tower Hamlets,Poplar,Poplar and Limehouse
E3 3QW,51.523393,-0.009469,Tower Hamlets,Bromley South,Poplar and Limehouse
E14 0RZ,51.514787,-0.012122,Tower Hamlets,Lansbury,Poplar and Limehouse
E2 0PX,51.526781,-0.048463,Tower Hamlets,Bethnal Green East,Bethnal Green and Stepney
E1 2JP,51.514507,-0.060432,Tower Hamlets,Shadwell,Bethnal Green and Stepney
E1 4SD,51.51853,-0.042185,Tower Hamlets,St Dunstan's,Bethnal Green and Stepney
E3 4FT,51.518648,-0.024595,Tower Hamlets,Mile End,Poplar and Limehouse
E2 6NW,51.527392,-0.069586,Tower Hamlets,Weavers,Bethnal Green and Stepney
E2 6PR,51.52924,-0.061694,Tower Hamlets,Bethnal Green West,Bethnal Green and Stepney
E1 5DJ,51.520742,-0.060051,Tower Hamlets,Spitalfields & Banglatown,Bethnal Green and Stepney
E14 3DW,51.488127,-0.007607,Tower Hamlets,Island Gardens,Poplar and Limehouse
E3 2AE,51.526814,-0.028321,Tower Hamlets,Bow West,Stratford and Bow
E14 6ER,,,,,
E1 0RH,51.516252,-0.044186,Tower Hamlets,Stepney Green,Bethnal Green and Stepney
E1 0LB,51.513566,-0.049749,Tower Hamlets,Shadwell,Bethnal Green and Stepney
E2 9LY,51.53127,-0.05176,Tower Hamlets,Bethnal Green West,Bethnal Green and Stepney
E2 9JG,51.532416,-0.046059,Tower Hamlets,Bethnal Green East,Bethnal Green and Stepney
E1 1HL,51.515464,-0.063331,Tower Hamlets,Whitechapel,Bethnal Green and Stepney
E14 0LF,51.517298,-0.008005,Tower Hamlets,Lansbury,Poplar and Limehouse
E1 4DZ,51.525473,-0.049268,Tower Hamlets,Bethnal Green East,Bethnal Green and Stepney
E3 2AD,51.527099,-0.026608,Tower Hamlets,Bow West,Stratford and Bow
E2 6HW,51.524753,-0.062245,Tower Hamlets,Bethnal Green West,Bethnal Green and Stepney
E3 4PX,51.523755,-0.030414,Tower Hamlets,Mile End,Poplar and Limehouse
SW12 8JL,51.446312,-0.154375,Wandsworth,Balham,Tooting
SW15 4EU,51.451851,-0.245173,Wandsworth,Roehampton,Putney
SW11 3ND,51.475694,-0.175238,Wandsworth,St Mary's,Battersea
SW11 2NZ,,,,,
SW17 8HE,51.426925,-0.161918,Wandsworth,Tooting Bec,Tooting
SW12 8PP,51.448528,-0.148904,Wandsworth,Balham,Battersea
SW18 2LR,51.454218,-0.186169,Wandsworth,Wandsworth Town,Putney
SW18 3ER,51.443969,-0.182272,Wandsworth,Wandsworth Common,Tooting
SW11 6PR,51.456887,-0.164673,Wandsworth,Northcote,Battersea
SW11 3NE,51.477062,-0.171871,Wandsworth,St Mary's,Battersea
SW8 4JB,51.474242,-0.13836,Wandsworth,Shaftesbury & Queenstown,Battersea
SW15 2ED,51.461379,-0.207393,Wandsworth,Thamesfield,Putney
SW17 0DZ,51.430885,-0.173628,Wandsworth,Tooting Broadway,Tooting
SW11 5DT,51.473632,-0.156643,Wandsworth,Battersea Park,Battersea
SW16 6DS,51.421812,-0.141051,Wandsworth,Furzedown,Tooting
SW18 3QQ,51.441436,-0.185942,Wandsworth,Wandsworth Common,Tooting
SW11 2LX,51.468491,-0.17469,Wandsworth,Falconbrook,Battersea
SW17 7PP,51.436881,-0.164237,Wandsworth,Trinity,Tooting
SW17 8HQ,51.427688,-0.16065,Wandsworth,Tooting Bec,Tooting
SW17 9TJ,51.421958,-0.153113,Wandsworth,Furzedown,Tooting
SW11 2AA,51.46189,-0.174031,Wandsworth,Wandsworth Town,Battersea
SW11 6EF,51.454739,-0.16188,Wandsworth,Northcote,Battersea
SW15 1PN,51.464233,-0.221174,Wandsworth,Thamesfield,Putney
SW11 5QR,51.469506,-0.152763,Wandsworth,Shaftesbury & Queenstown,Battersea
SW8 5AH,,,,,
SW16 6RJ,51.422392,-0.145846,Wandsworth,Furzedown,Tooting
SW12 9SS,51.44169,-0.152648,Wandsworth,South Balham,Tooting
SW18 5JP,51.446548,-0.199065,Wandsworth,Southfields,Putney
SW17 9SA,51.423173,-0.167534,Wandsworth,Tooting Broadway,Tooting
SW11 5UW,51.468766,-0.156609,Wandsworth,Shaftesbury & Queenstown,Battersea
SW17 0TW,51.431215,-0.178074,Wandsworth,Tooting Broadway,Tooting
SW18 2SA,51.451527,-0.186031,Wandsworth,Wandle,Tooting
SW18 4EJ,51.443594,-0.190001,Wandsworth,Wandle,Tooting
SW18 5ST,51.455576,-0.199013,Wandsworth,East Putney,Putney
SW4 0AJ,51.465878,-0.151398,Wandsworth,Lavender,Battersea
SW18 5TR,51.446915,-0.203642,Wandsworth,Southfields,Putney
SW19 6QT,51.445216,-0.216056,Wandsworth,West Hill,Putney
SW15 6XA,51.455652,-0.232951,Wandsworth,West Putney,Putney
SW15 4LJ,51.444673,-0.24139,Wandsworth,Roehampton,Putney
SW11 2TY,,,,,
SW19 6RY,51.448304,-0.215676,Wandsworth,West Hill,Putney
SW19 6JP,51.442025,-0.213777,Wandsworth,West Hill,Putney
SW15 4PD,51.452758,-0.253486,Wandsworth,Roehampton,Putney
SW15 1HL,51.467884,-0.227741,Wandsworth,Thamesfield,Putney
SW11 2TH,51.467075,-0.166885,Wandsworth,Falconbrook,Battersea
SW12 8QJ,51.447881,-0.156341,Wandsworth,Balham,Tooting
SW15 1AW,51.463805,-0.223206,Wandsworth,Thamesfield,Putney
SW15 4AA,51.448265,-0.23751,Wandsworth,Roehampton,Putney
SW11 2TD,51.469378,-0.166951,Wandsworth,Falconbrook,Battersea
SW18 2RU,51.456207,-0.189142,Wandsworth,Wandsworth Town,Putney
SW17 8PP,51.427353,-0.164576,Wandsworth,Tooting Broadway,Tooting
SW18 1AE,51.459412,-0.186482,Wandsworth,Wandsworth Town,Putney
SW8 4JS,51.477171,-0.139306,Wandsworth,Shaftesbury & Queenstown,Battersea
SW15 2QD,51.459195,-0.200439,Wandsworth,East Putney,Putney
SW15 1BA,51.466431,-0.22201,Wandsworth,Thamesfield,Putney
SW12 8DR,51.442568,-0.155303,Wandsworth,Trinity,Tooting
SW8 4EN,51.476569,-0.146156,Wandsworth,Shaftesbury & Queenstown,Battersea
SW18 5SQ,51.450232,-0.203569,Wandsworth,East Putney,Putney
SW15 5NX,51.457612,-0.241943,Wandsworth,Roehampton,Putney
SW19 6AD,51.44797,-0.220367,Wandsworth,West Hill,Putney
SW17 8RW,51.435271,-0.15623,Wandsworth,South Balham,Tooting
SW17 7DF,51.44122,-0.171445,Wandsworth,Trinity,Tooting
SW12 8JZ,51.444657,-0.155464,Wandsworth,Balham,Tooting
SW11 5AP,51.473245,-0.159496,Wandsworth,Battersea Park,Battersea
SW11 4QP,,,,,
SW17 8SG,51.432467,-0.160904,Wandsworth,Tooting Bec,Tooting
SW17 9BU,51.423518,-0.152273,Wandsworth,Furzedown,Tooting
SW17 0AQ,51.438125,-0.180058,Wandsworth,Wandsworth Common,Tooting
SW15 3DG,51.454795,-0.225614,Wandsworth,West Putney,Putney
SW11 3PB,,,,,
SW19 6QE,51.448644,-0.220297,Wandsworth,West Hill,Putney
SW18 5JU,51.445071,-0.197728,Wandsworth,Southfields,Putney
SW15 5PY,51.454735,-0.253382,Wandsworth,Roehampton,Putney
SW15 2BZ,51.457147,-0.215879,Wandsworth,East Putney,Putney
SW18 3RQ,51.447866,-0.171497,Wandsworth,Wandsworth Common,Tooting
SW15 2NQ,51.462968,-0.208986,Wandsworth,Thamesfield,Putney
SW17 7HL,51.441222,-0.165848,Wandsworth,Trinity,Tooting
SW19 7QQ,51.424392,-0.205057,Merton,Hillside,Wimbledon
SW15 6PY,51.461783,-0.234053,Wandsworth,West Putney,Putney
SW11 1HS,51.456653,-0.17329,Wandsworth,Wandsworth Common,Tooting
SW15 6BH,51.456847,-0.218064,Wandsworth,East Putney,Putney
SW12 0LT,51.446094,-0.143418,Lambeth,Clapham Park,Clapham and Brixton Hill
SW12 8NR,51.450123,-0.159403,Wandsworth,Balham,Battersea
SW18 1HW,51.4591,-0.197737,Wandsworth,Wandsworth Town,Putney
SW11 4DX,51.47453,-0.157716,Wandsworth,Battersea Park,Battersea
SW12 8RS,51.444764,-0.156553,Wandsworth,Balham,Tooting
SW17 7AL,51.437358,-0.157974,Wandsworth,Trinity,Tooting
SW17 7BQ,51.439975,-0.154573,Wandsworth,South Balham,Tooting
SW15 3NT,51.451493,-0.220805,Wandsworth,East Putney,Putney
SW8 4BX,51.477213,-0.145972,Wandsworth,Shaftesbury & Queenstown,Battersea
SW16 6NT,51.421634,-0.145129,Wandsworth,Furzedown,Tooting
SW11 6QW,51.457312,-0.165952,Wandsworth,Northcote,Battersea
SW11 3DS,51.4734,-0.172276,Wandsworth,St Mary's,Battersea
SW20 8HF,51.414961,-0.221735,Merton,Raynes Park,Wimbledon
SW15 6EH,51.460904,-0.222253,Wandsworth,West Putney,Putney
SW4 9RU,51.462025,-0.151136,Wandsworth,Lavender,Battersea
SW11 6EL,51.451647,-0.165373,Wandsworth,Northcote,Battersea
SW17 7TJ,51.432025,-0.163684,Wandsworth,Tooting Bec,Tooting
SW4 9SD,51.461528,-0.153805,Wandsworth,Lavender,Battersea
SW15 2UT,51.456321,-0.207706,Wandsworth,East Putney,Putney
SW19 6JB,51.443714,-0.213064,Wandsworth,West Hill,Putney
SW12 8NA,51.448744,-0.158019,Wandsworth,Balham,Tooting
SW11 5TZ,,,,,
SW15 6HL,51.458106,-0.23228,Wandsworth,West Putney,Putney
SW11 5NX,51.463047,-0.154896,Wandsworth,Lavender,Battersea
SW15 5RT,51.463729,-0.249871,Wandsworth,Roehampton,Putney
SW18 3TB,51.437543,-0.184858,Wandsworth,Wandsworth Common,Tooting
SW1V 3RT,51.486596,-0.132571,Westminster,Pimlico South,Cities of London and Westminster
W9 3JY,51.5289,-0.201772,Westminster,Queen's Park,Queen's Park and Maida Vale
W9 3DS,51.528008,-0.202254,Westminster,Harrow Road,Queen's Park and Maida Vale
NW8 7AL,51.5328,-0.169076,Westminster,Regent's Park,Cities of London and Westminster
W2 1SP,51.522206,-0.179433,Westminster,Little Venice,Queen's Park and Maida Vale
SW1V 3EU,51.487195,-0.139172,Westminster,Pimlico South,Cities of London and Westminster
W2 5TL,51.521683,-0.189169,Westminster,Westbourne,Queen's Park and Maida Vale
W9 2LR,51.527596,-0.195336,Westminster,Maida Vale,Queen's Park and Maida Vale
NW8 8LN,51.524684,-0.170497,Westminster,Church Street,Queen's Park and Maida Vale
SW1P 4HR,51.491418,-0.130443,Westminster,Vincent Square,Cities of London and Westminster
W10 4LB,51.532012,-0.208858,Westminster,Queen's Park,Queen's Park and Maida Vale
NW8 0NH,51.53646,-0.177119,Westminster,Abbey Road,Cities of London and Westminster
W2 6JJ,51.51494,-0.18641,Westminster,Lancaster Gate,Kensington and Bayswater
NW8 6PX,51.535182,-0.170119,Westminster,Regent's Park,Cities of London and Westminster
W10 4DQ,51.527468,-0.209325,Westminster,Queen's Park,Queen's Park and Maida Vale
W1W 7JJ,51.519848,-0.138605,Westminster,West End,Cities of London and Westminster
SW1P 2QQ,51.495115,-0.135003,Westminster,Vincent Square,Cities of London and Westminster
W1H 5HA,51.516787,-0.164054,Westminster,Marylebone,Cities of London and Westminster
W2 5SR,51.52149,-0.191282,Westminster,Westbourne,Queen's Park and Maida Vale
NW6 5XA,51.534534,-0.191557,Westminster,Maida Vale,Queen's Park and Maida Vale
SW1W 8PF,51.490585,-0.151667,Westminster,Knightsbridge & Belgravia,Cities of London and Westminster
WC2B 5SU,51.513666,-0.119732,Westminster,St James's,Cities of London and Westminster
NW1 6LH,51.523332,-0.165679,Westminster,Regent's Park,Cities of London and Westminster
SW1V 3AG,51.486185,-0.141777,Westminster,Pimlico South,Cities of London and Westminster
W1K 2XH,51.508825,-0.150093,Westminster,West End,Cities of London and Westminster
W1D 7LF,51.511741,-0.134367,Westminster,West End,Cities of London and Westminster
W2 3QD,51.51295,-0.17924,Westminster,Lancaster Gate,Kensington and Bayswater
W9 1DF,51.52742,-0.182209,Westminster,Little Venice,Queen's Park and Maida Vale
W9 3EJ,51.531559,-0.202763,Westminster,Queen's Park,Queen's Park and Maida Vale
W2 5TF,51.522466,-0.189254,Westminster,Westbourne,Queen's Park and Maida Vale
W1H 1DL,51.520422,-0.163028,Westminster,Marylebone,Cities of London and Westminster
W2 5PR,51.518438,-0.197485,Westminster,Bayswater,Kensington and Bayswater
SW1P 2DG,51.497403,-0.131322,Westminster,St James's,Cities of London and Westminster
W9 2AN,51.523703,-0.195994,Westminster,Harrow Road,Queen's Park and Maida Vale
SW1W 0NL,51.496015,-0.146391,Westminster,Knightsbridge & Belgravia,Cities of London and Westminster
W9 2JD,51.524159,-0.188221,Westminster,Little Venice,Queen's Park and Maida Vale
W2 5QH,51.519039,-0.195025,Westminster,Bayswater,Kensington and Bayswater
W1U 4DF,51.518622,-0.152665,Westminster,Marylebone,Cities of London and Westminster
SW1P 1EP,51.495314,-0.13959,Westminster,Vincent Square,Cities of London and Westminster
NW8 8NR,,,,,
SW1V 3SE,51.48806,-0.13192,Westminster,Pimlico South,Cities of London and Westminster
NW1 5NS,51.521454,-0.16636,Westminster,Church Street,Queen's Park and Maida Vale
SW1V 3AT,51.48818,-0.137173,Westminster,Pimlico South,Cities of London and Westminster
NW8 0NL,51.537837,-0.17666,Westminster,Abbey Road,Cities of London and Westminster
NW1 6RX,51.521572,-0.169281,Westminster,Church Street,Queen's Park and Maida Vale
SW1P 2DY,51.496033,-0.134504,Westminster,Vincent Square,Cities of London and Westminster
W1U 5BA,51.522211,-0.152145,Westminster,Marylebone,Cities of London and Westminster
SW1E 5HJ,51.497967,-0.139064,Westminster,St James's,Cities of London and Westminster
NW6 5SN,51.534277,-0.192418,Westminster,Maida Vale,Queen's Park and Maida Vale
W9 1RB,51.532904,-0.187945,Westminster,Maida Vale,Queen's Park and Maida Vale
NW8 0LH,51.534183,-0.177008,Westminster,Abbey Road,Cities of London and Westminster
W1G 8BT,51.518461,-0.146964,Westminster,Marylebone,Cities of London and Westminster
NW1 6XR,51.524819,-0.160155,Westminster,Regent's Park,Cities of London and Westminster
SW1P 3NY,51.498608,-0.12963,Westminster,St James's,Cities of London and Westminster
SW1W 9BA,51.494119,-0.155083,Westminster,Knightsbridge & Belgravia,Cities of London and Westminster
SW1W 8JF,51.491734,-0.153796,Westminster,Knightsbridge & Belgravia,Cities of London and Westminster
SW1P 3PF,51.498688,-0.127884,Westminster,St James's,Cities of London and Westminster
SW3 6NB,51.48692,-0.171967,Kensington and Chelsea,Stanley,Chelsea and Fulham
W2 2HL,51.513975,-0.164239,Westminster,Hyde Park,Cities of London and Westminster
SW1P 2NN,51.491764,-0.134102,Westminster,Vincent Square,Cities of London and Westminster
SW1P 1QH,51.495234,-0.139104,Westminster,Vincent Square,Cities of London and Westminster
NW8 0LL,51.534514,-0.178668,Westminster,Abbey Road,Cities of London and Westminster
NW8 0NP,51.534663,-0.176095,Westminster,Abbey Road,Cities of London and Westminster
NW8 7PY,51.53586,-0.164065,Westminster,Regent's Park,Cities of London and Westminster
WC2H 9JJ,51.513342,-0.125885,Westminster,St James's,Cities of London and Westminster
W1H 1PN,51.519598,-0.161534,Westminster,Marylebone,Cities of London and Westminster
W1H 5YZ,51.517151,-0.162612,Westminster,Marylebone,Cities of London and Westminster
SW1P 4AU,51.490291,-0.131354,Westminster,Vincent Square,Cities of London and Westminster
NW8 7NE,51.530807,-0.168118,Westminster,Regent's Park,Cities of London and Westminster
SW11 1SH,51.460791,-0.175702,Wandsworth,Wandsworth Town,Battersea
NW6 5ED,51.534264,-0.190357,Westminster,Maida Vale,Queen's Park and Maida Vale
NW8 9XP,51.532723,-0.179705,Westminster,Abbey Road,Cities of London and Westminster
SW1V 1PH,51.491626,-0.1435,Westminster,Pimlico North,Cities of London and Westminster
W2 3TB,51.513297,-0.186,Westminster,Lancaster Gate,Kensington and Bayswater
W10 4AA,51.52907,-0.215851,Westminster,Queen's Park,Queen's Park and Maida Vale
W2 4PH,51.515082,-0.192083,Westminster,Bayswater,Kensington and Bayswater
W9 3LG,51.525391,-0.202285,Westminster,Harrow Road,Queen's Park and Maida Vale
N14 5DJ,51.630931,-0.141921,Barnet,Brunswick Park,Chipping Barnet
N3 1NR,51.610667,-0.186511,Barnet,West Finchley,Finchley and Golders Green
N20 9DX,51.633897,-0.172781,Barnet,Whetstone,Chipping Barnet
NW4 3UB,,,,,
NW4 2AS,51.587079,-0.215714,Barnet,Hendon,Hendon
NW11 6EJ,51.589937,-0.188058,Barnet,Garden Suburb,Finchley and Golders Green
N14 5DU,51.630876,-0.147558,Barnet,Brunswick Park,Chipping Barnet
NW2 1SL,51.562269,-0.206919,Barnet,Childs Hill,Finchley and Golders Green
NW2 1AB,51.565716,-0.217691,Barnet,Cricklewood,Finchley and Golders Green
NW9 6DT,51.590187,-0.246529,Barnet,Colindale South,Hendon
N10 1JS,51.602575,-0.153101,Barnet,Friern Barnet,Hornsey and Friern Barnet
NW7 3BG,51.627239,-0.252876,Barnet,Edgwarebury,Chipping Barnet
NW7 3ED,51.612646,-0.26203,Barnet,Edgware,Hendon
NW7 2BU,51.608683,-0.224313,Barnet,Mill Hill,Hendon
NW7 3HS,51.627391,-0.256425,Barnet,Edgwarebury,Chipping Barnet
N12 7BN,51.614976,-0.20178,Barnet,Totteridge & Woodside,Chipping Barnet
NW11 6XU,51.585514,-0.198627,Barnet,Golders Green,Finchley and Golders Green
N10 2NL,51.604878,-0.144039,Barnet,Friern Barnet,Hornsey and Friern Barnet
N11 3HG,51.616916,-0.151262,Barnet,Friern Barnet,Hornsey and Friern Barnet
NW9 6LE,51.583951,-0.248098,Barnet,West Hendon,Hendon
N3 2AB,51.600899,-0.180503,Barnet,West Finchley,Finchley and Golders Green
N2 9JP,51.594835,-0.168185,Barnet,East Finchley,Finchley and Golders Green
N14 5NG,51.636764,-0.146307,Barnet,Brunswick Park,Chipping Barnet
N12 8PE,51.609791,-0.183888,Barnet,West Finchley,Finchley and Golders Green
N12 8JP,51.616097,-0.179404,Barnet,West Finchley,Finchley and Golders Green
N12 0QU,51.609364,-0.168625,Barnet,Woodhouse,Finchley and Golders Green
N12 7HE,51.623925,-0.193683,Barnet,Totteridge & Woodside,Chipping Barnet
N3 2AG,51.600605,-0.178392,Barnet,West Finchley,Finchley and Golders Green
NW11 9RR,51.572028,-0.208801,Barnet,Childs Hill,Finchley and Golders Green
NW9 5FN,51.601013,-0.250748,Barnet,Colindale North,Hendon
N3 3PL,51.592511,-0.205742,Barnet,Finchley Church End,Finchley and Golders Green
NW4 4JH,51.59153,-0.232315,Barnet,Hendon,Hendon
N20 0NQ,51.627427,-0.170181,Barnet,Whetstone,Chipping Barnet
NW2 2TH,51.562126,-0.199927,Barnet,Childs Hill,Finchley and Golders Green
N2 8GA,51.591443,-0.169216,Barnet,East Finchley,Finchley and Golders Green
N11 3LB,51.616587,-0.153832,Barnet,Friern Barnet,Hornsey and Friern Barnet
NW4 3SL,51.585579,-0.227696,Barnet,Hendon,Hendon
N20 0PL,51.626556,-0.178335,Barnet,Whetstone,Chipping Barnet
N3 1BT,51.603604,-0.200222,Barnet,Finchley Church End,Finchley and Golders Green
N11 1NQ,51.61631,-0.144208,Barnet,Brunswick Park,Chipping Barnet
NW7 1QU,51.620561,-0.23139,Barnet,Mill Hill,Hendon
N20 8NX,51.629911,-0.196421,Barnet,Totteridge & Woodside,Chipping Barnet
N20 9EZ,51.629603,-0.169009,Barnet,Whetstone,Chipping Barnet
N12 0JP,51.605087,-0.178039,Barnet,West Finchley,Finchley and Golders Green
NW2 1RG,51.560495,-0.210884,Barnet,Childs Hill,Finchley and Golders Green
NW7 1EJ,51.617113,-0.223406,Barnet,Mill Hill,Hendon
N3 2TD,51.594595,-0.18806,Barnet,Finchley Church End,Finchley and Golders Green
NW4 4TY,51.58729,-0.231455,Barnet,Hendon,Hendon
N20 9JU,51.630089,-0.163817,Barnet,Whetstone,Chipping Barnet
NW9 5PE,51.600831,-0.240936,Barnet,Colindale North,Hendon
NW11 9SP,51.574481,-0.2069,Barnet,Golders Green,Finchley and Golders Green
NW4 2AH,51.585391,-0.214698,Barnet,Hendon,Hendon
N11 3LS,51.616079,-0.154705,Barnet,Friern Barnet,Hornsey and Friern Barnet
N20 8AZ,51.638846,-0.200344,Barnet,Totteridge & Woodside,Chipping Barnet
NW2 1TR,51.573408,-0.219136,Barnet,Cricklewood,Finchley and Golders Green
NW7 2EP,51.608485,-0.232033,Barnet,Mill Hill,Hendon
N2 0SE,51.591119,-0.187131,Barnet,Garden Suburb,Finchley and Golders Green
N12 0QG,51.608545,-0.161047,Barnet,Woodhouse,Finchley and Golders Green
N12 9HB,51.612667,-0.168218,Barnet,Woodhouse,Finchley and Golders Green
NW11 7BN,51.581087,-0.189161,Barnet,Garden Suburb,Finchley and Golders Green
N14 5HD,51.634335,-0.134311,Enfield,Southgate,Southgate and Wood Green
NW4 2HP,51.585708,-0.217818,Barnet,Hendon,Hendon
NW7 4LL,51.627753,-0.246311,Barnet,Edgwarebury,Chipping Barnet
NW4 1AB,51.592209,-0.223092,Barnet,Hendon,Hendon
N12 7NJ,51.614398,-0.180642,Barnet,West Finchley,Finchley and Golders Green
N12 8TA,51.622219,-0.181615,Barnet,Totteridge & Woodside,Chipping Barnet
N14 5RJ,51.632683,-0.136127,Barnet,Brunswick Park,Chipping Barnet
N2 0SQ,51.594066,-0.178293,Barnet,East Finchley,Finchley and Golders Green
NW4 1NA,51.596474,-0.214407,Barnet,Finchley Church End,Finchley and Golders Green
NW7 1QS,51.618981,-0.230426,Barnet,Mill Hill,Hendon
NW4 1TD,51.591505,-0.217042,Barnet,Hendon,Hendon
NW11 7HY,51.569411,-0.184806,Barnet,Childs Hill,Finchley and Golders Green
NW7 2RX,51.615432,-0.225205,Barnet,Mill Hill,Hendon
N2 0QN,51.579546,-0.175583,Barnet,Garden Suburb,Finchley and Golders Green
NW7 3RT,51.615928,-0.255954,Barnet,Edgware,Hendon
NW11 7NP,51.575077,-0.195938,Barnet,Childs Hill,Finchley and Golders Green
NW7 4DB,51.617438,-0.23664,Barnet,Mill Hill,Hendon
NW4 2PD,51.582123,-0.216269,Barnet,Hendon,Hendon
N2 0RE,51.583009,-0.1739,Barnet,Garden Suburb,Finchley and Golders Green
N3 1SA,51.599079,-0.197744,Barnet,Finchley Church End,Finchley and Golders Green
NW7 3RG,51.615884,-0.247563,Barnet,Mill Hill,Hendon
NW4 2TL,51.583723,-0.222139,Barnet,Hendon,Hendon
NW11 7HB,51.578083,-0.197839,Barnet,Golders Green,Finchley and Golders Green
NW4 2AT,51.587129,-0.217849,Barnet,Hendon,Hendon
N3 2SY,51.59528,-0.189333,Barnet,Finchley Church End,Finchley and Golders Green
NW2 1RP,51.56119,-0.208116,Barnet,Childs Hill,Finchley and Golders Green
N11 3LX,51.614534,-0.159346,Barnet,Woodhouse,Finchley and Golders Green
NW2 6RJ,51.559323,-0.233248,Brent,Dollis Hill,Brent East
NW4 4DQ,51.588633,-0.222135,Barnet,Hendon,Hendon
N2 0QY,51.589674,-0.177458,Barnet,East Finchley,Finchley and Golders Green
N20 0DH,51.625218,-0.158841,Barnet,Friern Barnet,Hornsey and Friern Barnet
SE2 9TA,51.494639,0.123965,Bexley,Thamesmead East,Erith and Thamesmead
SE9 3RH,51.43549,0.08099,Bexley,Longlands,Old Bexley and Sidcup
SE2 9XB,51.497376,0.125303,Bexley,Thamesmead East,Erith and Thamesmead
SE28 8JB,51.505367,0.12151,Bexley,Thamesmead East,Erith and Thamesmead
SE28 8QA,51.510298,0.12135,Bexley,Thamesmead East,Erith and Thamesmead
NW10 9SD,51.545088,-0.250039,Brent,Roundwood,Brent East
NW10 8DX,51.542238,-0.261022,Brent,Stonebridge,Brent East
NW10 3PH,51.536922,-0.227266,Brent,Brondesbury Park,Brent East
NW6 5RA,51.532733,-0.197857,Brent,Kilburn,Queen's Park and Maida Vale
NW2 4AB,51.553879,-0.219899,Brent,Cricklewood & Mapesbury,Brent East
NW10 0SL,51.547027,-0.263753,Brent,Stonebridge,Brent East
NW6 5PX,51.532071,-0.200983,Brent,Kilburn,Queen's Park and Maida Vale
NW10 8UT,51.536864,-0.25396,Brent,Harlesden & Kensal Green,Queen's Park and Maida Vale
NW9 9ND,51.584318,-0.270458,Brent,Queensbury,Harrow East
NW10 9UR,51.544587,-0.247231,Brent,Roundwood,Brent East
NW6 7PB,51.541398,-0.214013,Brent,Brondesbury Park,Brent East
NW10 1RD,51.555496,-0.246711,Brent,Dollis Hill,Brent East
NW9 9JL,51.589977,-0.272451,Brent,Queensbury,Harrow East
NW10 0EX,51.562465,-0.254522,Brent,Welsh Harp,Brent East
NW10 3TL,51.541635,-0.233832,Brent,Roundwood,Brent East
NW10 8NG,51.540677,-0.263649,Brent,Stonebridge,Brent East
NW10 3UD,51.542323,-0.243136,Brent,Roundwood,Brent East
NW6 6HJ,51.532658,-0.215883,Brent,Queens Park,Queen's Park and Maida Vale
NW10 9BX,51.547392,-0.255056,Brent,Stonebridge,Brent East
NW10 5YT,51.533837,-0.238561,Brent,Harlesden & Kensal Green,Queen's Park and Maida Vale
NW6 6RG,51.537705,-0.206572,Brent,Queens Park,Queen's Park and Maida Vale
NW9 0BD,51.583254,-0.258676,Brent,Kingsbury,Brent East
NW10 1LB,51.551818,-0.231072,Brent,Willesden Green,Brent East
NW2 6TD,51.558704,-0.224414,Brent,Cricklewood & Mapesbury,Brent East
NW9 8JD,51.577816,-0.263099,Brent,Welsh Harp,Brent East
NW2 7LL,51.56454,-0.244718,Brent,Dollis Hill,Brent East
NW6 7TE,51.540913,-0.204081,Brent,Kilburn,Queen's Park and Maida Vale
NW10 4DR,51.537905,-0.247157,Brent,Harlesden & Kensal Green,Queen's Park and Maida Vale
NW10 5TP,51.533002,-0.22491,Brent,Queens Park,Queen's Park and Maida Vale
NW2 5PE,51.549193,-0.236525,Brent,Willesden Green,Brent East
NW10 9JA,51.548374,-0.252091,Brent,Roundwood,Brent East
NW2 6HS,51.561147,-0.233725,Brent,Dollis Hill,Brent East
NW6 5ST,51.534477,-0.197774,Brent,Kilburn,Queen's Park and Maida Vale
NW2 5BB,51.54836,-0.228999,Brent,Willesden Green,Brent East
NW9 8YD,51.582504,-0.266932,Brent,Welsh Harp,Brent East
NW2 5AN,51.54838,-0.226763,Brent,Willesden Green,Brent East
NW10 8PP,51.540794,-0.26487,Brent,Stonebridge,Brent East
NW2 6EU,51.563385,-0.225905,Brent,Dollis Hill,Brent East
NW10 0BG,51.561768,-0.260897,Brent,Welsh Harp,Brent East
NW10 3ST,51.539966,-0.232902,Brent,Roundwood,Brent East
NW6 7PP,51.544766,-0.212006,Brent,Brondesbury Park,Brent East
NW10 9LS,51.544264,-0.250878,Brent,Roundwood,Brent East
NW6 5RG,51.532213,-0.199666,Brent,Kilburn,Queen's Park and Maida Vale
NW9 9JR,51.589732,-0.274727,Brent,Queensbury,Harrow East
NW6 7BQ,51.540505,-0.218576,Brent,Brondesbury Park,Brent East
NW10 4EP,51.538383,-0.246086,Brent,Harlesden & Kensal Green,Queen's Park and Maida Vale
NW10 3RN,51.537588,-0.239209,Brent,Harlesden & Kensal Green,Queen's Park and Maida Vale
NW2 7SN,51.563052,-0.241991,Brent,Dollis Hill,Brent East
NW9 8RR,51.565208,-0.263666,Brent,Welsh Harp,Brent East
NW9 8PN,51.567177,-0.266044,Brent,Welsh Harp,Brent East
W7 1PD,51.521758,-0.334481,Ealing,North Hanwell,Ealing North
NW6 6PE,51.539614,-0.207939,Brent,Queens Park,Queen's Park and Maida Vale
NW6 6TP,51.539086,-0.21044,Brent,Queens Park,Queen's Park and Maida Vale
NW9 6NQ,51.591773,-0.257672,Brent,Kingsbury,Brent East
NW10 8HE,51.547388,-0.259571,Brent,Stonebridge,Brent East
NW9 7LY,51.571808,-0.253904,Brent,Welsh Harp,Brent East
NW9 0JY,51.590802,-0.263743,Brent,Kingsbury,Brent East
NW10 0NQ,51.553587,-0.262825,Brent,Stonebridge,Brent East
NW10 3NT,51.5362,-0.220546,Brent,Queens Park,Queen's Park and Maida Vale
SE26 5DS,51.420284,-0.047107,Bromley,Penge & Cator,Beckenham and Penge
SE20 7YB,51.402941,-0.058226,Bromley,Clock House,Beckenham and Penge
SE9 4LW,51.429983,0.049564,Bromley,Mottingham,Eltham and Chislehurst
SE9 4AT,51.42439,0.043344,Bromley,Mottingham,Eltham and Chislehurst
SE9 4QX,51.435661,0.042668,Bromley,Mottingham,Eltham and Chislehurst
SE20 8BW,51.410946,-0.069189,Bromley,Crystal Palace & Anerley,Beckenham and Penge
SE20 8RH,,,,,
SE20 7QR,51.412332,-0.048596,Bromley,Penge & Cator,Beckenham and Penge
SE20 8HU,51.41522,-0.055174,Bromley,Penge & Cator,Beckenham and Penge
SE9 4JR,51.429105,0.044174,Bromley,Mottingham,Eltham and Chislehurst
SE20 8ES,51.409987,-0.05902,Bromley,Penge & Cator,Beckenham and Penge
SE9 4QF,51.43797,0.03867,Bromley,Mottingham,Eltham and Chislehurst
SE25 5BD,51.393833,-0.071865,Croydon,Woodside,Croydon East
SE25 4AU,51.407317,-0.081981,Croydon,Crystal Palace & Upper Norwood,Streatham and Croydon North
SE25 4QL,51.392572,-0.059829,Croydon,Woodside,Croydon East
SE25 5QP,51.395412,-0.072733,Croydon,Woodside,Croydon East
SE19 3LG,51.41283,-0.086985,Croydon,Crystal Palace & Upper Norwood,Streatham and Croydon North
SE25 6LT,51.394513,-0.082647,Croydon,South Norwood,Croydon West
SE19 3XE,51.414487,-0.10203,Croydon,Norbury Park,Streatham and Croydon North
SE19 3ST,51.419396,-0.089803,Croydon,Crystal Palace & Upper Norwood,Streatham and Croydon North
SW16 5QR,51.410077,-0.128096,Croydon,Norbury & Pollards Hill,Streatham and Croydon North
SE25 4JD,51.399168,-0.070965,Croydon,South Norwood,Croydon West
SE19 3NU,51.421829,-0.100029,Croydon,Crystal Palace & Upper Norwood,Streatham and Croydon North
SE25 5BN,51.389162,-0.070567,Croydon,Woodside,Croydon East
SE25 6LR,51.394463,-0.083382,Croydon,South Norwood,Croydon West
SE19 3NX,51.42238,-0.099632,Croydon,Crystal Palace & Upper Norwood,Streatham and Croydon North
SE19 3UG,51.413627,-0.094487,Croydon,Crystal Palace & Upper Norwood,Streatham and Croydon North
SE19 3HL,51.420714,-0.107281,Croydon,Norbury Park,Streatham and Croydon North
SE19 1RT,51.422248,-0.092662,Croydon,Crystal Palace & Upper Norwood,Streatham and Croydon North
SE19 1RS,,,,,
SE19 2JH,51.411674,-0.076795,Croydon,Crystal Palace & Upper Norwood,Streatham and Croydon North
SE19 3QN,51.42024,-0.094687,Croydon,Crystal Palace & Upper Norwood,Streatham and Croydon North
W3 7LL,51.509292,-0.261787,Ealing,East Acton,Ealing Central and Acton
W3 8RX,51.503825,-0.273407,Ealing,South Acton,Ealing Central and Acton
W5 2DH,51.515758,-0.308599,Ealing,Ealing Broadway,Ealing Central and Acton
W7 2NR,51.507591,-0.341829,Ealing,Hanwell Broadway,Ealing Southall
W3 8SJ,51.502321,-0.272629,Ealing,South Acton,Ealing Central and Acton
W3 7HA,51.51142,-0.256115,Ealing,East Acton,Ealing Central and Acton
W5 1RP,51.525911,-0.318011,Ealing,Pitshanger,Ealing North
W13 0SE,51.51192,-0.323095,Ealing,Hanwell Broadway,Ealing Southall
NW10 7DN,51.534087,-0.28273,Ealing,Hanger Hill,Ealing Central and Acton
W3 0JL,51.517488,-0.279751,Ealing,North Acton,Ealing Central and Acton
W7 3RT,51.520457,-0.347444,Ealing,North Hanwell,Ealing North
W13 0LA,51.515359,-0.323415,Ealing,Pitshanger,Ealing North
W5 4HN,51.503898,-0.305537,Ealing,Ealing Common,Ealing Central and Acton
W7 1HA,51.516098,-0.337397,Ealing,North Hanwell,Ealing North
W3 7PD,51.51914,-0.254566,Ealing,East Acton,Ealing Central and Acton
W4 1BD,51.50133,-0.256702,Ealing,Southfield,Ealing Central and Acton
W3 6SA,51.509999,-0.268822,Ealing,South Acton,Ealing Central and Acton
W13 9TE,51.501403,-0.320873,Ealing,Northfield,Ealing Southall
W5 4EA,51.498049,-0.308362,Ealing,Northfield,Ealing Southall
W7 2DP,51.504594,-0.332168,Ealing,Hanwell Broadway,Ealing Southall
W5 2QT,51.523337,-0.300966,Ealing,Hanger Hill,Ealing Central and Acton
W13 0DH,51.522764,-0.328736,Ealing,Pitshanger,Ealing North
W7 1JL,51.525245,-0.339414,Ealing,North Hanwell,Ealing North
W5 2XA,51.513314,-0.306225,Ealing,Ealing Broadway,Ealing Central and Acton
W5 5DX,51.511012,-0.302491,Ealing,Ealing Broadway,Ealing Central and Acton
W5 1SL,51.524101,-0.307799,Ealing,Hanger Hill,Ealing Central and Acton
W7 3HU,51.5106,-0.337785,Ealing,Hanwell Broadway,Ealing Southall
W3 9JR,51.512495,-0.273454,Ealing,North Acton,Ealing Central and Acton
W3 8EY,51.505615,-0.280156,Ealing,South Acton,Ealing Central and Acton
W3 9PP,51.509194,-0.281361,Ealing,North Acton,Ealing Central and Acton
W7 1JJ,51.524691,-0.340948,Ealing,North Hanwell,Ealing North
W3 0HW,51.517065,-0.286484,Ealing,Hanger Hill,Ealing Central and Acton
W7 1EU,51.515905,-0.335833,Ealing,North Hanwell,Ealing North
W5 2DR,51.516855,-0.306684,Ealing,Ealing Broadway,Ealing Central and Acton
W5 2DS,51.516718,-0.307151,Ealing,Ealing Broadway,Ealing Central and Acton
W5 2JL,51.523816,-0.29498,Ealing,Hanger Hill,Ealing Central and Acton
W5 2ES,51.520876,-0.306795,Ealing,Ealing Broadway,Ealing Central and Acton
W3 7EG,51.512927,-0.251042,Ealing,East Acton,Ealing Central and Acton
W13 8JS,51.516909,-0.319827,Ealing,Ealing Broadway,Ealing Central and Acton
W7 3EG,51.513211,-0.33929,Ealing,North Hanwell,Ealing North
W5 2QP,51.522871,-0.301704,Ealing,Ealing Broadway,Ealing Central and Acton
W13 8AX,51.521521,-0.316025,Ealing,Ealing Broadway,Ealing Central and Acton
W5 5BG,51.511456,-0.308946,Ealing,Walpole,Ealing Southall
W5 2XP,51.521097,-0.309021,Ealing,Ealing Broadway,Ealing Central and Acton
W3 7HD,51.512516,-0.249371,Ealing,East Acton,Ealing Central and Acton
W3 9PU,51.513483,-0.281372,Ealing,North Acton,Ealing Central and Acton
N22 8LB,51.601005,-0.113787,Haringey,Woodside,Southgate and Wood Green
W5 2HP,51.519973,-0.298425,Ealing,Hanger Hill,Ealing Central and Acton
W4 1LB,51.496583,-0.257402,Ealing,Southfield,Ealing Central and Acton
W13 8LS,51.51661,-0.319089,Ealing,Ealing Broadway,Ealing Central and Acton
W5 2RL,51.518353,-0.302117,Ealing,Ealing Broadway,Ealing Central and Acton
W13 0JG,51.51745,-0.328109,Ealing,Pitshanger,Ealing North
W7 3JP,51.510366,-0.339047,Ealing,Hanwell Broadway,Ealing Southall
N9 7JR,51.631584,-0.062219,Enfield,Lower Edmonton,Edmonton and Winchmore Hill
N9 9TT,51.622398,-0.075035,Enfield,Haselbury,Edmonton and Winchmore Hill
N18 2JQ,51.613093,-0.060971,Enfield,Upper Edmonton,Edmonton and Winchmore Hill
N18 2ET,51.617899,-0.059567,Enfield,Edmonton Green,Edmonton and Winchmore Hill
N9 8LG,51.629121,-0.049754,Enfield,Lower Edmonton,Edmonton and Winchmore Hill
N13 5QP,51.624025,-0.084314,Enfield,Highfield,Edmonton and Winchmore Hill
N18 2ES,51.618157,-0.059975,Enfield,Edmonton Green,Edmonton and Winchmore Hill
N9 7PE,51.637812,-0.059237,Enfield,Jubilee,Edmonton and Winchmore Hill
N11 1BH,51.614,-0.136936,Enfield,New Southgate,Southgate and Wood Green
N13 5HE,51.617784,-0.102027,Enfield,Palmers Green,Southgate and Wood Green
N13 6BY,51.61451,-0.090911,Enfield,Bowes,Southgate and Wood Green
N13 6HX,51.611042,-0.10771,Enfield,Bowes,Southgate and Wood Green
N14 7EG,51.625024,-0.126704,Enfield,Arnos Grove,Southgate and Wood Green
N21 3HE,51.62944,-0.094344,Enfield,Highfield,Edmonton and Winchmore Hill
N9 7RE,51.634865,-0.054536,Enfield,Jubilee,Edmonton and Winchmore Hill
N18 1DE,51.612867,-0.084972,Enfield,Upper Edmonton,Edmonton and Winchmore Hill
N21 1PP,51.647207,-0.108717,Enfield,Oakwood,Southgate and Wood Green
N9 8DR,51.635974,-0.042292,Enfield,Jubilee,Edmonton and Winchmore Hill
N9 9PL,51.630225,-0.066482,Enfield,Haselbury,Edmonton and Winchmore Hill
N11 2HL,51.613738,-0.125566,Enfield,New Southgate,Southgate and Wood Green
N14 4AD,51.64335,-0.14137,Enfield,Cockfosters,Southgate and Wood Green
N21 1PD,51.643372,-0.112866,Enfield,Southgate,Southgate and Wood Green
N13 6JB,51.611057,-0.103636,Enfield,Bowes,Southgate and Wood Green
N14 6JA,51.634182,-0.128089,Enfield,Southgate,Southgate and Wood Green
N18 2TL,51.610856,-0.067652,Enfield,Upper Edmonton,Edmonton and Winchmore Hill
N21 2RA,51.634597,-0.099633,Enfield,Winchmore Hill,Edmonton and Winchmore Hill
N9 7HJ,51.629281,-0.055657,Enfield,Lower Edmonton,Edmonton and Winchmore Hill
N14 7HE,51.623053,-0.120414,Enfield,Arnos Grove,Southgate and Wood Green
N11 1RD,51.61547,-0.137772,Enfield,New Southgate,Southgate and Wood Green
N9 9RS,51.625124,-0.07021,Enfield,Haselbury,Edmonton and Winchmore Hill
N14 4LG,51.639852,-0.12839,Enfield,Southgate,Southgate and Wood Green
N21 3HS,51.629203,-0.091392,Enfield,Highfield,Edmonton and Winchmore Hill
N18 1NB,51.618243,-0.08216,Enfield,Haselbury,Edmonton and Winchmore Hill
N9 8DQ,51.63286,-0.045894,Enfield,Jubilee,Edmonton and Winchmore Hill
N13 5TY,51.616307,-0.107967,Enfield,Palmers Green,Southgate and Wood Green
N9 9TN,51.626025,-0.074116,Enfield,Haselbury,Edmonton and Winchmore Hill
N14 7HY,51.615057,-0.124254,Enfield,Arnos Grove,Southgate and Wood Green
N21 1BG,51.635525,-0.103091,Enfield,Winchmore Hill,Edmonton and Winchmore Hill
N21 3LJ,51.626092,-0.104179,Enfield,Winchmore Hill,Edmonton and Winchmore Hill
N21 2EA,51.641042,-0.095577,Enfield,Grange Park,Edmonton and Winchmore Hill
N14 4PL,51.638013,-0.139984,Enfield,Cockfosters,Southgate and Wood Green
N14 4AT,51.644745,-0.138075,Enfield,Cockfosters,Southgate and Wood Green
N9 9TU,51.62345,-0.077245,Enfield,Haselbury,Edmonton and Winchmore Hill
N14 4HN,51.643088,-0.14589,Enfield,Cockfosters,Southgate and Wood Green
N17 9XE,51.59848,-0.066416,Haringey,Northumberland Park,Tottenham
N17 7LT,51.606262,-0.089683,Haringey,White Hart Lane,Southgate and Wood Green
N15 3SD,51.582069,-0.096081,Haringey,St Ann's,Tottenham
N4 3HD,51.567889,-0.107842,Haringey,Stroud Green,Hornsey and Friern Barnet
N22 8DZ,51.60182,-0.114692,Haringey,Woodside,Southgate and Wood Green
N22 6UH,51.595376,-0.116041,Haringey,Noel Park,Southgate and Wood Green
N22 6RA,51.592766,-0.093627,Haringey,West Green,Tottenham
N11 2QG,51.606178,-0.123985,Haringey,Bounds Green,Southgate and Wood Green
N17 6UH,51.593458,-0.072159,Haringey,Tottenham Central,Tottenham
N8 7AF,51.590473,-0.122091,Haringey,Hornsey,Hornsey and Friern Barnet
N17 9XT,51.598425,-0.058174,Haringey,Northumberland Park,Tottenham
N17 8LB,51.606221,-0.081626,Haringey,Bruce Castle,Tottenham
N15 4AB,51.587646,-0.085729,Haringey,West Green,Tottenham
N17 9RB,51.595744,-0.066301,Haringey,Tottenham Hale,Tottenham
N15 4PW,51.583941,-0.068722,Haringey,South Tottenham,Tottenham
N6 4ED,51.579854,-0.155018,Haringey,Highgate,Hampstead and Highgate
N17 8NN,51.601572,-0.071786,Haringey,Bruce Castle,Tottenham
N22 5DD,51.598309,-0.094435,Haringey,White Hart Lane,Southgate and Wood Green
N10 1HS,51.597106,-0.153005,Haringey,Fortis Green,Hornsey and Friern Barnet
N10 3BP,51.588279,-0.150389,Haringey,Fortis Green,Hornsey and Friern Barnet
N22 6LH,51.596048,-0.101951,Haringey,Noel Park,Southgate and Wood Green
N8 0NU,51.585713,-0.10625,Haringey,Harringay,Hornsey and Friern Barnet
N17 7AB,51.599143,-0.076669,Haringey,Bruce Castle,Tottenham
N8 8NH,51.583053,-0.119149,Haringey,Hornsey,Hornsey and Friern Barnet
N15 5QE,51.582884,-0.082652,Haringey,St Ann's,Tottenham
N4 1BA,51.580566,-0.100445,Haringey,Harringay,Hornsey and Friern Barnet
N15 6HD,51.575655,-0.083808,Haringey,Seven Sisters,Tottenham
N4 3EX,51.567771,-0.107183,Haringey,Stroud Green,Hornsey and Friern Barnet
N15 3RT,51.584764,-0.093702,Haringey,St Ann's,Tottenham
N22 5HJ,51.602998,-0.110239,Haringey,Woodside,Southgate and Wood Green
N15 3TD,51.58167,-0.092605,Haringey,St Ann's,Tottenham
N15 6SP,51.577429,-0.08395,Haringey,Hermitage & Gardens,Tottenham
N8 8DN,51.576417,-0.12648,Haringey,Crouch End,Hornsey and Friern Barnet
N10 3ST,51.591019,-0.141096,Haringey,Muswell Hill,Hornsey and Friern Barnet
N15 4EA,51.587826,-0.067099,Haringey,South Tottenham,Tottenham
N17 0PT,51.604237,-0.060511,Haringey,Northumberland Park,Tottenham
N22 8ES,51.600389,-0.113466,Haringey,Woodside,Southgate and Wood Green
N17 9PP,51.586745,-0.059364,Haringey,South Tottenham,Tottenham
N22 7UT,51.600756,-0.137016,Haringey,Alexandra Park,Hornsey and Friern Barnet
N15 6UX,51.580626,-0.06726,Haringey,South Tottenham,Tottenham
N8 9WP,51.580592,-0.11264,Haringey,Stroud Green,Hornsey and Friern Barnet
N17 6HW,51.596068,-0.08217,Haringey,West Green,Tottenham
N4 4RR,51.575812,-0.110688,Haringey,Stroud Green,Hornsey and Friern Barnet
N17 0HH,51.602715,-0.063695,Haringey,Northumberland Park,Tottenham
N17 9EJ,51.589644,-0.069346,Haringey,Tottenham Hale,Tottenham
N6 4BG,51.573474,-0.150716,Haringey,Highgate,Hampstead and Highgate
N10 3JA,51.587232,-0.148454,Haringey,Muswell Hill,Hornsey and Friern Barnet
N15 5JG,51.582408,-0.084895,Haringey,St Ann's,Tottenham
N8 7QN,51.587721,-0.121468,Haringey,Hornsey,Hornsey and Friern Barnet
N8 7BU,51.58585,-0.115281,Haringey,Hornsey,Hornsey and Friern Barnet
N22 8HE,51.599307,-0.112774,Haringey,Woodside,Southgate and Wood Green
N17 0TU,51.60548,-0.064472,Haringey,Northumberland Park,Tottenham
N10 1PS,51.594426,-0.149591,Haringey,Fortis Green,Hornsey and Friern Barnet
N17 8AZ,51.602964,-0.068969,Haringey,Bruce Castle,Tottenham
N15 6ND,51.576387,-0.07304,Haringey,Seven Sisters,Tottenham
N15 5RE,51.580487,-0.085654,Haringey,Hermitage & Gardens,Tottenham
N22 7SZ,51.597051,-0.114499,Haringey,Woodside,Southgate and Wood Green
N8 9AJ,51.576262,-0.118506,Haringey,Crouch End,Hornsey and Friern Barnet
N11 2AF,51.607883,-0.133389,Haringey,Bounds Green,Southgate and Wood Green
N8 9EP,51.57577,-0.120373,Haringey,Crouch End,Hornsey and Friern Barnet
N15 3HD,51.585672,-0.096999,Haringey,St Ann's,Tottenham
N8 9JF,51.581869,-0.114897,Haringey,Hornsey,Hornsey and Friern Barnet
N8 8RN,51.58203,-0.132831,Haringey,Crouch End,Hornsey and Friern Barnet
N17 0PG,51.604912,-0.063312,Haringey,Northumberland Park,Tottenham
N10 1NE,51.592783,-0.150899,Haringey,Fortis Green,Hornsey and Friern Barnet
N15 6EB,51.580125,-0.065261,Haringey,South Tottenham,Tottenham
N22 5QJ,51.603504,-0.100933,Haringey,Woodside,Southgate and Wood Green
N15 3RB,,,,,
N8 7DT,51.586719,-0.117294,Haringey,Hornsey,Hornsey and Friern Barnet
N22 5HN,51.604294,-0.107499,Haringey,Woodside,Southgate and Wood Green
N6 5HF,51.570458,-0.143132,Haringey,Highgate,Hampstead and Highgate
N6 4AY,51.572041,-0.149417,Haringey,Highgate,Hampstead and Highgate
N6 4ET,51.577409,-0.14881,Haringey,Highgate,Hampstead and Highgate
N10 2EG,51.595447,-0.143066,Haringey,Fortis Green,Hornsey and Friern Barnet
N17 7AA,51.600257,-0.076607,Haringey,Bruce Castle,Tottenham
N17 9AD,51.589141,-0.055235,Haringey,Tottenham Hale,Tottenham
N17 0EX,51.607276,-0.064338,Haringey,Northumberland Park,Tottenham
N8 7PN,51.588057,-0.120025,Haringey,Hornsey,Hornsey and Friern Barnet
N10 3LS,51.590725,-0.145829,Haringey,Muswell Hill,Hornsey and Friern Barnet
N4 2SH,51.571203,-0.090907,Hackney,Woodberry Down,Tottenham
N10 1JP,51.603334,-0.154514,Haringey,Fortis Green,Hornsey and Friern Barnet
N6 5AW,51.577635,-0.136908,Haringey,Crouch End,Hornsey and Friern Barnet
N17 8JN,51.605779,-0.077703,Haringey,Bruce Castle,Tottenham
N10 1NJ,51.594208,-0.151173,Haringey,Fortis Green,Hornsey and Friern Barnet
W4 5UL,51.492916,-0.263606,Hounslow,Chiswick Gunnersbury,Hammersmith and Chiswick
W4 2RG,51.482203,-0.256092,Hounslow,Chiswick Homefields,Hammersmith and Chiswick
W4 3JN,51.484743,-0.27217,Hounslow,Chiswick Riverside,Hammersmith and Chiswick
W4 3NX,51.48734,-0.281218,Hounslow,Chiswick Riverside,Hammersmith and Chiswick
W4 2JR,51.48807,-0.256963,Hounslow,Chiswick Gunnersbury,Hammersmith and Chiswick
W4 2DF,51.488933,-0.258169,Hounslow,Chiswick Gunnersbury,Hammersmith and Chiswick
W4 3UN,51.481907,-0.259805,Hounslow,Chiswick Homefields,Hammersmith and Chiswick
W3 8LG,51.495763,-0.282904,Hounslow,Chiswick Gunnersbury,Hammersmith and Chiswick
W4 1LY,51.495961,-0.252412,Hounslow,Chiswick Homefields,Hammersmith and Chiswick
SW15 3QL,51.42768,-0.26093,Kingston upon Thames,Coombe Hill,Richmond Park
SW19 3QH,51.416766,-0.207988,Merton,Wimbledon Town & Dundonald,Wimbledon
SW19 8SB,51.422212,-0.184934,Merton,Wandle,Wimbledon
SW20 0SQ,51.413278,-0.232356,Merton,Raynes Park,Wimbledon
SW20 9NS,51.406349,-0.215426,Merton,Cannon Hill,Mitcham and Morden
SW17 9EH,51.42015,-0.155976,Merton,Graveney,Mitcham and Morden
SW19 2JY,51.413668,-0.190118,Merton,Abbey,Wimbledon
SW19 3HQ,51.409739,-0.201303,Merton,Merton Park,Wimbledon
SW19 1NU,51.416435,-0.197574,Merton,Abbey,Wimbledon
SW19 3JZ,51.403724,-0.199583,Merton,Merton Park,Wimbledon
SW19 2NT,51.417616,-0.176213,Merton,Colliers Wood,Mitcham and Morden
SW19 8EJ,51.438831,-0.196045,Merton,Wimbledon Park,Wimbledon
SW19 2UN,,,,,
SW20 0BZ,51.405656,-0.236762,Merton,Raynes Park,Wimbledon
SW19 7DZ,51.429982,-0.207197,Merton,Village,Wimbledon
SW16 5HB,51.409859,-0.135856,Merton,Longthornton,Mitcham and Morden
SW19 3QB,51.412537,-0.213129,Merton,Wimbledon Town & Dundonald,Wimbledon
SW19 1EB,51.418905,-0.183972,Merton,Wandle,Wimbledon
SW20 0SX,51.414211,-0.245378,Merton,Village,Wimbledon
SW19 8PW,51.422466,-0.194978,Merton,Wimbledon Town & Dundonald,Wimbledon
SW19 7EP,51.427372,-0.207041,Merton,Village,Wimbledon
SW19 1QL,51.41768,-0.200732,Merton,Abbey,Wimbledon
SW20 9NA,51.397101,-0.228796,Merton,West Barnes,Wimbledon
SW19 8LX,51.424978,-0.1917,Merton,Wimbledon Town & Dundonald,Wimbledon
SW19 7HB,51.428148,-0.206046,Merton,Village,Wimbledon
SW20 0JL,51.403137,-0.239662,Merton,Raynes Park,Wimbledon
SW16 5JF,51.409199,-0.142411,Merton,Longthornton,Mitcham and Morden
SW20 9AD,51.409356,-0.208594,Merton,Merton Park,Wimbledon
SW19 4NS,51.418667,-0.221792,Merton,Hillside,Wimbledon
SW20 8HA,51.414024,-0.222821,Merton,Raynes Park,Wimbledon
SW19 4TT,51.42153,-0.226154,Merton,Village,Wimbledon
SW20 0EG,51.419251,-0.239662,Merton,Village,Wimbledon
SW20 8HR,51.416213,-0.221859,Merton,Village,Wimbledon
SW19 4ND,51.420877,-0.219865,Merton,Hillside,Wimbledon
SW19 4UN,51.426563,-0.230735,Merton,Village,Wimbledon
SW19 4TA,51.419904,-0.222737,Merton,Hillside,Wimbledon
SW19 3EY,51.41296,-0.201953,Merton,Merton Park,Wimbledon
SW19 4AB,51.422475,-0.210842,Merton,Hillside,Wimbledon
SW20 8AH,51.415981,-0.225521,Merton,Village,Wimbledon
SW20 0QN,51.411727,-0.235608,Merton,Raynes Park,Wimbledon
SW20 8NP,51.41422,-0.229817,Merton,Raynes Park,Wimbledon
E16 3PB,51.515424,0.027311,Newham,Custom House,West Ham and Beckton
E7 0PH,51.548746,0.028172,Newham,Forest Gate South,Stratford and Bow
E15 3JT,51.535544,0.009907,Newham,West Ham,West Ham and Beckton
E15 1JP,51.548843,0.000526,Newham,Maryland,Stratford and Bow
E6 1AS,51.537641,0.037916,Newham,Green Street East,East Ham
E12 5PB,51.553434,0.05948,Newham,Little Ilford,East Ham
E6 6BU,51.52872,0.06419,Newham,East Ham South,East Ham
E16 1ET,51.515528,0.01296,Newham,Canning Town South,West Ham and Beckton
E13 9NB,51.525375,0.031703,Newham,Plaistow South,West Ham and Beckton
E6 2BX,51.536351,0.057743,Newham,Wall End,East Ham
E12 6AR,51.550731,0.050487,Newham,Manor Park,East Ham
E6 3LB,51.524769,0.04589,Newham,East Ham South,East Ham
E15 2JQ,51.536686,-0.005861,Newham,Stratford,Stratford and Bow
E6 3DW,51.528696,0.042447,Newham,Boleyn,East Ham
E13 0AG,51.530239,0.020861,Newham,Plaistow West & Canning Town East,West Ham and Beckton
E12 5QJ,51.550678,0.061722,Newham,Little Ilford,East Ham
E16 2DP,51.502877,0.047085,Newham,Royal Albert,West Ham and Beckton
E7 9AW,51.547112,0.016517,Newham,Forest Gate South,Stratford and Bow
E7 8JY,51.539978,0.031272,Newham,Green Street West,Stratford and Bow
E15 3AF,51.524636,0.005693,Newham,Canning Town North,West Ham and Beckton
E7 0JW,51.552108,0.030283,Newham,Forest Gate North,Stratford and Bow
E7 0NJ,51.550856,0.028323,Newham,Forest Gate North,Stratford and Bow
E13 0HE,51.524821,0.016931,Newham,Plaistow West & Canning Town East,West Ham and Beckton
E16 1LN,51.512484,0.016861,Newham,Canning Town South,West Ham and Beckton
E16 1FZ,51.516474,0.02067,Newham,Custom House,West Ham and Beckton
E6 1NT,51.533176,0.049526,Newham,East Ham,East Ham
E12 6NN,51.542529,0.057214,Newham,Little Ilford,East Ham
E6 2DU,51.538067,0.052701,Newham,East Ham,East Ham
E15 3BA,51.532701,0.007403,Newham,West Ham,West Ham and Beckton
E15 1SL,51.550689,0.009348,Newham,Maryland,Stratford and Bow
E12 6TT,51.545172,0.042363,Newham,Manor Park,East Ham
E15 3DN,51.531673,0.009116,Newham,West Ham,West Ham and Beckton
E6 2SE,51.533107,0.061187,Newham,Wall End,East Ham
E13 9NE,51.524633,0.037148,Newham,Plaistow South,West Ham and Beckton
E7 9BY,51.550157,0.017792,Newham,Forest Gate North,Stratford and Bow
E15 4AE,51.54231,0.014416,Newham,Forest Gate South,Stratford and Bow
E13 0JW,51.533615,0.019079,Newham,Plaistow North,West Ham and Beckton
E16 4BD,51.519794,0.022676,Newham,Plaistow West & Canning Town East,West Ham and Beckton
E6 3SQ,51.520969,0.046138,Newham,East Ham South,East Ham
E12 6TH,51.549121,0.047934,Newham,Manor Park,East Ham
E7 8ED,51.546771,0.034675,Newham,Green Street East,East Ham
E7 8PF,51.53983,0.037697,Newham,Green Street East,East Ham
E7 8NL,51.542057,0.039945,Newham,Green Street East,East Ham
E16 4NH,51.521471,0.007284,Newham,Canning Town North,West Ham and Beckton
E16 2LS,51.501224,0.06495,Newham,Royal Albert,West Ham and Beckton
E13 8SA,51.519729,0.0337,Newham,Plaistow South,West Ham and Beckton
E13 0RJ,51.536247,0.029635,Newham,Green Street West,Stratford and Bow
E6 5NA,51.509461,0.062959,Newham,Beckton,West Ham and Beckton
E15 1JY,51.548404,0.001474,Newham,Maryland,Stratford and Bow
E13 0LX,51.536136,0.023083,Newham,Plaistow North,West Ham and Beckton
E13 9JH,51.530613,0.029399,Newham,Plaistow North,West Ham and Beckton
E16 3HD,51.512127,0.037469,Newham,Custom House,West Ham and Beckton
E16 3ET,51.511047,0.041672,Newham,Custom House,West Ham and Beckton
E6 5UP,51.516007,0.045022,Newham,Beckton,West Ham and Beckton
E6 1QP,51.533297,0.043144,Newham,Boleyn,East Ham
E6 5XG,51.51694,0.056436,Newham,Beckton,West Ham and Beckton
E6 6AD,51.526811,0.060744,Newham,East Ham South,East Ham
E12 6QX,51.54609,0.055673,Newham,Plashet,East Ham
E7 9DA,51.54992,0.017421,Newham,Forest Gate North,Stratford and Bow
E15 3QG,51.537054,0.01156,Newham,West Ham,West Ham and Beckton
E16 1JB,51.513319,0.013771,Newham,Canning Town South,West Ham and Beckton
E7 9QB,51.539076,0.026256,Newham,Green Street West,Stratford and Bow
E13 9AX,51.53311,0.036849,Newham,Boleyn,East Ham
E15 1HD,51.548597,0.005982,Newham,Maryland,Stratford and Bow
E13 8DW,51.522589,0.017049,Newham,Plaistow West & Canning Town East,West Ham and Beckton
E16 3DT,51.511747,0.03088,Newham,Custom House,West Ham and Beckton
E6 6EE,51.530222,0.058,Newham,East Ham,East Ham
E12 6HB,51.548569,0.057919,Newham,Little Ilford,East Ham
E7 9BB,51.549362,0.022184,Newham,Forest Gate North,Stratford and Bow
E12 6JB,51.547269,0.061279,Newham,Little Ilford,East Ham
E16 4DD,51.518739,0.015524,Newham,Canning Town North,West Ham and Beckton
E13 9AE,51.531432,0.024706,Newham,Plaistow North,West Ham and Beckton
E13 8RX,51.521849,0.032815,Newham,Plaistow South,West Ham and Beckton
E6 2PS,51.53228,0.065259,Newham,Wall End,East Ham
E6 1DG,51.539728,0.049777,Newham,Plashet,East Ham
E13 8SJ,51.520523,0.033044,Newham,Plaistow South,West Ham and Beckton
E16 4NP,51.52383,0.010256,Newham,Canning Town North,West Ham and Beckton
E15 4LP,51.542979,0.007408,Newham,Stratford,Stratford and Bow
E7 8HU,51.542111,0.029636,Newham,Green Street West,Stratford and Bow
E7 9QD,51.53864,0.025473,Newham,Green Street West,Stratford and Bow
E7 9PR,51.54075,0.023057,Newham,Green Street West,Stratford and Bow
E7 8QT,51.540025,0.042003,Newham,Plashet,East Ham
E15 4RZ,51.53818,0.003548,Newham,Stratford,Stratford and Bow
E16 3LQ,51.516947,0.038535,Newham,Custom House,West Ham and Beckton
E13 9HN,51.529715,0.025134,Newham,Plaistow North,West Ham and Beckton
E12 5HL,51.564393,0.037005,Redbridge,Wanstead Park,Leyton and Wanstead
E18 2RB,51.598288,0.027027,Redbridge,Churchfields,Chingford and Woodford Green
E18 1JX,51.592625,0.032579,Redbridge,South Woodford,Leyton and Wanstead
E18 1JU,51.592971,0.031324,Redbridge,South Woodford,Leyton and Wanstead
E18 2EN,51.586056,0.022932,Redbridge,South Woodford,Leyton and Wanstead
E18 1PL,51.585181,0.032998,Redbridge,South Woodford,Leyton and Wanstead
E11 2SS,51.578564,0.023538,Redbridge,Wanstead Village,Leyton and Wanstead
E11 2TA,51.574659,0.02055,Redbridge,Wanstead Village,Leyton and Wanstead
E11 2JZ,51.575655,0.035762,Redbridge,Wanstead Park,Leyton and Wanstead
E11 2PR,51.573912,0.022668,Redbridge,Wanstead Village,Leyton and Wanstead
E18 2EA,51.591633,0.022876,Redbridge,South Woodford,Leyton and Wanstead
SW14 8ED,51.464956,-0.254388,Richmond upon Thames,East Sheen,Richmond Park
SW13 9AE,51.483469,-0.239697,Richmond upon Thames,Barnes,Richmond Park
SW14 7RT,51.461097,-0.275596,Richmond upon Thames,East Sheen,Richmond Park
SW13 0QQ,51.469444,-0.250185,Richmond upon Thames,Mortlake & Barnes Common,Richmond Park
SW14 8HE,51.468592,-0.261204,Richmond upon Thames,Mortlake & Barnes Common,Richmond Park
SW13 9HQ,51.474272,-0.245306,Richmond upon Thames,Barnes,Richmond Park
SW14 8RG,51.463153,-0.25771,Richmond upon Thames,East Sheen,Richmond Park
SW14 8LF,51.462571,-0.26817,Richmond upon Thames,East Sheen,Richmond Park
SW13 9JT,51.487697,-0.237417,Richmond upon Thames,Barnes,Richmond Park
WC2E 9DA,51.513208,-0.123166,Westminster,St James's,Cities of London and Westminster
SW13 9JS,51.486396,-0.237049,Richmond upon Thames,Barnes,Richmond Park
SW13 0NE,51.466644,-0.248176,Richmond upon Thames,Mortlake & Barnes Common,Richmond Park
SW13 9QN,51.480612,-0.247123,Richmond upon Thames,Barnes,Richmond Park
E17 8BE,51.577732,-0.030578,Waltham Forest,St James,Walthamstow
E17 9SB,51.58474,-0.014758,Waltham Forest,Hoe Street,Walthamstow
E4 6XQ,51.62539,-0.013952,Waltham Forest,Endlebury,Chingford and Woodford Green
E11 3HF,51.559651,0.010566,Waltham Forest,Cann Hall,Leyton and Wanstead
E4 8LA,51.614683,-0.022653,Waltham Forest,Valley,Chingford and Woodford Green
E4 8ET,51.617135,-0.013966,Waltham Forest,Larkswood,Chingford and Woodford Green
E4 6LH,51.620292,0.004561,Waltham Forest,Hatch Lane & Highams Park North,Chingford and Woodford Green
E4 6ES,51.626109,0.011421,Waltham Forest,Hatch Lane & Highams Park North,Chingford and Woodford Green
E4 7PH,51.640667,-0.006449,Waltham Forest,Chingford Green,Chingford and Woodford Green
E10 6EJ,51.575756,-0.000933,Waltham Forest,Forest,Leyton and Wanstead
E10 7BH,51.565052,-0.020376,Waltham Forest,Leyton,Leyton and Wanstead
E11 3DR,51.564475,0.011904,Waltham Forest,Leytonstone,Leyton and Wanstead
E15 2BS,51.553626,0.000578,Waltham Forest,Cann Hall,Leyton and Wanstead
E11 4PJ,51.561123,0.005523,Waltham Forest,Cathall,Leyton and Wanstead
E11 4PZ,51.560702,0.004884,Waltham Forest,Cathall,Leyton and Wanstead
E10 6PJ,51.564213,-0.002752,Waltham Forest,Grove Green,Leyton and Wanstead
E17 8HA,51.570777,-0.027155,Waltham Forest,Lea Bridge,Walthamstow
E17 4LS,51.598143,-0.013914,Waltham Forest,Chapel End,Walthamstow
E17 4LN,51.599371,-0.013687,Waltham Forest,Chapel End,Walthamstow
E17 8QR,51.578701,-0.022973,Waltham Forest,Markhouse,Walthamstow
E17 6QW,51.588854,-0.025132,Waltham Forest,William Morris,Walthamstow
E17 9LT,51.582454,-0.009343,Waltham Forest,Wood Street,Walthamstow
E17 5HU,51.598755,-0.026248,Waltham Forest,Chapel End,Walthamstow
E4 9NG,51.605361,-0.006898,Waltham Forest,Hale End & Highams Park South,Chingford and Woodford Green
E4 9NE,51.606223,-0.007872,Waltham Forest,Hale End & Highams Park South,Chingford and Woodford Green
E4 9PJ,51.608547,0.003495,Waltham Forest,Hatch Lane & Highams Park North,Chingford and Woodford Green
E17 4DP,51.598046,-0.000836,Waltham Forest,Upper Walthamstow,Chingford and Woodford Green
E17 5ET,51.595079,-0.024718,Waltham Forest,William Morris,Walthamstow
E17 3JX,51.589575,-0.003994,Waltham Forest,Wood Street,Walthamstow
E4 8YJ,51.608668,-0.023232,Waltham Forest,Valley,Chingford and Woodford Green
E17 6ED,51.592213,-0.033967,Waltham Forest,Higham Hill,Walthamstow
E10 7BZ,51.566642,-0.019211,Waltham Forest,Leyton,Leyton and Wanstead
E17 9JE,51.581488,-0.006441,Waltham Forest,Wood Street,Walthamstow
E10 5AZ,51.568948,-0.014695,Waltham Forest,Forest,Leyton and Wanstead
E17 8PW,51.578071,-0.027764,Waltham Forest,High Street,Walthamstow
E10 6NN,51.56589,-0.00933,Waltham Forest,Grove Green,Leyton and Wanstead
E11 1EU,51.573087,0.003192,Waltham Forest,Forest,Leyton and Wanstead
E11 4QN,51.567113,0.008586,Waltham Forest,Leytonstone,Leyton and Wanstead
E17 8LG,51.575143,-0.022045,Waltham Forest,Markhouse,Walthamstow
E17 7EJ,51.583841,-0.031845,Waltham Forest,High Street,Walthamstow
E17 6PB,51.58255,-0.040143,Waltham Forest,St James,Walthamstow
E17 6JY,51.585799,-0.03547,Waltham Forest,High Street,Walthamstow
E11 3NN,51.557453,0.016556,Waltham Forest,Cann Hall,Leyton and Wanstead
E4 6RE,51.624046,-0.014257,Waltham Forest,Endlebury,Chingford and Woodford Green
E11 3JH,51.55573,0.007984,Waltham Forest,Cann Hall,Leyton and Wanstead
E4 7BP,51.629887,0.004016,Waltham Forest,Chingford Green,Chingford and Woodford Green
E4 7EY,51.628668,0.002186,Waltham Forest,Chingford Green,Chingford and Woodford Green
E4 7BJ,51.631162,0.00361,Waltham Forest,Chingford Green,Chingford and Woodford Green
E10 5DX,51.568924,-0.016413,Waltham Forest,Leyton,Leyton and Wanstead
E17 3EA,51.589132,-0.007536,Waltham Forest,Wood Street,Walthamstow
E17 7DP,51.584911,-0.036115,Waltham Forest,High Street,Walthamstow
E17 8ER,51.57426,-0.029992,Waltham Forest,St James,Walthamstow
E10 7BL,51.564644,-0.023914,Waltham Forest,Leyton,Leyton and Wanstead
E17 9HU,51.582786,-0.007178,Waltham Forest,Wood Street,Walthamstow
E17 9HJ,51.583437,-0.003151,Waltham Forest,Wood Street,Walthamstow
E11 3NT,51.558624,0.013853,Waltham Forest,Cann Hall,Leyton and Wanstead
E17 4EY,51.59452,-0.003936,Waltham Forest,Chapel End,Walthamstow
E11 4AB,51.565648,0.004337,Waltham Forest,Leytonstone,Leyton and Wanstead
E10 5DN,51.568196,-0.013299,Waltham Forest,Leyton,Leyton and Wanstead
E10 6JZ,51.567455,-0.003029,Waltham Forest,Grove Green,Leyton and Wanstead
E17 3ND,51.585182,-0.002093,Waltham Forest,Wood Street,Walthamstow
E17 6ND,51.585657,-0.039345,Waltham Forest,St James,Walthamstow
E11 1JD,51.574432,0.007595,Waltham Forest,Leytonstone,Leyton and Wanstead
E17 5DP,51.599489,-0.02444,Waltham Forest,Chapel End,Walthamstow
E17 9RZ,51.585208,-0.013727,Waltham Forest,Hoe Street,Walthamstow
E4 8SG,51.604231,-0.014486,Waltham Forest,Larkswood,Chingford and Woodford Green
E17 8DN,51.575572,-0.028348,Waltham Forest,Markhouse,Walthamstow
E4 7LT,51.630015,-0.007205,Waltham Forest,Endlebury,Chingford and Woodford Green
E17 4AZ,51.595235,-0.003169,Waltham Forest,Chapel End,Walthamstow
E17 3PY,51.585588,0.009357,Waltham Forest,Upper Walthamstow,Walthamstow
N17 9AB,51.592587,-0.06785,Haringey,Tottenham Hale,Tottenham
E4 7BA,51.632732,0.006945,Waltham Forest,Chingford Green,Chingford and Woodford Green
E4 9PP,51.606256,0.002875,Waltham Forest,Hale End & Highams Park South,Chingford and Woodford Green
E4 7RT,51.643143,-0.006615,Waltham Forest,Chingford Green,Chingford and Woodford Green
E10 6DB,51.576694,-0.007964,Waltham Forest,Forest,Leyton and Wanstead
E17 5NT,51.601056,-0.033686,Waltham Forest,Higham Hill,Walthamstow
NW4 4QR,51.592732,-0.226161,Barnet,Hendon,Hendon
SE2 9PX,51.49251,0.105412,Greenwich,Abbey Wood,Erith and Thamesmead
SW17 0YG,51.435746,-0.169894,Wandsworth,Wandsworth Common,Tooting
NW1 1QR,51.532372,-0.134446,Camden,St Pancras & Somers Town,Holborn and St Pancras
NW3 1SB,51.555398,-0.173664,Camden,Hampstead Town,Hampstead and Highgate
WC1B 4BY,,,,,
NW1 7PP,51.537213,-0.145409,Camden,Camden Town,Holborn and St Pancras
N6 6NA,51.567354,-0.155019,Camden,Highgate,Hampstead and Highgate
NW3 3NT,51.543075,-0.171735,Camden,Primrose Hill,Hampstead and Highgate
SE7 7BE,51.478001,0.037401,Greenwich,Charlton Hornfair,Eltham and Chislehurst
SE18 7QA,51.484891,0.08334,Greenwich,Plumstead & Glyndon,Erith and Thamesmead
SE18 5DA,51.48926,0.06052,Greenwich,Woolwich Dockyard,Greenwich and Woolwich
N1 4BZ,51.54536,-0.077321,Hackney,De Beauvoir,Islington South and Finsbury
N16 8AJ,51.552397,-0.07649,Hackney,Shacklewell,Hackney North and Stoke Newington
E9 6DX,51.548073,-0.049932,Hackney,Homerton,Hackney South and Shoreditch
N16 7NY,51.559995,-0.073718,Hackney,Stoke Newington,Hackney North and Stoke Newington
W6 9JJ,51.491896,-0.231406,Hammersmith and Fulham,Hammersmith Broadway,Hammersmith and Chiswick
SW6 1UF,51.485643,-0.199888,Hammersmith and Fulham,Lillie,Chelsea and Fulham
SW6 2HL,51.47827,-0.190587,Hammersmith and Fulham,Parsons Green & Sandford,Chelsea and Fulham
SW6 7QN,51.480293,-0.209906,Hammersmith and Fulham,Munster,Chelsea and Fulham
W6 8RB,51.489433,-0.217212,Hammersmith and Fulham,Hammersmith Broadway,Hammersmith and Chiswick
W14 9BU,51.491713,-0.211634,Hammersmith and Fulham,Avonmore,Hammersmith and Chiswick
SW6 5NU,,,,,
SW6 7EU,51.482729,-0.202207,Hammersmith and Fulham,Walham Green,Chelsea and Fulham
W12 9QG,51.505219,-0.240732,Hammersmith and Fulham,Coningham,Hammersmith and Chiswick
W6 0LB,51.494763,-0.230704,Hammersmith and Fulham,Grove,Hammersmith and Chiswick
N7 9EB,51.549737,-0.122095,Islington,Holloway,Islington South and Finsbury
N4 3PT,51.568996,-0.114,Islington,Tollington,Islington North
N19 3SZ,51.573188,-0.127565,Islington,Hillrise,Islington North
SW7 5BW,51.494857,-0.182137,Kensington and Chelsea,Courtfield,Kensington and Bayswater
W3 9JP,51.51332,-0.273942,Ealing,North Acton,Ealing Central and Acton
SW7 1JA,51.497875,-0.169814,Kensington and Chelsea,Brompton & Hans Town,Kensington and Bayswater
SW7 5PD,,,,,
SW4 7AS,51.460284,-0.137718,Lambeth,Clapham East,Clapham and Brixton Hill
SW2 2QA,,,,,
SW16 2HL,51.426468,-0.125643,Lambeth,Streatham Wells,Streatham and Croydon North
SE4 1JB,51.45468,-0.027143,Lewisham,Ladywell,Lewisham North
SE6 1AB,,,,,
SE14 5NY,51.473367,-0.041068,Lewisham,Telegraph Hill,Lewisham North
SE12 0PW,51.44478,0.014063,Lewisham,Grove Park,Lewisham East
SE16 4EE,51.496107,-0.062553,Southwark,North Bermondsey,Bermondsey and Old Southwark
E1 1BY,51.519554,-0.059467,Tower Hamlets,Spitalfields & Banglatown,Bethnal Green and Stepney
SW16 6DH,51.421856,-0.140416,Wandsworth,Furzedown,Tooting
SW17 8RS,51.434895,-0.15344,Wandsworth,South Balham,Tooting
SW15 5ER,51.456482,-0.240317,Wandsworth,West Putney,Putney
SW11 5AD,51.471392,-0.162364,Wandsworth,Battersea Park,Battersea
SW11 4LR,51.472468,-0.163314,Wandsworth,Battersea Park,Battersea
SW15 3EQ,51.437062,-0.243595,Wandsworth,Roehampton,Putney
SW15 4EG,,,,,
SW17 7SQ,51.437991,-0.162769,Wandsworth,Trinity,Tooting
SW4 9AW,51.455671,-0.132062,Lambeth,Clapham Common & Abbeville,Clapham and Brixton Hill
SW18 3SB,,,,,
SW19 8LR,51.422919,-0.201648,Merton,Wimbledon Town & Dundonald,Wimbledon
SW11 5QS,51.469663,-0.154139,Wandsworth,Shaftesbury & Queenstown,Battersea
SW17 0QT,51.426682,-0.175694,Wandsworth,Tooting Broadway,Tooting
W9 3AB,51.526675,-0.204483,Westminster,Queen's Park,Queen's Park and Maida Vale
W9 1DT,51.524143,-0.183132,Westminster,Little Venice,Queen's Park and Maida Vale
W2 2AX,51.513923,-0.166648,Westminster,Hyde Park,Cities of London and Westminster
N11 3DR,51.613655,-0.154904,Barnet,Friern Barnet,Hornsey and Friern Barnet
NW7 1PS,51.611222,-0.203243,Barnet,Totteridge & Woodside,Chipping Barnet
N12 9RU,51.622013,-0.175296,Barnet,Woodhouse,Finchley and Golders Green
NW6 5RS,51.53107,-0.196135,Brent,Kilburn,Queen's Park and Maida Vale
NW10 4UE,51.534895,-0.24857,Brent,Harlesden & Kensal Green,Queen's Park and Maida Vale
NW2 6HD,51.562386,-0.234182,Brent,Dollis Hill,Brent East
W7 1LB,51.511474,-0.335361,Ealing,Hanwell Broadway,Ealing Southall
W5 2RA,51.523772,-0.302492,Ealing,Hanger Hill,Ealing Central and Acton
W4 5AW,51.502213,-0.265933,Ealing,Southfield,Ealing Central and Acton
W5 5EW,51.510292,-0.306813,Ealing,Walpole,Ealing Southall
W13 8QH,51.51342,-0.316698,Ealing,Walpole,Ealing Southall
N13 4RS,51.610898,-0.116093,Enfield,New Southgate,Southgate and Wood Green
N10 2PT,51.591956,-0.140653,Haringey,Muswell Hill,Hornsey and Friern Barnet
N17 6HZ,51.596854,-0.080173,Haringey,West Green,Tottenham
N17 9PB,51.588603,-0.065146,Haringey,South Tottenham,Tottenham
N8 8AT,51.575378,-0.128457,Haringey,Crouch End,Hornsey and Friern Barnet
N17 8HL,51.607014,-0.078459,Haringey,Bruce Castle,Tottenham
N10 3NH,51.588879,-0.145673,Haringey,Muswell Hill,Hornsey and Friern Barnet
N22 8PA,51.60244,-0.116356,Haringey,Woodside,Southgate and Wood Green
SW19 7PR,51.426395,-0.211409,Merton,Village,Wimbledon
SW19 3QR,51.416084,-0.207525,Merton,Wimbledon Town & Dundonald,Wimbledon
E7 9PG,51.540166,0.027141,Newham,Green Street West,Stratford and Bow
E16 1PZ,51.516339,0.018589,Newham,Custom House,West Ham and Beckton
E15 4AB,51.542476,0.015217,Newham,Forest Gate South,Stratford and Bow
E12 5AF,51.549822,0.045946,Newham,Manor Park,East Ham
E6 4AD,,,,,
E13 9JD,51.530514,0.031975,Newham,Plaistow North,West Ham and Beckton
E15 1HB,51.547527,0.00755,Newham,Maryland,Stratford and Bow
E16 3HQ,,,,,
E7 9HW,51.543814,0.017468,Newham,Forest Gate South,Stratford and Bow
E6 2PN,51.529833,0.064283,Newham,Wall End,East Ham
E16 3HX,51.511704,0.033343,Newham,Custom House,West Ham and Beckton
E18 2QZ,51.598621,0.027533,Redbridge,Churchfields,Chingford and Woodford Green
E4 6DT,51.629143,0.014936,Waltham Forest,Chingford Green,Chingford and Woodford Green
E17 9AA,51.577666,-0.017043,Waltham Forest,Markhouse,Walthamstow
SE27 9NP,51.428296,-0.097934,Lambeth,Knight's Hill,Dulwich and West Norwood
SW6 3ES,51.467041,-0.193104,Hammersmith and Fulham,Palace & Hurlingham,Chelsea and Fulham
NW6 7YG,51.541964,-0.210472,Brent,Brondesbury Park,Brent East
N1 4PB,51.54728,-0.081408,Islington,Mildmay,Islington North
SE5 7LL,51.474218,-0.087169,Southwark,St Giles,Peckham
SE9 3QT,51.436508,0.069209,Greenwich,"Mottingham, Coldharbour & New Eltham",Eltham and Chislehurst
E5 0LE,51.555282,-0.046464,Hackney,Lea Bridge,Hackney North and Stoke Newington
NW10 4SD,51.533247,-0.241784,Brent,Harlesden & Kensal Green,Queen's Park and Maida Vale
EC1R 4PQ,51.522751,-0.112625,Camden,Holborn & Covent Garden,Holborn and St Pancras
E4 9DD,51.612366,-0.011647,Waltham Forest,Larkswood,Chingford and Woodford Green
E14 3RP,51.495317,-0.026526,Tower Hamlets,Canary Wharf,Poplar and Limehouse
SE15 3UE,51.4613,-0.059004,Southwark,Peckham Rye,Lewisham West and East Dulwich
SW11 6JZ,51.455078,-0.158786,Wandsworth,Northcote,Battersea
WC2B 4BA,51.515177,-0.119179,Camden,Holborn & Covent Garden,Holborn and St Pancras
WC1H 8JB,,,,,
NW1 1TR,51.535239,-0.13603,Camden,St Pancras & Somers Town,Holborn and St Pancras
WC1N 3AQ,51.520866,-0.121784,Camden,Holborn & Covent Garden,Holborn and St Pancras
SE18 7DQ,,,,,
E8 3RE,51.541123,-0.054872,Hackney,Victoria,Hackney South and Shoreditch
N1 6HQ,51.530735,-0.079278,Hackney,Hoxton East & Shoreditch,Hackney South and Shoreditch
W14 9BL,51.491866,-0.214005,Hammersmith and Fulham,Avonmore,Hammersmith and Chiswick
N7 0RN,51.556574,-0.118294,Islington,Holloway,Islington South and Finsbury
SW10 0QS,51.481736,-0.185625,Kensington and Chelsea,Stanley,Chelsea and Fulham
W10 6EY,51.520274,-0.21582,Kensington and Chelsea,St. Helen's,Kensington and Bayswater
SE1 7HT,51.497879,-0.109951,Lambeth,Waterloo & South Bank,Vauxhall and Camberwell Green
SW4 9BL,51.458706,-0.14141,Lambeth,Clapham East,Clapham and Brixton Hill
SE1 7JY,51.495468,-0.11662,Lambeth,Waterloo & South Bank,Vauxhall and Camberwell Green
SE4 1UT,51.46822,-0.025911,Lewisham,Brockley,Lewisham North
SE13 5GE,51.463789,-0.002679,Lewisham,Blackheath,Lewisham North
E14 0AF,51.508546,-0.016948,Tower Hamlets,Poplar,Poplar and Limehouse
EC2A 4XW,,,,,
SW18 2PP,51.456149,-0.190051,Wandsworth,Wandsworth Town,Putney
WC1X 8RA,51.526906,-0.118768,Camden,King's Cross,Holborn and St Pancras
SW12 8EN,51.451151,-0.149258,Wandsworth,Balham,Battersea
W2 1NB,51.521034,-0.174579,Westminster,Little Venice,Queen's Park and Maida Vale
NW9 5RA,51.605644,-0.248881,Barnet,Colindale North,Hendon
N12 9EY,51.61148,-0.168771,Barnet,Woodhouse,Finchley and Golders Green
NW10 2XD,51.551718,-0.243005,Brent,Roundwood,Brent East
W3 8UX,51.507128,-0.275992,Ealing,South Acton,Ealing Central and Acton
N14 6BS,51.63041,-0.129501,Enfield,Southgate,Southgate and Wood Green
N15 4RU,51.586214,-0.072393,Haringey,Tottenham Central,Tottenham
E6 6ER,51.531752,0.054868,Newham,East Ham,East Ham
E13 8SG,51.520069,0.031726,Newham,Plaistow South,West Ham and Beckton
E17 4JB,51.591437,-0.010351,Waltham Forest,Chapel End,Walthamstow
E10 6EQ,51.576068,-0.002868,Waltham Forest,Forest,Leyton and Wanstead
E17 5AA,51.59703,-0.014583,Waltham Forest,Chapel End,Walthamstow
SE12 8JP,51.454842,0.024567,Greenwich,Kidbrooke Village & Sutcliffe,Eltham and Chislehurst
E4 7SD,51.648297,-0.010942,Epping Forest,Waltham Abbey South & Rural,Epping Forest
SW1P 1SB,51.496523,-0.135349,Westminster,St James's,Cities of London and Westminster
W9 2DR,51.525352,-0.192123,Westminster,Harrow Road,Queen's Park and Maida Vale
SE15 5TD,51.476214,-0.065744,Southwark,Peckham,Peckham
NW9 7EY,51.582551,-0.248224,Barnet,West Hendon,Hendon
W5 2UP,51.516464,-0.303283,Ealing,Ealing Broadway,Ealing Central and Acton
E17 5QX,51.598457,-0.0353,Waltham Forest,Higham Hill,Walthamstow
E14 7LL,51.513185,-0.037716,Tower Hamlets,St Dunstan's,Bethnal Green and Stepney
NW9 6AX,51.580091,-0.239485,Barnet,West Hendon,Hendon
E13 8SR,51.523493,0.021485,Newham,Plaistow West & Canning Town East,West Ham and Beckton
N1 2QH,51.546445,-0.087558,Islington,Canonbury,Islington South and Finsbury
SW6 7PP,51.482775,-0.214044,Hammersmith and Fulham,Fulham Reach,Chelsea and Fulham
E17 8SB,51.575629,-0.033888,Waltham Forest,St James,Walthamstow
N15 5RG,51.580567,-0.083962,Haringey,Hermitage & Gardens,Tottenham
NW6 7BT,51.543241,-0.214041,Brent,Brondesbury Park,Brent East
SE24 9DE,51.448885,-0.100374,Lambeth,West Dulwich,Dulwich and West Norwood
SW19 4ED,51.419929,-0.210194,Merton,Hillside,Wimbledon
SE28 0JN,51.500283,0.094647,Greenwich,West Thamesmead,Erith and Thamesmead
SW2 2EH,,,,,
NW4 2NB,51.583398,-0.213159,Barnet,Hendon,Hendon
N3 1UE,51.599565,-0.203081,Barnet,Finchley Church End,Finchley and Golders Green
SW2 2ES,51.449781,-0.114686,Lambeth,Brixton Rush Common,Clapham and Brixton Hill
SE11 4AX,51.482845,-0.106136,Lambeth,Kennington,Vauxhall and Camberwell Green
W14 9SD,51.486642,-0.210508,Hammersmith and Fulham,Fulham Reach,Chelsea and Fulham
SE3 0TF,51.467132,0.010612,Lewisham,Blackheath,Lewisham North
SE19 1BY,51.420977,-0.090255,Croydon,Crystal Palace & Upper Norwood,Streatham and Croydon North
E1W 2RG,51.509361,-0.058633,Tower Hamlets,St Katharine's & Wapping,Poplar and Limehouse
N14 4AL,51.643,-0.137452,Enfield,Cockfosters,Southgate and Wood Green
W12 0RH,51.513168,-0.241881,Hammersmith and Fulham,Wormholt,Ealing Central and Acton
SE16 2PA,51.492178,-0.050662,Southwark,Rotherhithe,Bermondsey and Old Southwark
SW9 6AH,51.471721,-0.112875,Lambeth,Stockwell East,Vauxhall and Camberwell Green
SE10 8RZ,51.476862,-0.008847,Greenwich,Greenwich Park,Greenwich and Woolwich
NW4 3ES,51.579892,-0.235812,Barnet,West Hendon,Hendon
W2 5EZ,51.52112,-0.192911,Westminster,Westbourne,Queen's Park and Maida Vale
SE11 4PW,51.481458,-0.112185,Lambeth,Oval,Vauxhall and Camberwell Green
SE19 2RU,51.410881,-0.076699,Croydon,Crystal Palace & Upper Norwood,Streatham and Croydon North
NW7 1QR,51.6176,-0.228847,Barnet,Mill Hill,Hendon
NW11 9LH,51.580111,-0.213476,Barnet,Hendon,Hendon
NW3 1NG,51.555367,-0.173377,Camden,Hampstead Town,Hampstead and Highgate
SW11 4NB,51.474335,-0.157321,Wandsworth,Battersea Park,Battersea
W7 2AH,51.500263,-0.329834,Ealing,Northfield,Ealing Southall
SE21 8LR,51.445351,-0.098765,Lambeth,West Dulwich,Dulwich and West Norwood
SW9 8UE,51.461964,-0.107303,Lambeth,Brixton Windrush,Dulwich and West Norwood
E5 9DH,51.567018,-0.060031,Hackney,Springfield,Hackney North and Stoke Newington
EC2A 2DU,51.522217,-0.084148,Hackney,Hoxton East & Shoreditch,Hackney South and Shoreditch
SW7 2DZ,,,,,
SE9 5DQ,51.449946,0.05374,Greenwich,Eltham Town & Avery Hill,Eltham and Chislehurst
SE3 9JL,51.465656,0.013326,Greenwich,Blackheath Westcombe,Greenwich and Woolwich
NW4 2TA,51.585143,-0.22383,Barnet,Hendon,Hendon
W14 9RY,,,,,
N1 5LR,51.534485,-0.077649,Hackney,Hoxton East & Shoreditch,Hackney South and Shoreditch
SW16 6NW,51.428153,-0.133759,Lambeth,Streatham St Leonard's,Streatham and Croydon North
SE4 2BQ,51.457589,-0.036518,Lewisham,Crofton Park,Lewisham West and East Dulwich
E13 8AA,51.528994,0.023718,Newham,Plaistow West & Canning Town East,West Ham and Beckton
SW9 7PH,51.46527,-0.112666,Lambeth,Brixton North,Dulwich and West Norwood
N22 5PS,51.598785,-0.094949,Haringey,White Hart Lane,Southgate and Wood Green
E3 3LF,51.525153,-0.013054,Tower Hamlets,Bromley North,Stratford and Bow
E3 4EA,51.525283,-0.020199,Tower Hamlets,Bromley North,Stratford and Bow
E16 2AW,51.503534,0.025861,Newham,Royal Victoria,West Ham and Beckton
N18 1DY,51.61054,-0.083437,Enfield,Upper Edmonton,Edmonton and Winchmore Hill
SE7 8LN,,,,,
N14 4LR,51.636727,-0.125845,Enfield,Southgate,Southgate and Wood Green
SW18 3QG,51.440632,-0.18511,Wandsworth,Wandsworth Common,Tooting
SW9 7JP,51.468895,-0.111566,Lambeth,Brixton North,Dulwich and West Norwood
E3 2SJ,51.529189,-0.01667,Tower Hamlets,Bow East,Stratford and Bow
SW6 6EG,51.472642,-0.214727,Hammersmith and Fulham,Palace & Hurlingham,Chelsea and Fulham
N7 6BU,51.560066,-0.115668,Islington,Finsbury Park,Islington North
SW9 8RP,51.463574,-0.105609,Lambeth,Brixton Windrush,Dulwich and West Norwood
W12 9DL,51.50654,-0.243058,Hammersmith and Fulham,Coningham,Hammersmith and Chiswick
SE25 5PL,51.390293,-0.089593,Croydon,Selhurst,Croydon West
E1 1NT,51.513891,-0.066136,Tower Hamlets,Whitechapel,Bethnal Green and Stepney
N16 6UA,51.573648,-0.070024,Hackney,Springfield,Hackney North and Stoke Newington
E2 0HW,51.526016,-0.053786,Tower Hamlets,Bethnal Green East,Bethnal Green and Stepney
W13 0LR,51.519238,-0.329283,Ealing,Pitshanger,Ealing North
W3 0BP,51.518241,-0.266751,Ealing,North Acton,Ealing Central and Acton
N15 3QR,51.586526,-0.089789,Haringey,West Green,Tottenham
N11 2AZ,51.602146,-0.136237,Haringey,Alexandra Park,Hornsey and Friern Barnet
W11 4RS,51.507237,-0.214744,Kensington and Chelsea,Norland,Kensington and Bayswater
SE21 7HH,51.435544,-0.079735,Southwark,Dulwich Wood,Dulwich and West Norwood
SW9 6HY,51.477228,-0.108068,Lambeth,Myatt's Fields,Vauxhall and Camberwell Green
EC1R 1YJ,51.527772,-0.106117,Islington,Clerkenwell,Islington South and Finsbury
E6 6WG,51.512582,0.068029,Newham,Beckton,West Ham and Beckton
NW4 1TP,51.593539,-0.218291,Barnet,Hendon,Hendon
W3 8RR,51.506991,-0.274671,Ealing,South Acton,Ealing Central and Acton
E7 9PN,51.540673,0.024366,Newham,Green Street West,Stratford and Bow
E16 3HS,51.510992,0.035026,Newham,Custom House,West Ham and Beckton
NW7 2AL,51.608402,-0.246305,Barnet,Burnt Oak,Hendon
N16 8BY,51.553926,-0.077075,Hackney,Shacklewell,Hackney North and Stoke Newington
SE1 8TX,51.505312,-0.113029,Lambeth,Waterloo & South Bank,Vauxhall and Camberwell Green
W1H 1PL,51.519746,-0.160663,Westminster,Marylebone,Cities of London and Westminster
SE22 8HG,51.461472,-0.077034,Southwark,Goose Green,Lewisham West and East Dulwich
E6 5JG,51.514387,0.055399,Newham,Beckton,West Ham and Beckton
SW7 2DR,51.494266,-0.17768,Kensington and Chelsea,Courtfield,Kensington and Bayswater
N1 5PH,51.537209,-0.084773,Hackney,Hoxton East & Shoreditch,Hackney South and Shoreditch
SE3 7SE,51.480166,0.017248,Greenwich,Blackheath Westcombe,Greenwich and Woolwich
NW2 6HL,51.564565,-0.224864,Brent,Dollis Hill,Brent East
SW19 6HR,51.442312,-0.217291,Wandsworth,West Hill,Putney
SE6 4LP,51.434754,-0.034764,Lewisham,Perry Vale,Lewisham West and East Dulwich
NW8 8DE,51.522923,-0.168881,Westminster,Church Street,Queen's Park and Maida Vale
SW18 5JR,51.446964,-0.208576,Wandsworth,West Hill,Putney
SW11 2FR,51.465125,-0.172751,Wandsworth,Falconbrook,Battersea
N21 1QQ,51.648727,-0.108134,Enfield,Oakwood,Southgate and Wood Green
E14 9TS,51.499196,-0.01283,Tower Hamlets,Blackwall & Cubitt Town,Poplar and Limehouse
N16 6PA,51.56487,-0.071016,Hackney,Cazenove,Hackney North and Stoke Newington
SE2 9LZ,51.491446,0.106083,Greenwich,Abbey Wood,Erith and Thamesmead
E12 5PY,51.551278,0.055229,Newham,Little Ilford,East Ham
W14 8HJ,51.497338,-0.207207,Kensington and Chelsea,Holland,Kensington and Bayswater
E1 2HX,51.515938,-0.056148,Tower Hamlets,Whitechapel,Bethnal Green and Stepney
E13 9DQ,51.531708,0.029534,Newham,Plaistow North,West Ham and Beckton
E13 8LH,51.522187,0.026285,Newham,Plaistow South,West Ham and Beckton
SE9 1XP,51.462068,0.061972,Greenwich,Eltham Park & Progress,Eltham and Chislehurst
E9 5BX,51.543253,-0.04183,Hackney,Hackney Wick,Hackney South and Shoreditch
SE5 0UD,,,,,
SW1P 2NS,,,,,
E10 6QT,51.564203,-0.009534,Waltham Forest,Grove Green,Leyton and Wanstead
N17 9HY,51.5901,-0.06976,Haringey,Tottenham Hale,Tottenham
W6 8EA,51.483874,-0.217126,Hammersmith and Fulham,Fulham Reach,Chelsea and Fulham
SE1 7NA,51.504234,-0.115884,Lambeth,Waterloo & South Bank,Vauxhall and Camberwell Green
N20 9EQ,,,,,
W1U 3AQ,,,,,
NW1 5HT,51.523499,-0.151675,Westminster,Regent's Park,Cities of London and Westminster
W1G 0RN,51.516016,-0.145895,Westminster,West End,Cities of London and Westminster
N8 9EA,51.576083,-0.121905,Haringey,Crouch End,Hornsey and Friern Barnet
SE20 8BG,,,,,
SE3 7PA,51.479739,0.01229,Greenwich,Blackheath Westcombe,Greenwich and Woolwich
SW2 1QS,51.456532,-0.119547,Lambeth,Brixton Acre Lane,Clapham and Brixton Hill
SW8 2JY,51.475874,-0.132979,Lambeth,Stockwell West & Larkhall,Vauxhall and Camberwell Green
SE27 0TX,,,,,
NW6 7UJ,51.54059,-0.197057,Brent,Kilburn,Queen's Park and Maida Vale
W12 9NT,51.500694,-0.2352,Hammersmith and Fulham,Coningham,Hammersmith and Chiswick
SW19 3QA,51.413623,-0.211806,Merton,Wimbledon Town & Dundonald,Wimbledon
SE5 8UF,51.47404,-0.080667,Southwark,St Giles,Peckham
SE1 6SB,51.494915,-0.101818,Southwark,St George's,Bermondsey and Old Southwark
NW3 5BU,51.550212,-0.17442,Camden,Belsize,Hampstead and Highgate
SE23 1AT,51.443532,-0.046691,Lewisham,Crofton Park,Lewisham West and East Dulwich
SW19 5NJ,51.437138,-0.223564,Merton,Village,Wimbledon
E15 1BX,51.542937,0.001464,Newham,Stratford,Stratford and Bow
E10 7LX,51.565985,-0.025602,Waltham Forest,Lea Bridge,Walthamstow
E1 4AA,51.522215,-0.045299,Tower Hamlets,Bethnal Green East,Bethnal Green and Stepney
W14 8UD,51.494582,-0.213453,Hammersmith and Fulham,Brook Green,Hammersmith and Chiswick
NW6 5HE,51.532726,-0.197367,Brent,Kilburn,Queen's Park and Maida Vale
N8 7NU,51.587553,-0.117202,Haringey,Hornsey,Hornsey and Friern Barnet
SE16 7BS,,,,,
W8 7PN,51.507598,-0.196054,Kensington and Chelsea,Campden,Kensington and Bayswater
SW16 2PW,51.436456,-0.123206,Lambeth,Streatham Hill East,Streatham and Croydon North
SE24 0HZ,51.461632,-0.100119,Lambeth,Herne Hill & Loughborough Junction,Dulwich and West Norwood
W5 5AL,51.512363,-0.308263,Ealing,Ealing Broadway,Ealing Central and Acton
SE14 6EU,51.480609,-0.037992,Lewisham,Deptford,Lewisham North
NW2 7BZ,51.562441,-0.239619,Brent,Dollis Hill,Brent East
E5 8BY,51.558262,-0.062408,Hackney,Hackney Downs,Hackney North and Stoke Newington
SW4 0EL,51.465774,-0.141382,Lambeth,Clapham Town,Clapham and Brixton Hill
W2 1NY,51.516971,-0.173545,Westminster,Hyde Park,Cities of London and Westminster
E10 6QW,51.563441,-0.007042,Waltham Forest,Grove Green,Leyton and Wanstead
NW11 9BY,51.576397,-0.2058,Barnet,Golders Green,Finchley and Golders Green
SE5 9RS,51.468078,-0.09389,Lambeth,Herne Hill & Loughborough Junction,Dulwich and West Norwood
NW4 1DJ,51.589647,-0.217822,Barnet,Hendon,Hendon
NW9 7AJ,51.573826,-0.234272,Barnet,West Hendon,Hendon
N16 6UB,51.573522,-0.068341,Hackney,Springfield,Hackney North and Stoke Newington
E5 8BP,51.559301,-0.056752,Hackney,Hackney Downs,Hackney North and Stoke Newington
E5 9AE,51.572788,-0.071301,Hackney,Springfield,Hackney North and Stoke Newington
E1 1JX,51.517319,-0.066265,Tower Hamlets,Whitechapel,Bethnal Green and Stepney
NW9 9AE,51.588777,-0.266058,Brent,Kingsbury,Brent East
SE25 6XX,51.396769,-0.080382,Croydon,South Norwood,Croydon West
E11 3HE,51.560812,0.012637,Waltham Forest,Cann Hall,Leyton and Wanstead
E4 7RS,51.641989,-0.009079,Waltham Forest,Chingford Green,Chingford and Woodford Green
SE10 0EW,51.501677,0.005678,Greenwich,Greenwich Peninsula,Greenwich and Woolwich
E1 4NS,51.524637,-0.040683,Tower Hamlets,Bethnal Green East,Bethnal Green and Stepney
E16 2RD,51.507567,0.063234,Newham,Royal Albert,West Ham and Beckton
EC1V 0HB,51.527903,-0.103099,Islington,Clerkenwell,Islington South and Finsbury
N7 8DB,51.551473,-0.110354,Islington,Arsenal,Islington North
NW4 4BT,51.589852,-0.229002,Barnet,Hendon,Hendon
NW1 0TU,51.53683,-0.133773,Camden,St Pancras & Somers Town,Holborn and St Pancras
NW1 4SA,51.526583,-0.161353,Westminster,Regent's Park,Cities of London and Westminster
NW3 3HY,51.544328,-0.17418,Camden,Belsize,Hampstead and Highgate
SE1 0AA,51.498709,-0.101747,Southwark,St George's,Bermondsey and Old Southwark
SE1 8WA,51.505036,-0.112652,Lambeth,Waterloo & South Bank,Vauxhall and Camberwell Green
SE8 3DZ,51.479054,-0.020388,Lewisham,Deptford,Lewisham North
SE10 9LS,51.484468,-0.003979,Greenwich,East Greenwich,Greenwich and Woolwich
SE14 6NW,51.474144,-0.035375,Lewisham,Brockley,Lewisham North
SW15 5PJ,51.455142,-0.246918,Wandsworth,Roehampton,Putney
SW17 0RE,51.427798,-0.175204,Wandsworth,Tooting Broadway,Tooting
SW7 2AZ,51.499334,-0.179178,Westminster,Knightsbridge & Belgravia,Cities of London and Westminster
SW7 2BS,51.49928,-0.176889,Westminster,Knightsbridge & Belgravia,Cities of London and Westminster
SW7 2EU,51.501355,-0.178449,Westminster,Knightsbridge & Belgravia,Cities of London and Westminster
SW3 6JB,51.490269,-0.173936,Kensington and Chelsea,Stanley,Chelsea and Fulham
W1B 2UW,,,,,
WC1V 7EY,51.517766,-0.116363,Camden,Holborn & Covent Garden,Holborn and St Pancras
W5 5RF,51.50726,-0.302991,Ealing,Ealing Common,Ealing Central and Acton
WC1E 6BT,51.523571,-0.132398,Camden,Bloomsbury,Holborn and St Pancras
WC1E 7HT,51.520927,-0.130661,Camden,Bloomsbury,Holborn and St Pancras
WC1E 7HU,51.520644,-0.128698,Camden,Bloomsbury,Holborn and St Pancras
WC1E 7HX,51.521893,-0.130334,Camden,Bloomsbury,Holborn and St Pancras
WC1H 0XG,51.522352,-0.129234,Camden,Bloomsbury,Holborn and St Pancras
WC1H 0JJ,51.526751,-0.129342,Camden,Bloomsbury,Holborn and St Pancras
WC1N 1AX,51.525085,-0.122432,Camden,King's Cross,Holborn and St Pancras
WC2A 2AE,51.514116,-0.116946,Westminster,St James's,Cities of London and Westminster
NW8 0NW,51.536406,-0.176573,Westminster,Abbey Road,Cities of London and Westminster
SE15 6EF,51.480289,-0.082234,Southwark,Peckham,Peckham
NW10 7NS,51.530938,-0.269138,Brent,Stonebridge,Brent East
W6 7BL,51.495292,-0.218121,Hammersmith and Fulham,Brook Green,Hammersmith and Chiswick
SW6 4LJ,51.472149,-0.207792,Hammersmith and Fulham,Fulham Town,Chelsea and Fulham
N7 0EQ,51.553716,-0.12962,Islington,Tufnell Park,Islington North
SW17 0DS,51.430334,-0.167118,Wandsworth,Tooting Bec,Tooting
E4 6EY,51.625359,0.009538,Waltham Forest,Hatch Lane & Highams Park North,Chingford and Woodford Green
SW2 3BL,51.437308,-0.11861,Lambeth,Streatham Hill East,Streatham and Croydon North
SE15 5AH,51.469935,-0.076031,Southwark,St Giles,Peckham
SW18 2SL,51.458567,-0.177245,Wandsworth,Wandsworth Town,Battersea
WC2R 0RN,51.510734,-0.116912,Westminster,St James's,Cities of London and Westminster
N17 8HR,51.606797,-0.072937,Haringey,Bruce Castle,Tottenham
W2 1SJ,51.521364,-0.176756,Westminster,Little Venice,Queen's Park and Maida Vale
SE4 2NL,51.46729,-0.039572,Lewisham,Telegraph Hill,Lewisham North
SW16 2PG,51.437316,-0.126379,Lambeth,Streatham Wells,Streatham and Croydon North
SE1 5LA,51.489227,-0.064674,Southwark,South Bermondsey,Bermondsey and Old Southwark
NW11 9QA,51.579588,-0.208662,Barnet,Golders Green,Finchley and Golders Green
N21 2RH,51.63578,-0.083312,Enfield,Bush Hill Park,Edmonton and Winchmore Hill
SW17 0UQ,51.432649,-0.181787,Wandsworth,Wandsworth Common,Tooting
W6 9TA,51.490606,-0.236541,Hammersmith and Fulham,Ravenscourt,Hammersmith and Chiswick
N1 0TJ,51.53537,-0.113314,Islington,Barnsbury,Islington South and Finsbury
N9 9SJ,51.628551,-0.074081,Enfield,Haselbury,Edmonton and Winchmore Hill
SE10 0RA,51.486424,0.008422,Greenwich,East Greenwich,Greenwich and Woolwich
E8 4AE,51.543331,-0.075849,Hackney,London Fields,Hackney South and Shoreditch
SE13 7QY,51.471562,-0.015558,Greenwich,Greenwich Park,Greenwich and Woolwich
SE23 2DF,51.441788,-0.050492,Lewisham,Perry Vale,Lewisham West and East Dulwich
SE13 6NZ,51.451146,-0.016472,Lewisham,Rushey Green,Lewisham East
SE18 6BB,51.49114,0.068672,Greenwich,Woolwich Arsenal,Greenwich and Woolwich
EC1V 3QS,51.525891,-0.093812,Islington,Bunhill,Islington South and Finsbury
N1 8SJ,51.538607,-0.095501,Islington,St Mary's & St James',Islington South and Finsbury
E15 4DR,51.539337,0.007911,Newham,West Ham,West Ham and Beckton
E17 4PN,51.593914,-0.01804,Waltham Forest,Chapel End,Walthamstow
SE8 3DE,51.481545,-0.02198,Greenwich,Greenwich Creekside,Greenwich and Woolwich
SW2 3ES,51.444442,-0.11823,Lambeth,St Martin's,Clapham and Brixton Hill
E7 8AB,51.5475,0.033611,Newham,Forest Gate South,Stratford and Bow
E17 5DA,51.597534,-0.022618,Waltham Forest,Chapel End,Walthamstow
N9 8LD,51.628458,-0.051545,Enfield,Lower Edmonton,Edmonton and Winchmore Hill
N17 0DA,,,,,
N18 2XF,51.61258,-0.065311,Enfield,Upper Edmonton,Edmonton and Winchmore Hill
E7 8NN,51.541879,0.040384,Newham,Green Street East,East Ham
E8 1GQ,51.544479,-0.05607,Hackney,Hackney Central,Hackney South and Shoreditch
W9 3HW,,,,,
E7 9NB,51.544282,0.02418,Newham,Forest Gate South,Stratford and Bow
W11 1QQ,51.516844,-0.208473,Kensington and Chelsea,Colville,Kensington and Bayswater
W4 4JU,51.489585,-0.268774,Hounslow,Chiswick Gunnersbury,Hammersmith and Chiswick
N11 1NP,,,,,
N15 3AS,51.58302,-0.091524,Haringey,St Ann's,Tottenham
SW16 3JE,51.422916,-0.109966,Croydon,Norbury Park,Streatham and Croydon North
E5 8JY,51.551486,-0.062653,Hackney,Hackney Central,Hackney South and Shoreditch
NW9 6HB,51.589386,-0.239862,Barnet,Colindale South,Hendon
N1 9JF,51.531943,-0.113254,Islington,Barnsbury,Islington South and Finsbury
N6 5RX,51.575807,-0.144704,Haringey,Highgate,Hampstead and Highgate
SW4 9AH,51.452614,-0.149127,Wandsworth,Balham,Battersea
W11 4EY,51.51224,-0.212026,Kensington and Chelsea,Notting Dale,Kensington and Bayswater
SW11 5PN,51.465214,-0.152044,Wandsworth,Lavender,Battersea
SW4 9ET,51.457389,-0.141161,Lambeth,Clapham Common & Abbeville,Clapham and Brixton Hill
W1H 2EA,51.516633,-0.161134,Westminster,Marylebone,Cities of London and Westminster
NW1 1BD,51.53425,-0.137743,Camden,Regent's Park,Holborn and St Pancras
NW1 6LG,51.523971,-0.166287,Westminster,Regent's Park,Cities of London and Westminster
SW5 0LX,51.493626,-0.18802,Kensington and Chelsea,Courtfield,Kensington and Bayswater
SE1 3RY,51.501115,-0.08878,Southwark,London Bridge & West Bermondsey,Bermondsey and Old Southwark
SE8 4EW,51.469644,-0.022884,Lewisham,Brockley,Lewisham North
NW7 4HX,51.623447,-0.236797,Barnet,Mill Hill,Hendon
W10 4RS,51.527778,-0.207828,Westminster,Queen's Park,Queen's Park and Maida Vale
E12 5AD,51.55002,0.045407,Newham,Manor Park,East Ham
NW1 7AB,51.536641,-0.146787,Camden,Primrose Hill,Holborn and St Pancras
E7 8BS,51.546766,0.031386,Newham,Green Street East,East Ham
SE25 6AE,51.400129,-0.074691,Croydon,South Norwood,Croydon West
SE3 0XX,51.464218,-0.000415,Lewisham,Blackheath,Lewisham North
NW10 4EB,51.538966,-0.245962,Brent,Harlesden & Kensal Green,Queen's Park and Maida Vale
E15 4PH,51.539492,0.00414,Newham,Stratford,Stratford and Bow
NW9 9HA,51.587693,-0.272452,Brent,Queensbury,Harrow East
N1 5DJ,51.536237,-0.085218,Hackney,Hoxton East & Shoreditch,Hackney South and Shoreditch
SE24 0QN,,,,,
SE1 4JU,51.500478,-0.091631,Southwark,Chaucer,Bermondsey and Old Southwark
EC2Y 8DT,51.519519,-0.092348,City of London,Cripplegate,Cities of London and Westminster
SE19 2BH,,,,,
E2 9DQ,51.534717,-0.055189,Tower Hamlets,Bethnal Green West,Bethnal Green and Stepney
E18 2QS,51.597443,0.021763,Redbridge,Churchfields,Chingford and Woodford Green
W13 0NP,51.512707,-0.320284,Ealing,Hanwell Broadway,Ealing Southall
SW10 0AB,51.478207,-0.183029,Kensington and Chelsea,Chelsea Riverside,Chelsea and Fulham
SW17 7DJ,51.437358,-0.172348,Wandsworth,Wandsworth Common,Tooting
W3 8SB,51.507119,-0.273586,Ealing,South Acton,Ealing Central and Acton
N12 0EY,51.611815,-0.178131,Barnet,West Finchley,Finchley and Golders Green
W12 8AP,51.505897,-0.223068,Hammersmith and Fulham,Shepherd's Bush Green,Hammersmith and Chiswick
SE11 5SY,51.482547,-0.112759,Lambeth,Kennington,Vauxhall and Camberwell Green
NW9 8BD,,,,,
SW11 3DQ,51.474734,-0.171935,Wandsworth,St Mary's,Battersea
W6 0EU,51.498318,-0.2345,Hammersmith and Fulham,Grove,Hammersmith and Chiswick
NW10 8AH,51.534876,-0.251498,Brent,Harlesden & Kensal Green,Queen's Park and Maida Vale
W3 7DD,51.514651,-0.24965,Ealing,East Acton,Ealing Central and Acton
EC2M 6SE,51.517619,-0.088363,City of London,Coleman Street,Cities of London and Westminster
SE22 0AT,51.456613,-0.065421,Southwark,Dulwich Hill,Lewisham West and East Dulwich
E9 6EA,51.548663,-0.048608,Hackney,Homerton,Hackney South and Shoreditch
SE13 7BN,51.463566,-0.016006,Lewisham,Lewisham Central,Lewisham North
N22 7ST,51.59764,-0.119269,Haringey,Noel Park,Southgate and Wood Green
E15 2DD,51.552833,-0.00615,Waltham Forest,Cathall,Leyton and Wanstead
SE8 5RQ,51.490098,-0.041849,Lewisham,Evelyn,Lewisham North
NW3 2LE,51.554757,-0.156235,Camden,Gospel Oak,Hampstead and Highgate
W10 5BJ,51.525704,-0.20801,Kensington and Chelsea,Golborne,Kensington and Bayswater
E14 7AF,51.51453,-0.027267,Tower Hamlets,Mile End,Poplar and Limehouse
N17 6SB,51.595442,-0.069202,Haringey,Bruce Castle,Tottenham
E14 0FH,51.508493,0.008889,Tower Hamlets,Blackwall & Cubitt Town,Poplar and Limehouse
SE26 4ST,51.429519,-0.051921,Lewisham,Perry Vale,Lewisham West and East Dulwich
N16 6TJ,51.575164,-0.069758,Hackney,Springfield,Hackney North and Stoke Newington
SE13 5BD,51.462769,-0.007705,Lewisham,Blackheath,Lewisham North
E15 4HJ,51.538343,0.010304,Newham,West Ham,West Ham and Beckton
E15 4HT,51.539819,0.008163,Newham,West Ham,West Ham and Beckton
SW1W 0DH,51.497224,-0.14722,Westminster,Knightsbridge & Belgravia,Cities of London and Westminster
W11 1QS,51.517375,-0.207876,Kensington and Chelsea,Colville,Kensington and Bayswater
E1 2JA,51.517573,-0.05713,Tower Hamlets,Whitechapel,Bethnal Green and Stepney
SE9 6DN,51.456037,0.040166,Greenwich,Eltham Page,Eltham and Chislehurst
E2 0LD,51.525368,-0.051075,Tower Hamlets,Bethnal Green East,Bethnal Green and Stepney
SE9 1DA,51.451126,0.04949,Greenwich,Eltham Town & Avery Hill,Eltham and Chislehurst
SW15 5JJ,51.462539,-0.251486,Wandsworth,Roehampton,Putney
SE25 6AB,51.400732,-0.076348,Croydon,South Norwood,Croydon West
E1 1EJ,51.515787,-0.065494,Tower Hamlets,Whitechapel,Bethnal Green and Stepney
SW3 5BY,51.484191,-0.171716,Kensington and Chelsea,Chelsea Riverside,Chelsea and Fulham
W12 9JD,51.501642,-0.23489,Hammersmith and Fulham,Coningham,Hammersmith and Chiswick
NW9 8XR,51.582665,-0.263794,Brent,Welsh Harp,Brent East
E1W 3TD,51.508339,-0.050159,Tower Hamlets,St Katharine's & Wapping,Poplar and Limehouse
SW2 1NR,51.446122,-0.12373,Lambeth,Brixton Rush Common,Clapham and Brixton Hill
N12 8SH,51.61805,-0.184772,Barnet,Totteridge & Woodside,Chipping Barnet
W5 2AA,51.514118,-0.304595,Ealing,Ealing Broadway,Ealing Central and Acton
W6 8NS,51.486063,-0.213829,Hammersmith and Fulham,Fulham Reach,Chelsea and Fulham
W10 6TH,51.51217,-0.219206,Kensington and Chelsea,Notting Dale,Kensington and Bayswater
W6 9LP,51.492875,-0.236712,Hammersmith and Fulham,Ravenscourt,Hammersmith and Chiswick
NW3 7SU,51.557674,-0.192832,Camden,Frognal,Hampstead and Highgate
N10 1NR,51.595121,-0.152594,Haringey,Fortis Green,Hornsey and Friern Barnet
N16 5DH,51.573748,-0.075561,Hackney,Springfield,Hackney North and Stoke Newington
NW7 4SL,51.6154,-0.24046,Barnet,Mill Hill,Hendon
E2 7EY,51.525075,-0.074153,Tower Hamlets,Weavers,Bethnal Green and Stepney
N9 8BF,51.636984,-0.045138,Enfield,Jubilee,Edmonton and Winchmore Hill
E14 3BA,51.489181,-0.013582,Tower Hamlets,Island Gardens,Poplar and Limehouse
SW2 5NR,51.449826,-0.126457,Lambeth,Clapham Park,Clapham and Brixton Hill
E15 4QS,51.540483,0.000347,Newham,Stratford,Stratford and Bow
NW3 3AQ,51.541737,-0.171846,Camden,Primrose Hill,Hampstead and Highgate
W9 2JY,51.522802,-0.191806,Westminster,Westbourne,Queen's Park and Maida Vale
W12 0QT,51.513252,-0.243304,Hammersmith and Fulham,Wormholt,Ealing Central and Acton
WC1A 2RA,51.518249,-0.122353,Camden,Bloomsbury,Holborn and St Pancras
SE8 4RJ,51.47748,-0.023567,Lewisham,Deptford,Lewisham North
E17 9QD,51.582246,-0.018836,Waltham Forest,Markhouse,Walthamstow
E3 2SE,51.52856,-0.019869,Tower Hamlets,Bow East,Stratford and Bow
NW11 9TB,51.574999,-0.20903,Barnet,Golders Green,Finchley and Golders Green
E7 8PJ,51.539812,0.039282,Newham,Green Street East,East Ham
E14 9GX,51.500961,-0.017234,Tower Hamlets,Canary Wharf,Poplar and Limehouse
W3 0DY,51.52098,-0.282978,Ealing,Hanger Hill,Ealing Central and Acton
E4 9AL,51.607134,-0.013839,Waltham Forest,Larkswood,Chingford and Woodford Green
NW8 8PS,51.52274,-0.173285,Westminster,Church Street,Queen's Park and Maida Vale
E5 9NZ,51.564014,-0.05241,Hackney,Lea Bridge,Hackney North and Stoke Newington
N16 6QT,51.571536,-0.072249,Hackney,Springfield,Hackney North and Stoke Newington
SW4 7JR,51.461806,-0.13387,Lambeth,Clapham East,Clapham and Brixton Hill
WC1A 2PJ,51.519717,-0.123057,Camden,Bloomsbury,Holborn and St Pancras
N2 9PJ,51.587709,-0.16391,Barnet,East Finchley,Finchley and Golders Green
N15 4EY,,,,,
W6 9RU,51.485993,-0.225196,Hammersmith and Fulham,Fulham Reach,Chelsea and Fulham
N16 6UX,51.566704,-0.071544,Hackney,Cazenove,Hackney North and Stoke Newington
E1 2DA,51.514975,-0.060974,Tower Hamlets,Whitechapel,Bethnal Green and Stepney
SE18 4LH,51.471926,0.053158,Greenwich,Woolwich Common,Greenwich and Woolwich
E17 3BN,51.586731,-0.013343,Waltham Forest,Hoe Street,Walthamstow
N15 4RX,51.587191,-0.072222,Haringey,Tottenham Central,Tottenham
E14 9UB,51.499498,-0.021649,Tower Hamlets,Canary Wharf,Poplar and Limehouse
SE15 1SH,51.481246,-0.062809,Southwark,Old Kent Road,Peckham
SW11 6BF,51.45617,-0.168257,Wandsworth,Northcote,Battersea
NW11 8AE,51.568335,-0.201933,Barnet,Childs Hill,Finchley and Golders Green
W2 1NR,51.518195,-0.170743,Westminster,Hyde Park,Cities of London and Westminster
E1 4PW,51.522661,-0.03813,Tower Hamlets,St Dunstan's,Bethnal Green and Stepney
E15 1AJ,51.53854,-0.001757,Newham,Stratford,Stratford and Bow
SW18 2PQ,51.454002,-0.183832,Wandsworth,Wandsworth Town,Putney
E1 2LX,51.51336,-0.061763,Tower Hamlets,Whitechapel,Bethnal Green and Stepney
W11 4XQ,51.51118,-0.210295,Kensington and Chelsea,Notting Dale,Kensington and Bayswater
E17 3JJ,51.586277,-0.005178,Waltham Forest,Wood Street,Walthamstow
NW5 4NL,51.552103,-0.15327,Camden,Gospel Oak,Hampstead and Highgate
NW10 2SG,51.547123,-0.232812,Brent,Willesden Green,Brent East
E15 1JW,51.548497,0.003396,Newham,Maryland,Stratford and Bow
SE11 6AU,51.490575,-0.111477,Lambeth,Kennington,Vauxhall and Camberwell Green
E10 7JQ,51.568143,-0.023445,Waltham Forest,Lea Bridge,Walthamstow
E1 7RA,51.515702,-0.071234,Tower Hamlets,Spitalfields & Banglatown,Bethnal Green and Stepney
E12 6QN,51.549639,0.048159,Newham,Manor Park,East Ham
W1B 1LS,51.520013,-0.144508,Westminster,West End,Cities of London and Westminster
N22 6TS,51.593763,-0.114722,Haringey,Noel Park,Southgate and Wood Green
E11 4AE,51.56597,0.005477,Waltham Forest,Leytonstone,Leyton and Wanstead
SE23 2AG,51.439165,-0.036647,Lewisham,Perry Vale,Lewisham West and East Dulwich
W1H 5AU,51.515573,-0.161739,Westminster,Marylebone,Cities of London and Westminster
N7 8LT,51.54818,-0.106899,Islington,Laycock,Islington South and Finsbury
SE3 8JS,51.463315,0.040015,Greenwich,Kidbrooke Park,Eltham and Chislehurst
SW17 0SY,51.425576,-0.16997,Wandsworth,Tooting Broadway,Tooting
SW6 2LL,51.473242,-0.188741,Hammersmith and Fulham,Sands End,Chelsea and Fulham
SW14 8HY,51.468812,-0.266364,Richmond upon Thames,Mortlake & Barnes Common,Richmond Park
N20 0LP,51.627171,-0.173947,Barnet,Whetstone,Chipping Barnet
E8 4DL,51.538629,-0.076984,Hackney,Haggerston,Hackney South and Shoreditch
W10 4LE,51.532301,-0.208356,Westminster,Queen's Park,Queen's Park and Maida Vale
E1 7SA,51.517082,-0.070974,Tower Hamlets,Spitalfields & Banglatown,Bethnal Green and Stepney
NW4 3PJ,51.577068,-0.231,Barnet,West Hendon,Hendon
W10 5AT,51.525744,-0.211843,Kensington and Chelsea,Golborne,Kensington and Bayswater
SE1 7HS,51.498483,-0.111727,Lambeth,Waterloo & South Bank,Vauxhall and Camberwell Green
W3 8NR,51.504837,-0.266395,Ealing,South Acton,Ealing Central and Acton
E20 1BD,51.548595,-0.007071,Newham,Stratford Olympic Park,Stratford and Bow
N12 9DX,51.61472,-0.174736,Barnet,Woodhouse,Finchley and Golders Green
SW17 7BS,,,,,
SE7 8LJ,51.492421,0.04434,Greenwich,Charlton Village & Riverside,Greenwich and Woolwich
EC1V 1JX,51.530056,-0.097732,Islington,St Peter's & Canalside,Islington South and Finsbury
SE18 6SW,51.492315,0.074458,Greenwich,Woolwich Arsenal,Greenwich and Woolwich
E9 6EJ,51.549918,-0.05219,Hackney,Homerton,Hackney South and Shoreditch
SE25 6EJ,51.399034,-0.078073,Croydon,South Norwood,Croydon West
E3 3DU,51.526848,-0.006392,Newham,Stratford,Stratford and Bow
N1C 4PF,51.537815,-0.130633,Camden,King's Cross,Holborn and St Pancras
SE24 9JE,51.452732,-0.093061,Southwark,Dulwich Village,Dulwich and West Norwood
N5 1RN,51.547342,-0.104554,Islington,Highbury,Islington North
W6 0LT,51.493364,-0.232732,Hammersmith and Fulham,Hammersmith Broadway,Hammersmith and Chiswick
E9 7HD,51.538448,-0.043767,Hackney,Victoria,Hackney South and Shoreditch
W10 6EX,51.514412,-0.215299,Kensington and Chelsea,Notting Dale,Kensington and Bayswater
W14 8PU,51.495434,-0.203882,Kensington and Chelsea,Holland,Kensington and Bayswater
SE17 2TP,51.487912,-0.089246,Southwark,Faraday,Peckham
SW15 1LY,51.469217,-0.228496,Wandsworth,Thamesfield,Putney
W10 5QJ,51.521283,-0.206454,Kensington and Chelsea,Golborne,Kensington and Bayswater
SE3 8ND,51.466932,0.038391,Greenwich,Kidbrooke Park,Eltham and Chislehurst
N9 0BU,51.623467,-0.058058,Enfield,Edmonton Green,Edmonton and Winchmore Hill
SE22 0SB,51.453955,-0.054767,Southwark,Peckham Rye,Lewisham West and East Dulwich
SE19 3FA,51.421603,-0.093868,Croydon,Crystal Palace & Upper Norwood,Streatham and Croydon North
SW19 1JN,51.415606,-0.196269,Merton,Abbey,Wimbledon
SW18 4EQ,51.44734,-0.189133,Wandsworth,Wandle,Tooting
E15 2GW,51.546985,-0.023555,Hackney,Hackney Wick,Hackney South and Shoreditch
SE9 2JR,51.444152,0.070231,Greenwich,Eltham Town & Avery Hill,Eltham and Chislehurst
NW9 7DH,,,,,
N6 5EP,51.572608,-0.133549,Islington,Hillrise,Islington North
SE11 6NJ,51.496104,-0.11194,Lambeth,Kennington,Vauxhall and Camberwell Green
W10 5DJ,51.525286,-0.207753,Kensington and Chelsea,Golborne,Kensington and Bayswater
NW7 1JF,51.609893,-0.207527,Barnet,Totteridge & Woodside,Chipping Barnet
SW7 3LQ,51.492793,-0.177249,Kensington and Chelsea,Courtfield,Kensington and Bayswater
SE25 4XG,51.393703,-0.065129,Croydon,Woodside,Croydon East
W2 1QZ,51.519074,-0.176934,Westminster,Hyde Park,Cities of London and Westminster
N17 9LN,51.591865,-0.060114,Haringey,Tottenham Hale,Tottenham
SE22 8HA,51.454919,-0.076705,Southwark,Goose Green,Lewisham West and East Dulwich
SW1H 9LH,51.49955,-0.131162,Westminster,St James's,Cities of London and Westminster
E17 5SD,,,,,
N17 0BX,51.605745,-0.066367,Haringey,Northumberland Park,Tottenham
N18 2DX,51.612331,-0.051355,Enfield,Upper Edmonton,Edmonton and Winchmore Hill
SE23 3BA,51.436683,-0.053889,Lewisham,Forest Hill,Lewisham West and East Dulwich
SW19 3EF,51.408695,-0.194197,Merton,Merton Park,Wimbledon
E8 3AZ,51.546096,-0.072804,Hackney,Dalston,Hackney South and Shoreditch
E17 6HL,51.587962,-0.038409,Waltham Forest,William Morris,Walthamstow
SE15 1JF,51.482375,-0.063107,Southwark,Old Kent Road,Peckham
E16 2BB,51.502452,0.026519,Newham,Royal Victoria,West Ham and Beckton
E3 3TA,51.524589,-0.00946,Tower Hamlets,Bromley South,Poplar and Limehouse
N1 9JH,51.532228,-0.11418,Islington,Barnsbury,Islington South and Finsbury
E1 1RD,51.515004,-0.063797,Tower Hamlets,Whitechapel,Bethnal Green and Stepney
SW6 5BD,51.479238,-0.199708,Hammersmith and Fulham,Walham Green,Chelsea and Fulham
E15 1TT,51.550373,0.000954,Newham,Maryland,Stratford and Bow
N17 8EY,51.607226,-0.068399,Haringey,Bruce Castle,Tottenham
N11 1BA,51.615769,-0.132256,Enfield,New Southgate,Southgate and Wood Green
N1 2NQ,51.54413,-0.097765,Islington,Canonbury,Islington South and Finsbury
SE9 2PT,51.453397,0.075802,Greenwich,Eltham Town & Avery Hill,Eltham and Chislehurst
SE2 9PT,51.493755,0.110194,Greenwich,Abbey Wood,Erith and Thamesmead
E17 5QJ,51.592789,-0.042085,Waltham Forest,Higham Hill,Walthamstow
E8 3NR,51.544084,-0.056635,Hackney,Hackney Central,Hackney South and Shoreditch
E7 0EX,51.552777,0.022841,Newham,Forest Gate North,Stratford and Bow
SE16 4RS,51.499096,-0.057859,Southwark,North Bermondsey,Bermondsey and Old Southwark
N1 0HY,51.538232,-0.108956,Islington,Barnsbury,Islington South and Finsbury
SE5 0JG,51.476351,-0.09608,Southwark,Camberwell Green,Vauxhall and Camberwell Green
E2 8QA,51.532028,-0.066622,Hackney,Haggerston,Hackney South and Shoreditch
E8 2DJ,51.552092,-0.07382,Hackney,Shacklewell,Hackney North and Stoke Newington
W8 5HN,51.499884,-0.190884,Kensington and Chelsea,Queen's Gate,Kensington and Bayswater
N22 5QW,51.604659,-0.100032,Haringey,Woodside,Southgate and Wood Green
SE15 4DG,51.465545,-0.074272,Southwark,Rye Lane,Peckham
W3 7JT,51.506626,-0.259684,Ealing,East Acton,Ealing Central and Acton
N1 5FR,51.539282,-0.07736,Hackney,De Beauvoir,Islington South and Finsbury
SE22 8RB,51.460185,-0.080255,Southwark,Goose Green,Lewisham West and East Dulwich
W1U 2QU,51.517597,-0.150372,Westminster,Marylebone,Cities of London and Westminster
WC1B 3DN,51.518297,-0.129847,Camden,Bloomsbury,Holborn and St Pancras
SW10 0EQ,51.481396,-0.177603,Kensington and Chelsea,Chelsea Riverside,Chelsea and Fulham
N14 6RA,51.632198,-0.117622,Enfield,Southgate,Southgate and Wood Green
N16 5AW,51.575048,-0.081871,Hackney,Woodberry Down,Tottenham
SE3 9DU,51.457578,0.012423,Greenwich,Kidbrooke Village & Sutcliffe,Eltham and Chislehurst
W5 4EJ,51.496731,-0.312401,Ealing,Northfield,Ealing Southall
E13 0ES,51.536099,0.024163,Newham,Plaistow North,West Ham and Beckton
N14 7NP,51.628901,-0.136947,Barnet,Brunswick Park,Chipping Barnet
W6 9AR,51.492372,-0.239138,Hammersmith and Fulham,Ravenscourt,Hammersmith and Chiswick
W7 2BB,51.497471,-0.328927,Ealing,Hanwell Broadway,Ealing Southall
E14 9GL,51.4945,-0.014864,Tower Hamlets,Blackwall & Cubitt Town,Poplar and Limehouse
SE11 6QH,51.491574,-0.111551,Lambeth,Kennington,Vauxhall and Camberwell Green
EC1Y 0AE,51.523218,-0.096446,Islington,Bunhill,Islington South and Finsbury
N9 0TZ,51.624157,-0.057899,Enfield,Edmonton Green,Edmonton and Winchmore Hill
NW11 7SX,51.56902,-0.18573,Barnet,Childs Hill,Finchley and Golders Green
W6 0JS,51.493508,-0.23398,Hammersmith and Fulham,Hammersmith Broadway,Hammersmith and Chiswick
E5 8PH,51.558079,-0.063282,Hackney,Hackney Downs,Hackney North and Stoke Newington
W2 1ND,51.523765,-0.176733,Westminster,Little Venice,Queen's Park and Maida Vale
N9 9JZ,51.633349,-0.078762,Enfield,Bush Hill Park,Edmonton and Winchmore Hill
N7 9LD,51.549577,-0.125578,Islington,Holloway,Islington South and Finsbury
E6 6FE,51.529538,0.065207,Newham,Wall End,East Ham
E13 8LF,51.521194,0.026991,Newham,Plaistow South,West Ham and Beckton
SE17 1RT,51.490799,-0.0964,Southwark,North Walworth,Peckham
W1B 1QR,51.521611,-0.146028,Westminster,Marylebone,Cities of London and Westminster
SW1V 4LD,51.48898,-0.146791,Westminster,Pimlico South,Cities of London and Westminster
NW10 7TR,51.533537,-0.275282,Brent,Stonebridge,Brent East
E16 2ZA,51.500827,0.027916,Newham,Royal Victoria,West Ham and Beckton
SE28 8RF,51.501237,0.105195,Greenwich,Thamesmead Moorings,Erith and Thamesmead
N19 3DL,51.568718,-0.128701,Islington,Hillrise,Islington North
E1W 2AD,51.509028,-0.066241,Tower Hamlets,St Katharine's & Wapping,Poplar and Limehouse
NW10 2UF,51.551028,-0.249176,Brent,Roundwood,Brent East
NW6 7BH,51.542974,-0.210677,Brent,Brondesbury Park,Brent East
SW18 4QG,51.456069,-0.191278,Wandsworth,Wandsworth Town,Putney
SE5 7EW,51.478334,-0.084764,Southwark,St Giles,Peckham
N1 5JU,51.53547,-0.083448,Hackney,Hoxton East & Shoreditch,Hackney South and Shoreditch
SE13 7FY,51.464008,-0.014489,Lewisham,Lewisham Central,Lewisham North
E9 6SJ,51.544712,-0.048417,Hackney,Homerton,Hackney South and Shoreditch
SE6 2SP,51.430249,-0.012946,Lewisham,Catford South,Lewisham East
NW11 0QB,51.581693,-0.199284,Barnet,Golders Green,Finchley and Golders Green
E6 2BB,51.532915,0.056262,Newham,East Ham,East Ham
SW5 0JN,51.491803,-0.185903,Kensington and Chelsea,Courtfield,Kensington and Bayswater
E20 2AE,51.536238,-0.013941,Newham,Stratford Olympic Park,Stratford and Bow
E3 2RU,51.533948,-0.026398,Tower Hamlets,Bow East,Stratford and Bow
E1 6LP,51.516339,-0.072274,Tower Hamlets,Spitalfields & Banglatown,Bethnal Green and Stepney
W1J 7NL,51.505248,-0.146794,Westminster,West End,Cities of London and Westminster
NW10 8HR,51.546363,-0.261413,Brent,Stonebridge,Brent East
SW17 0NY,51.436869,-0.187173,Wandsworth,Wandsworth Common,Tooting
SW15 1SZ,51.46537,-0.213168,Wandsworth,Thamesfield,Putney
N10 2PS,51.592252,-0.14119,Haringey,Muswell Hill,Hornsey and Friern Barnet
SE1 5TY,51.490441,-0.081102,Southwark,Faraday,Peckham
E16 3LU,51.514726,0.036965,Newham,Custom House,West Ham and Beckton
W5 2JX,51.519271,-0.295294,Ealing,Hanger Hill,Ealing Central and Acton
SE16 3FN,51.48569,-0.06396,Southwark,Old Kent Road,Peckham
N17 6AR,51.590393,-0.096441,Haringey,West Green,Tottenham
NW9 4AS,51.602997,-0.243235,Barnet,Colindale North,Hendon
N9 8PT,51.633917,-0.044534,Enfield,Jubilee,Edmonton and Winchmore Hill
N5 2AG,51.552244,-0.097989,Islington,Highbury,Islington North
SW12 0NS,51.446695,-0.141005,Lambeth,Clapham Park,Clapham and Brixton Hill
SE6 1AU,51.444855,-0.005088,Lewisham,Hither Green,Lewisham East
W6 8HJ,51.486637,-0.214901,Hammersmith and Fulham,Fulham Reach,Chelsea and Fulham
NW3 5QA,51.552531,-0.174919,Camden,Hampstead Town,Hampstead and Highgate
N16 5LG,51.574109,-0.072905,Hackney,Springfield,Hackney North and Stoke Newington
NW6 6PF,51.539894,-0.209183,Brent,Queens Park,Queen's Park and Maida Vale
SE1 0EX,51.502893,-0.096876,Southwark,Borough & Bankside,Bermondsey and Old Southwark
SE6 4AS,51.449045,-0.016678,Lewisham,Rushey Green,Lewisham East
SE9 1TY,51.450928,0.063341,Greenwich,Eltham Town & Avery Hill,Eltham and Chislehurst
NW7 2EU,51.603687,-0.233475,Barnet,Mill Hill,Hendon
N16 5DS,51.572891,-0.082495,Hackney,Woodberry Down,Tottenham
E5 9JZ,51.564268,-0.059094,Hackney,Springfield,Hackney North and Stoke Newington
E3 2QD,51.528617,-0.020602,Tower Hamlets,Bow East,Stratford and Bow
SE18 6HU,51.490548,0.066066,Greenwich,Woolwich Arsenal,Greenwich and Woolwich
SE5 8TS,51.474358,-0.090763,Southwark,St Giles,Peckham
W3 8EA,51.507915,-0.276337,Ealing,South Acton,Ealing Central and Acton
SE18 6HQ,51.489153,0.066651,Greenwich,Woolwich Arsenal,Greenwich and Woolwich
W9 3HR,51.530404,-0.199016,Westminster,Harrow Road,Queen's Park and Maida Vale
SE9 5NP,51.445864,0.052161,Greenwich,Eltham Town & Avery Hill,Eltham and Chislehurst
SE25 5PQ,51.392165,-0.091384,Croydon,Selhurst,Croydon West
W5 3TJ,51.513295,-0.298069,Ealing,Ealing Broadway,Ealing Central and Acton
N12 9HP,51.618522,-0.174598,Barnet,Woodhouse,Finchley and Golders Green
SE11 4AS,51.485464,-0.106834,Southwark,Newington,Vauxhall and Camberwell Green
NW10 3UN,51.540111,-0.241938,Brent,Roundwood,Brent East
SW4 8DX,51.456626,-0.128769,Lambeth,Brixton Acre Lane,Clapham and Brixton Hill
W10 6BH,51.523591,-0.21631,Kensington and Chelsea,Dalgarno,Kensington and Bayswater
W3 8JY,51.496869,-0.281018,Hounslow,Chiswick Gunnersbury,Hammersmith and Chiswick
E15 2QS,51.531342,-0.008892,Newham,Stratford,Stratford and Bow
NW4 2NL,51.584104,-0.215225,Barnet,Hendon,Hendon
E14 8AQ,51.510365,-0.029882,Tower Hamlets,Limehouse,Poplar and Limehouse
SE25 5RR,51.395889,-0.08154,Croydon,South Norwood,Croydon West
W3 9BJ,51.508498,-0.276862,Ealing,North Acton,Ealing Central and Acton
E14 9ZR,51.503257,-0.010477,Tower Hamlets,Blackwall & Cubitt Town,Poplar and Limehouse
WC1R 5EY,51.519064,-0.113152,Camden,Holborn & Covent Garden,Holborn and St Pancras
SW2 5AP,51.458089,-0.120735,Lambeth,Brixton Acre Lane,Clapham and Brixton Hill
WC1B 4JP,51.52071,-0.125539,Camden,Bloomsbury,Holborn and St Pancras
SW6 2PY,51.474723,-0.183326,Hammersmith and Fulham,Sands End,Chelsea and Fulham
E13 9BT,51.532163,0.03388,Newham,Plaistow North,West Ham and Beckton
SE1 6TU,51.493818,-0.093523,Southwark,North Walworth,Peckham
SW11 8BZ,51.481512,-0.145438,Wandsworth,Nine Elms,Battersea
SE18 1BS,51.491153,0.0943,Greenwich,Plumstead & Glyndon,Erith and Thamesmead
SW16 2QA,51.433747,-0.12254,Lambeth,Streatham Wells,Streatham and Croydon North
SE1 7QP,51.498181,-0.111912,Lambeth,Waterloo & South Bank,Vauxhall and Camberwell Green
SW19 4EE,51.420292,-0.21041,Merton,Hillside,Wimbledon
W1S 3EP,51.509928,-0.140839,Westminster,West End,Cities of London and Westminster
W5 4UB,51.498101,-0.313892,Ealing,Northfield,Ealing Southall
NW5 1SB,51.560126,-0.144851,Camden,Highgate,Hampstead and Highgate
SW7 1BX,51.501204,-0.166453,Westminster,Knightsbridge & Belgravia,Cities of London and Westminster
N12 8RZ,51.617607,-0.184602,Barnet,Totteridge & Woodside,Chipping Barnet
SW16 1JZ,51.433871,-0.135943,Lambeth,Streatham St Leonard's,Streatham and Croydon North
E1 1SA,51.511497,-0.064364,Tower Hamlets,Whitechapel,Bethnal Green and Stepney
SW9 7QD,51.463981,-0.113021,Lambeth,Brixton Windrush,Dulwich and West Norwood
E3 3TZ,51.521102,-0.017036,Tower Hamlets,Bromley South,Poplar and Limehouse
N6 5AD,51.571281,-0.143431,Haringey,Highgate,Hampstead and Highgate
