URN,EstablishmentName,EstablishmentTypeGroup (name),PhaseOfEducation (name),SpecialClasses (name),Postcode,latitude,longitude,FundingType,EducationPhase,catchment_km,Overall effectiveness
100000,The Aldgate School,Local authority maintained schools,Primary,No Special Classes,EC3A 5DE,51.513664,-0.07746,State,Primary,0.8,1
100001,City of London School for Girls,Independent schools,Not applicable,No Special Classes,EC2Y 8BB,51.519131,-0.094483,Private,Other,1.0,
100002,St Paul's Cathedral School,Independent schools,Not applicable,No Special Classes,EC4M 9AD,51.513835,-0.096794,Private,Other,1.0,
100003,City of London School,Independent schools,Not applicable,No Special Classes,EC4V 3AL,51.511026,-0.099361,Private,Other,1.0,
100004,Sherborne Nursery School,Local authority maintained schools,Nursery,Not applicable,NW5 4LP,51.548164,-0.147559,State,Other,1.0,
100005,Thomas Coram Centre,Local authority maintained schools,Nursery,Not applicable,WC1N 2NY,51.525481,-0.120758,State,Other,1.0,1
100006,Heath School,Local authority maintained schools,Not applicable,Not applicable,NW3 2NY,51.554181,-0.160759,State,Other,1.0,2
100007,Camden Primary Pupil Referral Unit,Local authority maintained schools,Not applicable,Not applicable,NW1 3EX,51.527712,-0.14059,State,Other,1.0,2
100008,Argyle Primary School,Local authority maintained schools,Primary,No Special Classes,WC1H 9EG,51.528752,-0.124012,State,Primary,0.8,2
100009,West Hampstead Primary School,Local authority maintained schools,Primary,No Special Classes,NW6 1QL,51.550691,-0.200162,State,Primary,0.8,2
100010,Brecknock Primary School,Local authority maintained schools,Primary,No Special Classes,NW1 9AL,51.547483,-0.127871,State,Primary,0.8,2
100011,Brookfield Primary School,Local authority maintained schools,Primary,No Special Classes,N19 5DH,51.563332,-0.145111,State,Primary,0.8,2
100012,Carlton Primary School,Local authority maintained schools,Primary,No Special Classes,NW5 4AX,51.551601,-0.149987,State,Primary,0.8,
100013,Edith Neville Primary School,Local authority maintained schools,Primary,No Special Classes,NW1 1HQ,51.532374,-0.130639,State,Primary,0.8,1
100014,Fleet Primary School,Local authority maintained schools,Primary,No Special Classes,NW3 2QT,51.553445,-0.160847,State,Primary,0.8,2
100015,Hawley Primary School,Local authority maintained schools,Primary,No Special Classes,NW1 8RP,51.542718,-0.143829,State,Primary,0.8,2
100016,Kingsgate Junior School,Local authority maintained schools,Primary,No Special Classes,NW6 4LB,51.543471,-0.196741,State,Primary,0.8,
100017,Kingsgate Infant School,Local authority maintained schools,Primary,No Special Classes,NW6 2JG,51.543991,-0.196605,State,Primary,0.8,
100018,Netley Primary School & Centre for Autism,Local authority maintained schools,Primary,Has Special Classes,NW1 3EX,51.527712,-0.14059,State,Primary,0.8,2
100019,New End Primary School,Local authority maintained schools,Primary,No Special Classes,NW3 1HU,51.55814,-0.176512,State,Primary,0.8,2
100020,Primrose Hill School,Local authority maintained schools,Primary,No Special Classes,NW1 8JL,51.539175,-0.151775,State,Primary,0.8,2
100021,Rhyl Community Primary School,Local authority maintained schools,Primary,No Special Classes,NW5 3HB,51.547717,-0.150563,State,Primary,0.8,1
100022,Richard Cobden Primary School,Local authority maintained schools,Primary,No Special Classes,NW1 0LL,51.535595,-0.13639,State,Primary,0.8,1
100023,Torriano Primary School,Local authority maintained schools,Primary,No Special Classes,NW5 2SJ,51.549675,-0.132815,State,Primary,0.8,1
100024,Torriano Infant School,Local authority maintained schools,Primary,No Special Classes,NW5 2SJ,51.549675,-0.132815,State,Primary,0.8,
100025,Gospel Oak Primary School,Local authority maintained schools,Primary,No Special Classes,NW3 2JB,51.554641,-0.152864,State,Primary,0.8,1
100026,Fitzjohn's Primary School,Local authority maintained schools,Primary,No Special Classes,NW3 6NP,51.5534,-0.175836,State,Primary,0.8,2
100027,Eleanor Palmer Primary School,Local authority maintained schools,Primary,No Special Classes,NW5 2JA,51.554369,-0.13907,State,Primary,0.8,1
100028,"Christ Church Primary School, Hampstead",Local authority maintained schools,Primary,No Special Classes,NW3 1JH,51.559257,-0.176597,State,Primary,0.8,1
100029,Christ Church School,Local authority maintained schools,Primary,No Special Classes,NW1 4BD,51.530775,-0.144344,State,Primary,0.8,2
100030,Emmanuel Church of England Primary School,Local authority maintained schools,Primary,No Special Classes,NW6 1TF,51.551837,-0.194549,State,Primary,0.8,2
100031,Hampstead Parochial Church of England Primary School,Local authority maintained schools,Primary,No Special Classes,NW3 6TX,51.556444,-0.179003,State,Primary,0.8,2
100032,"Holy Trinity CofE Primary School, NW3",Local authority maintained schools,Primary,No Special Classes,NW3 5SQ,51.546092,-0.177772,State,Primary,0.8,2
100033,"Holy Trinity and Saint Silas CofE Primary School, NW1",Local authority maintained schools,Primary,No Special Classes,NW1 8DE,51.544547,-0.145197,State,Primary,0.8,2
100034,Kentish Town Church of England Primary School,Local authority maintained schools,Primary,Has Special Classes,NW5 2TU,51.549723,-0.139246,State,Primary,0.8,1
100035,Rosary Catholic Primary School,Local authority maintained schools,Primary,No Special Classes,NW3 2AE,51.55162,-0.166055,State,Primary,0.8,2
100036,St Alban's Church of England Primary School,Local authority maintained schools,Primary,No Special Classes,EC1N 7SD,51.520173,-0.111146,State,Primary,0.8,2
100037,St Aloysius Catholic Primary School,Local authority maintained schools,Primary,No Special Classes,NW1 1PS,51.531624,-0.134332,State,Primary,0.8,
100038,St Aloysius Roman Catholic Infant School,Local authority maintained schools,Primary,No Special Classes,NW1 1TA,51.530504,-0.132388,State,Primary,0.8,
100039,St Dominic's Catholic Primary School,Local authority maintained schools,Primary,No Special Classes,NW5 4JS,51.551602,-0.157445,State,Primary,0.8,
100040,St George the Martyr Church of England Primary School,Local authority maintained schools,Primary,No Special Classes,WC1N 2NX,51.522,-0.116231,State,Primary,0.8,1
100041,St Josephs Catholic Primary School,Local authority maintained schools,Primary,No Special Classes,WC2B 5NA,51.51619,-0.121833,State,Primary,0.8,2
100042,St Mary's Kilburn Church of England Primary School,Local authority maintained schools,Primary,No Special Classes,NW6 4PG,51.54037,-0.19333,State,Primary,0.8,1
100043,St Mary and St Pancras Church of England Primary School,Local authority maintained schools,Primary,No Special Classes,NW1 1QP,51.531714,-0.133781,State,Primary,0.8,2
100044,St Michael's Church of England Primary School,Local authority maintained schools,Primary,No Special Classes,NW1 0JA,51.539098,-0.138367,State,Primary,0.8,
100045,St Patrick's Catholic Primary School,Local authority maintained schools,Primary,No Special Classes,NW5 3AH,51.549203,-0.142786,State,Primary,0.8,2
100046,St Paul's Church of England Primary School,Local authority maintained schools,Primary,No Special Classes,NW3 3DS,51.541385,-0.163712,State,Primary,0.8,2
100047,St Eugene de Mazenod Roman Catholic Primary School,Local authority maintained schools,Primary,No Special Classes,NW6 4LS,51.54097,-0.193725,State,Primary,0.8,1
100048,Our Lady Roman Catholic Primary School,Local authority maintained schools,Primary,No Special Classes,NW1 0DP,51.538867,-0.137453,State,Primary,0.8,1
100049,Haverstock School,Local authority maintained schools,Secondary,No Special Classes,NW3 2BQ,51.544794,-0.153999,State,Secondary,2.0,2
100050,Parliament Hill School,Local authority maintained schools,Secondary,No Special Classes,NW5 1RL,51.558448,-0.149623,State,Secondary,2.0,1
100051,Regent High School,Local authority maintained schools,Secondary,No Special Classes,NW1 1RX,51.532779,-0.132944,State,Secondary,2.0,2
100052,Hampstead School,Local authority maintained schools,Secondary,No Special Classes,NW2 3RT,51.555616,-0.207022,State,Secondary,2.0,2
100053,Acland Burghley School,Local authority maintained schools,Secondary,No Special Classes,NW5 1UJ,51.557418,-0.139624,State,Secondary,2.0,2
100054,The Camden School for Girls,Local authority maintained schools,Secondary,No Special Classes,NW5 2DB,51.54599,-0.134667,State,Secondary,2.0,2
100055,Maria Fidelis Catholic School FCJ,Local authority maintained schools,Secondary,No Special Classes,NW1 1LY,51.529789,-0.133225,State,Secondary,2.0,2
100056,William Ellis School,Local authority maintained schools,Secondary,No Special Classes,NW5 1RN,51.558701,-0.150262,State,Secondary,2.0,3
100057,St Richard of Chichester School,Local authority maintained schools,Secondary,No Special Classes,NW1 9LY,,,State,Secondary,2.0,
100059,La Sainte Union Catholic Secondary School,Local authority maintained schools,Secondary,No Special Classes,NW5 1RP,51.56,-0.149416,State,Secondary,2.0,2
100060,Children's Hospital School at Gt Ormond Street and UCH,Special schools,Not applicable,Has Special Classes,WC1N 3JH,51.522212,-0.119898,Special,Other,1.0,1
100061,St Christopher's School,Independent schools,Not applicable,No Special Classes,NW3 5AE,51.550989,-0.16999,Private,Other,1.0,
100062,St Margaret's School,Independent schools,Not applicable,No Special Classes,NW3 7SR,51.557363,-0.190753,Private,Other,1.0,
100063,Sarum Hall School,Independent schools,Not applicable,No Special Classes,NW3 3EL,51.545116,-0.164182,Private,Other,1.0,
100064,The Hall School,Independent schools,Not applicable,No Special Classes,NW3 4NU,51.545427,-0.170876,Private,Other,1.0,
100065,University College School,Independent schools,Not applicable,No Special Classes,NW3 6XH,51.553508,-0.181082,Private,Other,1.0,
100066,The Cavendish School,Independent schools,Not applicable,No Special Classes,NW1 7HB,51.539292,-0.144978,Private,Other,1.0,
100067,"St Mary's School, Hampstead",Independent schools,Not applicable,No Special Classes,NW3 6PG,51.550538,-0.176296,Private,Other,1.0,
100068,North Bridge House Nursery & Pre-Prep Schools,Independent schools,Not applicable,No Special Classes,NW3 5RR,51.547843,-0.179347,Private,Other,1.0,
100069,Hereward House School,Independent schools,Not applicable,No Special Classes,NW3 4NY,51.545513,-0.170022,Private,Other,1.0,
100070,St Anthony's School for Boys,Independent schools,Not applicable,No Special Classes,NW3 6NP,51.5534,-0.175836,Private,Other,1.0,
100071,North Bridge Nursery School,Independent schools,Not applicable,No Special Classes,NW3 5JY,51.547687,-0.176237,Private,Other,1.0,
100072,Lyndhurst House Preparatory School,Independent schools,Not applicable,No Special Classes,NW3 5NW,51.552306,-0.171422,Private,Other,1.0,
100073,Hampstead Hill School,Independent schools,Not applicable,No Special Classes,NW3 2PP,51.553383,-0.16786,Private,Other,1.0,
100074,North Bridge House Senior School,Independent schools,Not applicable,No Special Classes,NW3 5UD,51.554462,-0.174726,Private,Other,1.0,
100075,Trevor-Roberts School,Independent schools,Not applicable,No Special Classes,NW3 3ET,51.54426,-0.170981,Private,Other,1.0,
100076,South Hampstead High School,Independent schools,Not applicable,No Special Classes,NW3 5SS,51.546191,-0.177206,Private,Other,1.0,
100077,The Village School,Independent schools,Not applicable,No Special Classes,NW3 2YN,51.548353,-0.158427,Private,Other,1.0,
100078,Heathside Preparatory School,Independent schools,Not applicable,No Special Classes,NW3 1DN,51.5576,-0.178221,Private,Other,1.0,
100079,Willoughby Hall School,Independent schools,Not applicable,No Special Classes,NW3 1RP,51.555927,-0.174105,Private,Other,1.0,
100080,Devonshire House Preparatory School,Independent schools,Not applicable,No Special Classes,NW3 6AE,51.553049,-0.178172,Private,Other,1.0,
100081,Broadhurst School,Independent schools,Not applicable,No Special Classes,NW6 3LP,51.544873,-0.180922,Private,Other,1.0,
100082,College Francais Bilingue De Londres,Independent schools,Not applicable,No Special Classes,NW5 3AX,51.54906,-0.145634,Private,Other,1.0,
100083,Royal School Hampstead,Independent schools,Not applicable,No Special Classes,NW3 5UD,51.554462,-0.174726,Private,Other,1.0,
100084,Fine Arts College,Independent schools,Not applicable,No Special Classes,NW3 4YD,51.545572,-0.162289,Private,Other,1.0,
100085,Davies's College,Independent schools,Not applicable,No Special Classes,WC1N 3AF,51.520593,-0.12217,Private,Other,1.0,
100086,Rainbow Montessori School,Independent schools,Not applicable,No Special Classes,NW6 3PL,51.542954,-0.190603,Private,Other,1.0,
100087,The Mulberry House School,Independent schools,Not applicable,No Special Classes,NW2 3SD,51.551529,-0.207312,Private,Other,1.0,
100088,UCS Pre-Prep,Independent schools,Not applicable,No Special Classes,NW3 5LF,51.545707,-0.177312,Private,Other,1.0,
100089,The New Learning Centre,Independent schools,Not applicable,No Special Classes,NW6 1PF,51.548775,-0.192492,Private,Other,1.0,
100090,Southbank International School Hampstead,Independent schools,Not applicable,No Special Classes,NW3 5TH,51.549679,-0.178855,Private,Other,1.0,
100091,Frank Barnes School for Deaf Children,Special schools,Not applicable,Has Special Classes,N1C 4BT,51.537452,-0.127057,Special,Other,1.0,1
100092,Harmood School,Special schools,Not applicable,Has Special Classes,NW1 8DP,51.544441,-0.147018,Special,Other,1.0,2
100093,Jack Taylor School,Special schools,Not applicable,Has Special Classes,NW8 0SR,51.539229,-0.183483,Special,Other,1.0,
100094,Royal Free Hospital Children's School,Special schools,Not applicable,Has Special Classes,NW3 2QG,51.553227,-0.165298,Special,Other,1.0,1
100096,Swiss Cottage School - Development & Research Centre,Special schools,Not applicable,Has Special Classes,NW8 6HX,51.540902,-0.171317,Special,Other,1.0,1
100097,Rachel McMillan Nursery School and Children's Centre,Local authority maintained schools,Nursery,Not applicable,SE8 3EH,51.48135,-0.023227,State,Other,1.0,1
100098,Pound Park Nursery School,Local authority maintained schools,Nursery,Not applicable,SE7 8AF,51.488112,0.04033,State,Other,1.0,1
100099,Abbey Wood Nursery School,Local authority maintained schools,Nursery,Not applicable,SE2 0SX,51.486178,0.112437,State,Other,1.0,2
100100,Woolwich Common Nursery School,Local authority maintained schools,Nursery,Not applicable,SE18 4DJ,,,State,Other,1.0,
100101,Cyril Henry Nursery School,Local authority maintained schools,Nursery,Not applicable,SE18 5AP,51.491991,0.059692,State,Other,1.0,
100102,Robert Owen Nursery School,Local authority maintained schools,Nursery,Not applicable,SE10 0EA,51.487128,0.006119,State,Other,1.0,1
100103,Newhaven Pupil Referral Unit,Local authority maintained schools,Not applicable,Not applicable,SE9 6HR,51.460799,0.038377,State,Other,1.0,2
100104,Briset Centre,Local authority maintained schools,Not applicable,Not applicable,SE9 6HN,51.460838,0.039243,State,Other,1.0,
100105,Foxhill Centre,Local authority maintained schools,Not applicable,Not applicable,SE18 3AT,51.48224,0.072114,State,Other,1.0,
100106,Kings Park Centre,Local authority maintained schools,Not applicable,Not applicable,SE9 5LX,51.449232,0.036941,State,Other,1.0,
100107,Westcombe Centre,Local authority maintained schools,Not applicable,Not applicable,SE10 0JY,51.485217,0.011652,State,Other,1.0,
100108,Greenacres Tutorial Class,Local authority maintained schools,Not applicable,Not applicable,SE9 3JN,51.432939,0.057394,State,Other,1.0,
100109,Alexander McLeod Junior School,Local authority maintained schools,Primary,No Special Classes,SE2 0QS,51.486497,0.11372,State,Primary,0.8,
100110,Alexander McLeod Infant School,Local authority maintained schools,Primary,No Special Classes,SE2 0QS,51.486497,0.11372,State,Primary,0.8,
100111,Millennium Primary School,Local authority maintained schools,Primary,Has Special Classes,SE10 0BG,51.493246,0.011243,State,Primary,0.8,
100112,Alderwood Primary School,Local authority maintained schools,Primary,No Special Classes,SE9 2JH,51.446363,0.086536,State,Primary,0.8,
100113,Bannockburn Primary School,Local authority maintained schools,Primary,No Special Classes,SE18 1HE,51.486805,0.09606,State,Primary,0.8,
100114,Morden Mount Primary School,Local authority maintained schools,Primary,No Special Classes,SE13 7QP,51.470157,-0.014395,State,Primary,0.8,2
100115,Cherry Orchard Primary School,Local authority maintained schools,Primary,No Special Classes,SE7 7DG,51.475826,0.03369,State,Primary,0.8,2
100116,Conway Junior School,Local authority maintained schools,Primary,No Special Classes,SE18 1QY,51.487588,0.089469,State,Primary,0.8,
100117,Conway Infant School,Local authority maintained schools,Primary,No Special Classes,SE18 1QY,51.487588,0.089469,State,Primary,0.8,
100118,Deansfield Junior School,Local authority maintained schools,Primary,No Special Classes,SE9 1RD,51.461525,0.062653,State,Primary,0.8,
100119,Deansfield Infant School,Local authority maintained schools,Primary,No Special Classes,SE9 1RD,51.461525,0.062653,State,Primary,0.8,
100120,Ealdham Primary School,Local authority maintained schools,Primary,No Special Classes,SE9 6BP,51.456733,0.035303,State,Primary,0.8,2
100121,South Rise Junior School,Local authority maintained schools,Primary,No Special Classes,SE18 7PX,51.48617,0.081223,State,Primary,0.8,
100122,South Rise Infant School,Local authority maintained schools,Primary,No Special Classes,SE18 7PX,51.48617,0.081223,State,Primary,0.8,
100123,Eglinton Junior School,Local authority maintained schools,Primary,No Special Classes,SE18 3SX,,,State,Primary,0.8,
100124,Eglinton Infant School,Local authority maintained schools,Primary,No Special Classes,SE18 3PY,51.477839,0.064642,State,Primary,0.8,
100125,Fossdene Primary School,Local authority maintained schools,Primary,No Special Classes,SE7 7NQ,51.483893,0.026919,State,Primary,0.8,2
100126,Gallions Mount Primary School,Local authority maintained schools,Primary,No Special Classes,SE18 1JR,51.483881,0.098158,State,Primary,0.8,2
100127,Gordon Primary School,Local authority maintained schools,Primary,No Special Classes,SE9 1QG,51.458611,0.052963,State,Primary,0.8,2
100128,Greenacres Primary School and Language Impairment Unit,Local authority maintained schools,Primary,Has Special Classes,SE9 3JN,51.432939,0.057394,State,Primary,0.8,
100129,Haimo Primary School,Local authority maintained schools,Primary,No Special Classes,SE9 6DY,51.455391,0.041663,State,Primary,0.8,2
100130,Halstow Primary School,Local authority maintained schools,Primary,No Special Classes,SE10 0LD,51.485093,0.015205,State,Primary,0.8,
100131,Henwick Primary School,Local authority maintained schools,Primary,No Special Classes,SE9 6NZ,51.462784,0.042612,State,Primary,0.8,2
100132,Horn Park Primary School,Local authority maintained schools,Primary,No Special Classes,SE12 9BT,51.444131,0.026669,State,Primary,0.8,
100133,Hughes Fields Primary School,Local authority maintained schools,Primary,No Special Classes,SE8 3HD,51.483163,-0.024085,State,Primary,0.8,
100134,Invicta Primary School,Local authority maintained schools,Primary,No Special Classes,SE3 7HE,51.478975,0.020595,State,Primary,0.8,2
100135,James Wolfe Junior School,Local authority maintained schools,Primary,No Special Classes,SE10 9LA,51.479651,-0.012672,State,Primary,0.8,
100136,Kidbrooke Park Primary School,Local authority maintained schools,Primary,No Special Classes,SE3 8JG,51.470379,0.042332,State,Primary,0.8,
100137,Meridian Primary School,Local authority maintained schools,Primary,No Special Classes,SE10 9NY,51.484211,-0.00049,State,Primary,0.8,2
100138,Middle Park Junior School,Local authority maintained schools,Primary,No Special Classes,SE9 5RX,51.444304,0.037945,State,Primary,0.8,
100139,Middle Park Infant School,Local authority maintained schools,Primary,No Special Classes,SE9 5RX,51.444304,0.037945,State,Primary,0.8,
100140,Plumcroft Primary School,Local authority maintained schools,Primary,No Special Classes,SE18 3HW,51.477017,0.074037,State,Primary,0.8,2
100141,Sherington Primary School,Local authority maintained schools,Primary,No Special Classes,SE7 7JP,51.480092,0.025713,State,Primary,0.8,2
100142,Thorntree Primary School,Local authority maintained schools,Primary,No Special Classes,SE7 8AE,51.487504,0.041642,State,Primary,0.8,2
100143,Timbercroft Junior School,Local authority maintained schools,Primary,No Special Classes,SE18 2SG,51.476793,0.0902,State,Primary,0.8,
100144,Timbercroft Infant School,Local authority maintained schools,Primary,No Special Classes,SE18 2SG,51.476793,0.0902,State,Primary,0.8,
100145,Woodhill Primary School,Local authority maintained schools,Primary,No Special Classes,SE18 5JE,51.489131,0.04945,State,Primary,0.8,
100146,Wyborne Primary School,Local authority maintained schools,Primary,No Special Classes,SE9 2EH,51.439851,0.070381,State,Primary,0.8,2
100147,Ruxley Manor Primary School,Local authority maintained schools,Primary,No Special Classes,SE9 3EY,51.427546,0.061827,State,Primary,0.8,
100148,Brooklands Primary School,Local authority maintained schools,Primary,No Special Classes,SE3 9AB,51.463964,0.019168,State,Primary,0.8,
100149,Montbelle Primary School,Local authority maintained schools,Primary,No Special Classes,SE9 3EY,51.427546,0.061827,State,Primary,0.8,2
100150,Boxgrove Primary School,Local authority maintained schools,Primary,No Special Classes,SE2 9JP,51.493264,0.116467,State,Primary,0.8,
100151,Rockliffe Manor Primary School,Local authority maintained schools,Primary,No Special Classes,SE18 2NP,51.479388,0.093948,State,Primary,0.8,
100152,De Lucy Primary School,Local authority maintained schools,Primary,No Special Classes,SE2 9PD,51.495476,0.110015,State,Primary,0.8,2
100153,James Wolfe Infant School,Local authority maintained schools,Primary,Has Special Classes,SE10 9LA,51.479651,-0.012672,State,Primary,0.8,
100154,Wingfield Primary School,Local authority maintained schools,Primary,No Special Classes,SE3 9GJ,51.461191,0.022444,State,Primary,0.8,
100155,Cardwell Primary School,Local authority maintained schools,Primary,No Special Classes,SE18 5LP,51.490741,0.053513,State,Primary,0.8,1
100156,Foxfield Primary School,Local authority maintained schools,Primary,No Special Classes,SE18 7EX,51.487143,0.076024,State,Primary,0.8,
100157,Windrush Primary School,Local authority maintained schools,Primary,No Special Classes,SE28 8AR,51.502533,0.1156,State,Primary,0.8,
100158,Heronsgate Primary School,Local authority maintained schools,Primary,No Special Classes,SE28 0EA,51.494056,0.082778,State,Primary,0.8,1
100159,Linton Mead Primary School,Local authority maintained schools,Primary,No Special Classes,SE28 8DT,51.508016,0.113275,State,Primary,0.8,2
100160,Nightingale Primary School,Local authority maintained schools,Primary,No Special Classes,SE18 7JJ,51.483956,0.071141,State,Primary,0.8,
100161,Briset Primary School,Local authority maintained schools,Primary,No Special Classes,SE9 6HN,51.460838,0.039243,State,Primary,0.8,
100162,Greenslade Primary School,Local authority maintained schools,Primary,No Special Classes,SE18 2QQ,51.479253,0.085833,State,Primary,0.8,2
100163,Mulgrave Primary School,Local authority maintained schools,Primary,No Special Classes,SE18 5DL,51.488555,0.060776,State,Primary,0.8,2
100164,Charlton Manor Primary School,Local authority maintained schools,Primary,No Special Classes,SE7 7EF,51.477634,0.036809,State,Primary,0.8,2
100165,Christ Church Church of England Primary School,Local authority maintained schools,Primary,No Special Classes,SE10 0DZ,51.487437,0.007026,State,Primary,0.8,2
100166,"Christ Church Church of England Primary School, Shooters Hill",Local authority maintained schools,Primary,No Special Classes,SE18 3RS,51.469838,0.060897,State,Primary,0.8,2
100167,Eltham Church of England Primary School,Local authority maintained schools,Primary,No Special Classes,SE9 1TR,51.451311,0.056925,State,Primary,0.8,2
100168,Our Lady of Grace Catholic Primary School,Local authority maintained schools,Primary,No Special Classes,SE7 7HR,51.48143,0.028408,State,Primary,0.8,1
100169,St Joseph's Catholic Primary School,Local authority maintained schools,Primary,No Special Classes,SE10 9AN,51.48629,0.005737,State,Primary,0.8,2
100170,St Margaret's Church of England Primary School,Local authority maintained schools,Primary,No Special Classes,SE18 7RL,51.482415,0.074412,State,Primary,0.8,2
100171,Saint Mary Magdalene Church of England All Through School,Local authority maintained schools,All-through,No Special Classes,SE18 5PW,51.491373,0.061076,State,Other,1.0,2
100172,St Mary's Catholic Primary School,Local authority maintained schools,Primary,No Special Classes,SE9 1UF,51.453534,0.063991,State,Primary,0.8,
100173,St Patrick's Catholic Primary School,Local authority maintained schools,Primary,No Special Classes,SE18 7QG,51.488479,0.08539,State,Primary,0.8,2
100174,St Alfege with St Peter's Church of England Primary School,Local authority maintained schools,Primary,No Special Classes,SE10 9RB,51.481727,-0.012553,State,Primary,0.8,2
100175,St Peter's Catholic Primary School,Local authority maintained schools,Primary,No Special Classes,SE18 7BN,51.486614,0.068855,State,Primary,0.8,1
100176,St Thomas More Catholic Primary School,Local authority maintained schools,Primary,No Special Classes,SE9 6NS,51.462582,0.044921,State,Primary,0.8,2
100177,St Thomas A Becket Roman Catholic Primary School,Local authority maintained schools,Primary,No Special Classes,SE2 9LY,51.49156,0.104201,State,Primary,0.8,2
100178,Holy Family Catholic Primary School,Local authority maintained schools,Primary,No Special Classes,SE3 9YX,51.459948,0.030393,State,Primary,0.8,
100179,Notre Dame Catholic Primary School,Local authority maintained schools,Primary,No Special Classes,SE18 3SJ,51.480271,0.065947,State,Primary,0.8,2
100180,St Margaret Clitherow Catholic Primary School,Local authority maintained schools,Primary,No Special Classes,SE28 8GB,51.500964,0.113366,State,Primary,0.8,2
100181,Bishop John Robinson Church of England Primary School,Local authority maintained schools,Primary,No Special Classes,SE28 8LW,51.508975,0.117916,State,Primary,0.8,2
100182,Eltham Hill School,Local authority maintained schools,Secondary,No Special Classes,SE9 5EE,51.450912,0.04581,State,Secondary,2.0,2
100183,Plumstead Manor School,Local authority maintained schools,Secondary,No Special Classes,SE18 1QF,51.48191,0.084644,State,Secondary,2.0,3
100184,Eaglesfield School,Local authority maintained schools,Secondary,No Special Classes,SE18 4LD,51.473102,0.061462,State,Secondary,2.0,
100185,Kidbrooke School,Local authority maintained schools,Secondary,No Special Classes,SE3 8EP,51.468985,0.04129,State,Secondary,2.0,
100186,Abbey Wood School,Local authority maintained schools,Secondary,No Special Classes,SE2 9AJ,,,State,Secondary,2.0,
100187,Woolwich Polytechnic School for Boys,Local authority maintained schools,Secondary,No Special Classes,SE28 8AT,51.503205,0.108758,State,Secondary,2.0,
100188,The Eltham Foundation School,Local authority maintained schools,Secondary,No Special Classes,SE9 5EQ,51.451383,0.03944,State,Secondary,2.0,
100189,Crown Woods College,Local authority maintained schools,Secondary,No Special Classes,SE9 2QN,,,State,Secondary,2.0,
100190,Thomas Tallis School,Local authority maintained schools,Secondary,No Special Classes,SE3 9PX,51.466176,0.02645,State,Secondary,2.0,2
100191,Waterfield School,Local authority maintained schools,Secondary,No Special Classes,SE28 8AT,51.503205,0.108758,State,Secondary,2.0,
100192,The John Roan School,Local authority maintained schools,Secondary,No Special Classes,SE3 7QR,51.478692,0.00932,State,Secondary,2.0,
100193,St Ursula's Convent School,Local authority maintained schools,Secondary,No Special Classes,SE10 8HN,51.475785,-0.005784,State,Secondary,2.0,3
100194,St Paul's Catholic School,Local authority maintained schools,Secondary,No Special Classes,SE2 0XX,51.480275,0.103667,State,Secondary,2.0,
100195,Blackheath Bluecoat Church of England School,Local authority maintained schools,Secondary,No Special Classes,SE3 8SY,51.475961,0.027446,State,Secondary,2.0,
100196,St Thomas More Roman Catholic Comprehensive School,Local authority maintained schools,Secondary,No Special Classes,SE9 2SU,51.447364,0.062504,State,Secondary,2.0,
100197,Hawksmoor School,Local authority maintained schools,Primary,No Special Classes,SE28 8AS,51.505195,0.111098,State,Primary,0.8,
100198,The Pointer School,Independent schools,Not applicable,No Special Classes,SE3 7TH,51.474732,0.017383,Private,Other,1.0,
100199,Blackheath Prep,Independent schools,Not applicable,No Special Classes,SE3 0NJ,51.472423,0.015668,Private,Other,1.0,
100200,Riverston School,Independent schools,Not applicable,No Special Classes,SE12 8UF,51.45574,0.019396,Private,Other,1.0,
100201,St Olave's Prep School,Independent schools,Not applicable,No Special Classes,SE9 3QS,51.435745,0.066584,Private,Other,1.0,
100202,Colfe's School,Independent schools,Not applicable,No Special Classes,SE12 8AW,51.449899,0.021772,Private,Other,1.0,
100203,Heath House Preparatory School,Independent schools,Not applicable,No Special Classes,SE3 0TG,51.466791,0.010064,Private,Other,1.0,
100204,King's Oak School,Special schools,Not applicable,Has Special Classes,SE9 5LX,51.449232,0.036941,Special,Other,1.0,2
100205,Charlton Park School,Special schools,Not applicable,Has Special Classes,SE7 8HX,51.481696,0.046251,Special,Other,1.0,
100206,Griffin Manor School,Special schools,Not applicable,Has Special Classes,SE18 2JD,51.472839,0.091027,Special,Other,1.0,
100207,Maze Hill School,Special schools,Not applicable,Has Special Classes,SE10 9UP,51.484193,0.002145,Special,Other,1.0,
100208,Nine Acres School,Special schools,Not applicable,Has Special Classes,SE18 7NB,51.487342,0.081046,Special,Other,1.0,
100210,Greenwood School,Special schools,Not applicable,Has Special Classes,SE18 2JD,51.472839,0.091027,Special,Other,1.0,
100211,Churchfield School,Special schools,Not applicable,Has Special Classes,SE2 0HY,51.487045,0.101732,Special,Other,1.0,
100212,Wentworth Nursery School and Children's Centre,Local authority maintained schools,Nursery,Not applicable,E9 5BY,51.543255,-0.041398,State,Other,1.0,1
100213,Comet Nursery School and Children's Centre,Local authority maintained schools,Nursery,Not applicable,N1 5RF,51.535902,-0.08069,State,Other,1.0,1
100214,New River Pupil Referral Unit,Local authority maintained schools,Not applicable,Not applicable,N16 9EX,51.557889,-0.084583,State,Other,1.0,
100215,Daniel House Pupil Referral Unit,Local authority maintained schools,Not applicable,Not applicable,N16 9EX,51.557889,-0.084583,State,Other,1.0,
100216,Amherst Primary School,Local authority maintained schools,Primary,No Special Classes,E8 1AS,51.548766,-0.062451,State,Primary,0.8,
100217,Benthal Primary School Infant Department,Local authority maintained schools,Primary,No Special Classes,N16 7AU,51.558299,-0.065162,State,Primary,0.8,
100218,Berger Primary School,Local authority maintained schools,Primary,No Special Classes,E9 6HB,51.546491,-0.04511,State,Primary,0.8,2
100219,Burbage Junior School,Local authority maintained schools,Primary,No Special Classes,N1 5JD,51.533779,-0.080649,State,Primary,0.8,
100220,Burbage Infants' School,Local authority maintained schools,Primary,No Special Classes,N1 5JD,51.533779,-0.080649,State,Primary,0.8,
100221,Colvestone Primary School,Local authority maintained schools,Primary,No Special Classes,E8 2LG,51.549122,-0.072547,State,Primary,0.8,
100222,Craven Park School,Local authority maintained schools,Primary,No Special Classes,N16 6DH,51.575164,-0.064317,State,Primary,0.8,
100223,Daubeney Primary School,Local authority maintained schools,Primary,Not applicable,E5 0EG,51.552359,-0.037848,State,Primary,0.8,2
100224,De Beauvoir Primary School,Local authority maintained schools,Primary,No Special Classes,E8 3DY,51.544685,-0.074003,State,Primary,0.8,
100225,Gainsborough Primary School,Local authority maintained schools,Primary,No Special Classes,E9 5ND,51.546154,-0.025466,State,Primary,0.8,2
100226,Gayhurst Junior School,Local authority maintained schools,Primary,No Special Classes,E8 3EN,51.542366,-0.062578,State,Primary,0.8,
100227,Gayhurst Infants' School,Local authority maintained schools,Primary,No Special Classes,E8 3EN,51.542366,-0.062578,State,Primary,0.8,
100228,Laburnum Primary School,Local authority maintained schools,Primary,No Special Classes,E2 8BA,51.535661,-0.072639,State,Primary,0.8,
100229,Lauriston School,Local authority maintained schools,Primary,No Special Classes,E9 7JS,51.53688,-0.046848,State,Primary,0.8,2
100230,London Fields Primary School,Local authority maintained schools,Primary,No Special Classes,E8 3RL,51.537505,-0.059006,State,Primary,0.8,1
100231,Millfields Community School,Local authority maintained schools,Primary,No Special Classes,E5 0SH,51.555869,-0.05094,State,Primary,0.8,2
100232,Morningside Primary School,Local authority maintained schools,Primary,No Special Classes,E9 6LL,51.546505,-0.050258,State,Primary,0.8,1
100233,Northwold Primary School,Local authority maintained schools,Primary,No Special Classes,E5 8RN,51.562658,-0.065035,State,Primary,0.8,
100234,Orchard Primary School,Local authority maintained schools,Primary,No Special Classes,E9 7BB,51.540846,-0.049029,State,Primary,0.8,2
100235,Queensbridge Primary School,Local authority maintained schools,Primary,Has Special Classes,E8 4ET,51.539288,-0.071722,State,Primary,0.8,1
100236,Randal Cremer Primary School,Local authority maintained schools,Primary,No Special Classes,E2 8JG,51.533378,-0.074855,State,Primary,0.8,
100237,Rushmore Junior School,Local authority maintained schools,Primary,No Special Classes,E5 0EY,51.554419,-0.046501,State,Primary,0.8,
100238,Rushmore Infants' School,Local authority maintained schools,Primary,No Special Classes,E5 0EY,51.554419,-0.046501,State,Primary,0.8,
100239,Princess May Primary School,Local authority maintained schools,Primary,No Special Classes,N16 8DF,51.552781,-0.077412,State,Primary,0.8,2
100240,Sebright School,Local authority maintained schools,Primary,No Special Classes,E2 8QH,51.533367,-0.065455,State,Primary,0.8,1
100241,Shacklewell Primary School,Local authority maintained schools,Primary,No Special Classes,E8 2EA,51.552827,-0.071496,State,Primary,0.8,1
100242,Southwold Primary School,Local authority maintained schools,Primary,No Special Classes,E5 9NL,51.56344,-0.053603,State,Primary,0.8,1
100243,Thomas Fairchild Community School,Local authority maintained schools,Primary,No Special Classes,N1 7HA,51.533473,-0.091678,State,Primary,0.8,2
100244,Oldhill Community School,Local authority maintained schools,Primary,No Special Classes,N16 6LR,51.568579,-0.066342,State,Primary,0.8,2
100245,Shoreditch Park Primary School,Local authority maintained schools,Primary,Has Special Classes,N1 5JN,51.535024,-0.085831,State,Primary,0.8,1
100246,William Patten Junior School,Local authority maintained schools,Primary,No Special Classes,N16 0NX,51.561805,-0.074925,State,Primary,0.8,
100247,William Patten Infants' School,Local authority maintained schools,Primary,No Special Classes,N16 0NX,51.561805,-0.074925,State,Primary,0.8,
100248,Woodberry Down Community Primary School,Local authority maintained schools,Primary,No Special Classes,N4 1SY,51.573155,-0.090984,State,Primary,0.8,2
100249,Woodberry Down Community Primary School,Local authority maintained schools,Primary,No Special Classes,N4 1SY,51.573155,-0.090984,State,Primary,0.8,
100250,Kingsmead Primary School,Local authority maintained schools,Primary,No Special Classes,E9 5PP,51.553831,-0.034986,State,Primary,0.8,1
100251,Sir Thomas Abney School,Local authority maintained schools,Primary,Not applicable,N16 5ED,51.570796,-0.081415,State,Primary,0.8,2
100252,Grasmere Primary School,Local authority maintained schools,Primary,No Special Classes,N16 9PD,51.555531,-0.083874,State,Primary,0.8,2
100253,Jubilee Primary School,Local authority maintained schools,Primary,No Special Classes,N16 6NR,51.566072,-0.065915,State,Primary,0.8,2
100254,Nightingale Primary School,Local authority maintained schools,Primary,Has Special Classes,E5 8NA,51.555978,-0.060774,State,Primary,0.8,2
100255,Baden-Powell School,Local authority maintained schools,Primary,No Special Classes,E5 8DN,51.557773,-0.05839,State,Primary,0.8,
100256,Harrington Hill Primary School,Local authority maintained schools,Primary,No Special Classes,E5 9JG,51.566673,-0.054418,State,Primary,0.8,2
100257,Holmleigh Primary School,Local authority maintained schools,Primary,No Special Classes,N16 5PU,51.570255,-0.074208,State,Primary,0.8,1
100258,Grazebrook Primary School,Local authority maintained schools,Primary,No Special Classes,N16 0QP,51.564196,-0.083106,State,Primary,0.8,1
100259,Parkwood Primary School,Local authority maintained schools,Primary,No Special Classes,N4 2HQ,51.565071,-0.099287,State,Primary,0.8,2
100260,Benthal Primary School,Local authority maintained schools,Primary,No Special Classes,N16 7AU,51.558299,-0.065162,State,Primary,0.8,2
100261,Mandeville Primary School,Local authority maintained schools,Primary,No Special Classes,E5 0BT,51.55714,-0.040325,State,Primary,0.8,1
100262,Rams Episcopal Church of England Primary School,Local authority maintained schools,Primary,No Special Classes,E9 6DU,51.547587,-0.050457,State,Primary,0.8,
100263,Holy Trinity Church of England Primary School,Local authority maintained schools,Primary,No Special Classes,E8 3DY,51.544685,-0.074003,State,Primary,0.8,2
100264,Our Lady and St Joseph Catholic Primary School,Local authority maintained schools,Primary,No Special Classes,N1 4JB,51.544943,-0.08041,State,Primary,0.8,1
100265,Saint Dominic Roman Catholic Junior School,Local authority maintained schools,Primary,No Special Classes,E9 5SR,51.545651,-0.039982,State,Primary,0.8,
100266,St John the Baptist Voluntary Aided Church of England Primary School,Local authority maintained schools,Primary,No Special Classes,N1 6JG,51.530874,-0.083958,State,Primary,0.8,1
100267,St Matthias Church of England Primary School,Local authority maintained schools,Primary,No Special Classes,N16 8DD,51.552497,-0.079328,State,Primary,0.8,2
100268,St Monica's Roman Catholic Primary School,Local authority maintained schools,Primary,No Special Classes,N1 6QN,51.528418,-0.080586,State,Primary,0.8,
100269,St. Paul's With St. Michael's CofE Primary School,Local authority maintained schools,Primary,No Special Classes,E8 4PB,51.537869,-0.064701,State,Primary,0.8,1
100270,St John of Jerusalem Church of England Primary School,Local authority maintained schools,Primary,No Special Classes,E9 7JF,51.540082,-0.050129,State,Primary,0.8,2
100271,"St Mary's Church of England Primary School, Stoke Newington",Local authority maintained schools,Primary,No Special Classes,N16 0JT,51.56209,-0.081925,State,Primary,0.8,2
100272,Avigdor Primary School,Local authority maintained schools,Primary,No Special Classes,N16 0QJ,51.564738,-0.084887,State,Primary,0.8,
100273,Saint Dominic Roman Catholic Infant School,Local authority maintained schools,Primary,No Special Classes,E9 5SR,51.545651,-0.039982,State,Primary,0.8,
100274,St Scholastica's Catholic Primary School,Local authority maintained schools,Primary,No Special Classes,E5 8BS,51.558536,-0.059944,State,Primary,0.8,2
100275,Simon Marks Jewish Primary School,Local authority maintained schools,Primary,No Special Classes,N16 6PD,51.5654,-0.069334,State,Primary,0.8,2
100276,Hackney Downs School,Local authority maintained schools,Secondary,No Special Classes,E5 8NP,51.552754,-0.059411,State,Secondary,2.0,
100277,Haggerston School,Local authority maintained schools,Secondary,No Special Classes,E2 8LS,51.532387,-0.071466,State,Secondary,2.0,
100278,Clapton Girls' Technology College,Local authority maintained schools,Secondary,No Special Classes,E5 0RB,51.554717,-0.051956,State,Secondary,2.0,
100279,Stoke Newington School and Sixth Form,Local authority maintained schools,Secondary,No Special Classes,N16 9EX,51.557889,-0.084583,State,Secondary,2.0,2
100280,Homerton College of Technology,Local authority maintained schools,Secondary,No Special Classes,E9 6EB,,,State,Secondary,2.0,
100281,Kingsland School,Local authority maintained schools,Secondary,No Special Classes,E8 2EY,51.551707,-0.071716,State,Secondary,2.0,
100282,All Saints Catholic High School,Local authority maintained schools,Secondary,No Special Classes,N16 5AF,51.574273,-0.075207,State,Secondary,2.0,2
100283,The Skinners' Company's School for Girls,Local authority maintained schools,Secondary,No Special Classes,N16 5RS,51.572633,-0.073371,State,Secondary,2.0,
100284,The Urswick School - A Church of England Secondary School,Local authority maintained schools,Secondary,No Special Classes,E9 6NR,51.544467,-0.052595,State,Secondary,2.0,2
100285,Cardinal Pole Catholic School,Local authority maintained schools,Secondary,No Special Classes,E9 6LG,51.546787,-0.046684,State,Secondary,2.0,
100286,St Thomas's Church of England Primary School,Local authority maintained schools,Primary,No Special Classes,N16 6XJ,,,State,Primary,0.8,
100287,Yesodey Hatorah School,Independent schools,Not applicable,Has Special Classes,N16 5AE,51.574133,-0.074318,Private,Other,1.0,
100288,Talmud Torah School,Independent schools,Not applicable,No Special Classes,N16 5DU,51.571366,-0.081102,Private,Other,1.0,
100289,Talmud Torah Yetev Lev,Independent schools,Not applicable,No Special Classes,N16 6AX,51.566037,-0.064343,Private,Other,1.0,
100290,Lubavitch House Junior School,Independent schools,Not applicable,No Special Classes,N16 5RP,51.572236,-0.073273,Private,Other,1.0,
100291,Bnois Jerusalem Girls School,Independent schools,Not applicable,No Special Classes,N16 5DL,51.574504,-0.079945,Private,Other,1.0,
100292,Lubavitch House Senior School,Independent schools,Not applicable,No Special Classes,N16 5RP,51.572236,-0.073273,Private,Other,1.0,
100293,Beis Rochel d'Satmar Girls' School,Independent schools,Not applicable,No Special Classes,N16 5DL,51.574504,-0.079945,Private,Other,1.0,
100294,Talmud Torah Machzikei Hadass School,Independent schools,Not applicable,No Special Classes,E5 9SN,51.572357,-0.065345,Private,Other,1.0,
100295,Beis Malka Girls' School,Independent schools,Not applicable,No Special Classes,N16 6XD,51.566614,-0.069889,Private,Other,1.0,
100296,Talmud Torah Chaim Meirim Wiznitz School,Independent schools,Not applicable,No Special Classes,N16 6XB,51.567169,-0.070312,Private,Other,1.0,
100297,Mechinah Liyeshivah Zichron Moshe,Independent schools,Not applicable,No Special Classes,N16 5AR,51.574927,-0.083853,Private,Other,1.0,
100298,Bobov Primary Boys School,Independent schools,Not applicable,No Special Classes,N16 6UE,51.574274,-0.070373,Private,Other,1.0,
100299,T T T Y Y School,Independent schools,Not applicable,No Special Classes,N16 5NH,51.568389,-0.081617,Private,Other,1.0,
100300,Tayyibah Girls' School,Independent schools,Not applicable,No Special Classes,N16 6JJ,51.566964,-0.06276,Private,Other,1.0,
100301,Paragon Christian Academy,Independent schools,Not applicable,No Special Classes,E5 0JP,51.556144,-0.043138,Private,Other,1.0,
100302,Mesifta Talmudical College,Independent schools,Not applicable,No Special Classes,N16 6AB,51.565302,-0.06726,Private,Other,1.0,
100303,River House Montessori School,Independent schools,Not applicable,No Special Classes,E14 9XP,51.498627,-0.018041,Private,Other,1.0,
100304,The Supplementary School of Secondary Education,Independent schools,Not applicable,No Special Classes,E8 3DL,51.546913,-0.074947,Private,Other,1.0,
100305,Lennox Lewis College,Independent schools,Not applicable,No Special Classes,E5 9NA,51.565203,-0.051984,Private,Other,1.0,
100306,Home School of Stoke Newington,Independent schools,Not applicable,No Special Classes,N16 7AA,51.563783,-0.069446,Private,Other,1.0,
100307,Stormont House School,Special schools,Not applicable,Has Special Classes,E5 8NP,51.552754,-0.059411,Special,Other,1.0,1
100308,Downsview School,Special schools,Not applicable,Has Special Classes,E5 8QP,51.555701,-0.061969,Special,Other,1.0,
100310,Crusoe House School,Special schools,Not applicable,Has Special Classes,N1 7RD,51.529513,-0.088182,Special,Other,1.0,
100311,The Garden School,Special schools,Not applicable,Has Special Classes,N16 8BZ,51.554164,-0.078435,Special,Other,1.0,1
100312,Ickburgh School,Special schools,Not applicable,Has Special Classes,E9 5RB,51.546603,-0.036682,Special,Other,1.0,2
100313,Marshcroft Early Years Centre,Local authority maintained schools,Nursery,Not applicable,W14 9PA,51.485581,-0.203477,State,Other,1.0,
100314,Horder Nursery School,Local authority maintained schools,Nursery,Not applicable,SW6 5ED,51.475256,-0.210435,State,Other,1.0,
100315,Randolph Beresford Early Years Centre,Local authority maintained schools,Nursery,Not applicable,W12 7PH,51.510667,-0.231644,State,Other,1.0,1
100316,Vanessa Nursery School,Local authority maintained schools,Nursery,Not applicable,W12 9JA,51.502621,-0.23478,State,Other,1.0,1
100317,James Lee Nursery School,Local authority maintained schools,Nursery,Not applicable,W14 9BH,51.492131,-0.213073,State,Other,1.0,1
100318,Bayonne Nursery School,Local authority maintained schools,Nursery,Not applicable,W6 8PF,51.483979,-0.21453,State,Other,1.0,1
100319,Wharf Study Centre,Local authority maintained schools,Not applicable,Not applicable,SW6 3LF,51.469872,-0.210617,State,Other,1.0,
100320,The Bridge Academy,Local authority maintained schools,Not applicable,Not applicable,SW6 6HB,51.475103,-0.219844,State,Other,1.0,
100321,Addison Primary School,Local authority maintained schools,Primary,No Special Classes,W14 0DT,51.500295,-0.218329,State,Primary,0.8,2
100322,Avonmore Primary School,Local authority maintained schools,Primary,No Special Classes,W14 8SH,51.495211,-0.208703,State,Primary,0.8,1
100323,Bentworth Primary School,Local authority maintained schools,Primary,No Special Classes,W12 7AJ,51.515346,-0.231823,State,Primary,0.8,
100324,Brackenbury Primary School,Local authority maintained schools,Primary,No Special Classes,W6 0BA,51.49984,-0.232251,State,Primary,0.8,2
100325,Canberra Primary School,Local authority maintained schools,Primary,No Special Classes,W12 7PT,51.512593,-0.22935,State,Primary,0.8,
100326,Miles Coverdale Primary School,Local authority maintained schools,Primary,Has Special Classes,W12 8JJ,51.504863,-0.22903,State,Primary,0.8,1
100327,Ellerslie Primary School,Local authority maintained schools,Primary,No Special Classes,W12 7BP,,,State,Primary,0.8,
100328,Flora Gardens Primary School,Local authority maintained schools,Primary,No Special Classes,W6 7PZ,51.498671,-0.22394,State,Primary,0.8,2
100329,Fulham Primary School,Local authority maintained schools,Primary,No Special Classes,SW6 1JU,51.483536,-0.197955,State,Primary,0.8,
100330,New King's Primary School,Local authority maintained schools,Primary,No Special Classes,SW6 4LY,51.472094,-0.20418,State,Primary,0.8,
100331,Kenmont Primary School,Local authority maintained schools,Primary,No Special Classes,NW10 6AL,51.531695,-0.235472,State,Primary,0.8,2
100332,Langford Primary School,Local authority maintained schools,Primary,No Special Classes,SW6 2LG,51.472219,-0.188911,State,Primary,0.8,
100333,Lena Gardens Primary School,Local authority maintained schools,Primary,No Special Classes,W6 7PZ,51.498671,-0.22394,State,Primary,0.8,
100334,Melcombe Primary School,Local authority maintained schools,Primary,No Special Classes,W6 9ER,51.486183,-0.221141,State,Primary,0.8,2
100335,Old Oak Primary School,Local authority maintained schools,Primary,No Special Classes,W12 0AS,51.519434,-0.24654,State,Primary,0.8,2
100336,Peterborough Primary School,Local authority maintained schools,Primary,No Special Classes,SW6 3AA,51.471185,-0.195345,State,Primary,0.8,
100337,Queen's Manor School and Special Needs Unit,Local authority maintained schools,Primary,Has Special Classes,SW6 6ND,51.479844,-0.221762,State,Primary,0.8,
100338,Sir John Lillie Primary School,Local authority maintained schools,Primary,No Special Classes,SW6 7LN,51.483268,-0.2092,State,Primary,0.8,2
100339,Sulivan Primary School,Local authority maintained schools,Primary,No Special Classes,SW6 3BN,51.472291,-0.199406,State,Primary,0.8,
100340,Wendell Park Primary School,Local authority maintained schools,Primary,No Special Classes,W12 9LB,51.503751,-0.248382,State,Primary,0.8,2
100341,Wormholt Park Primary School,Local authority maintained schools,Primary,No Special Classes,W12 0SR,51.511443,-0.24016,State,Primary,0.8,2
100342,Normand Park Primary School,Local authority maintained schools,Primary,No Special Classes,SW6 7SR,51.485262,-0.203159,State,Primary,0.8,
100343,Greenside Primary School,Local authority maintained schools,Primary,No Special Classes,W12 9PT,51.503908,-0.236618,State,Primary,0.8,
100344,All Saints CofE Primary School,Local authority maintained schools,Primary,,SW6 6ED,51.472859,-0.21361,State,Primary,0.8,2
100345,Holy Cross RC School,Local authority maintained schools,Primary,No Special Classes,SW6 4BL,51.475948,-0.197476,State,Primary,0.8,2
100346,John Betts Primary School,Local authority maintained schools,Primary,No Special Classes,W6 0UA,51.498552,-0.237502,State,Primary,0.8,2
100347,St Augustine's RC Primary School,Local authority maintained schools,Primary,No Special Classes,W6 8QE,51.484281,-0.209592,State,Primary,0.8,
100348,Sacred Heart Junior School,Local authority maintained schools,Primary,No Special Classes,W6 7JP,51.493446,-0.217948,State,Primary,0.8,
100349,St John's Walham Green Church of England Primary School,Local authority maintained schools,Primary,No Special Classes,SW6 6AS,51.48187,-0.213633,State,Primary,0.8,1
100350,St Mary's Catholic Primary School,Local authority maintained schools,Primary,No Special Classes,W14 0LT,51.498937,-0.215933,State,Primary,0.8,2
100351,St Paul's CofE Primary School,Local authority maintained schools,Primary,No Special Classes,W6 9BP,51.490636,-0.227176,State,Primary,0.8,1
100352,St Peter's Primary School,Local authority maintained schools,Primary,No Special Classes,W6 9BA,51.492048,-0.240936,State,Primary,0.8,1
100353,St Stephen's CofE Primary School,Local authority maintained schools,Primary,No Special Classes,W12 8LH,51.50557,-0.227576,State,Primary,0.8,1
100354,Good Shepherd RC Primary School,Local authority maintained schools,Primary,No Special Classes,W12 9BY,51.502829,-0.245622,State,Primary,0.8,1
100355,St John XXIII Catholic Primary School,Local authority maintained schools,Primary,No Special Classes,W12 7QT,51.511498,-0.233673,State,Primary,0.8,
100356,Larmenier RC Infants' School,Local authority maintained schools,Primary,No Special Classes,W6 8DH,,,State,Primary,0.8,
100357,St Thomas of Canterbury Catholic Primary School,Local authority maintained schools,Primary,No Special Classes,SW6 7HB,51.481763,-0.206652,State,Primary,0.8,2
100358,Fulham College Boys' School,Local authority maintained schools,Secondary,No Special Classes,SW6 6SN,51.477784,-0.215203,State,Secondary,2.0,
100359,Phoenix High School,Local authority maintained schools,Secondary,No Special Classes,W12 0RQ,51.513162,-0.237875,State,Secondary,2.0,
100360,Fulham Cross Girls' School and Language College,Local authority maintained schools,Secondary,No Special Classes,SW6 6BP,51.481374,-0.214185,State,Secondary,2.0,
100361,Hurlingham and Chelsea Secondary School,Local authority maintained schools,Secondary,No Special Classes,SW6 3ED,51.467822,-0.1965,State,Secondary,2.0,
100362,Burlington Danes CofE School,Local authority maintained schools,Secondary,No Special Classes,W12 0HR,51.518923,-0.229868,State,Secondary,2.0,
100363,Sacred Heart High School,Local authority maintained schools,Secondary,No Special Classes,W6 7DG,51.493572,-0.223331,State,Secondary,2.0,
100364,Lady Margaret School,Local authority maintained schools,Secondary,No Special Classes,SW6 4UN,51.474182,-0.199619,State,Secondary,2.0,
100365,The London Oratory School,Local authority maintained schools,Middle deemed secondary,No Special Classes,SW6 1RX,51.486225,-0.196193,State,Other,1.0,
100366,St Paul's Girls' School,Independent schools,Not applicable,No Special Classes,W6 7BS,51.495132,-0.218833,Private,Other,1.0,
100368,Bute House Preparatory School for Girls,Independent schools,Not applicable,No Special Classes,W6 7EA,51.495322,-0.221304,Private,Other,1.0,
100369,The Godolphin and Latymer School,Independent schools,Not applicable,No Special Classes,W6 0PG,51.495309,-0.22992,Private,Other,1.0,
100370,Latymer Upper School and Latymer Prep,Independent schools,Not applicable,No Special Classes,W6 9LR,51.492736,-0.237064,Private,Other,1.0,
100371,Ecole Française de Londres Jacques Prévert,Independent schools,Not applicable,No Special Classes,W6 7BE,51.49612,-0.218795,Private,Other,1.0,
100372,Evergreen Primary School,Independent schools,Not applicable,No Special Classes,SW6 4QT,51.476185,-0.201211,Private,Other,1.0,
100373,Ravenscourt Park Preparatory School,Independent schools,Not applicable,No Special Classes,W6 0SL,51.493754,-0.237759,Private,Other,1.0,
100374,Sinclair House School,Independent schools,Not applicable,No Special Classes,SW6 6DA,51.47787,-0.210808,Private,Other,1.0,
100375,L'Ecole des Petits School,Independent schools,Not applicable,No Special Classes,SW6 2NB,51.471923,-0.190737,Private,Other,1.0,
100376,Le Herisson School,Independent schools,Not applicable,No Special Classes,W6 9JT,51.492497,-0.233097,Private,Other,1.0,
100377,Bloomsbury College,Independent schools,Not applicable,No Special Classes,SW6 1QR,51.482112,-0.197709,Private,Other,1.0,
100378,Queensmill School,Special schools,Not applicable,Has Special Classes,W12 0NW,51.507523,-0.242617,Special,Other,1.0,
100379,Woodlane High School,Special schools,Not applicable,Has Special Classes,W12 0TN,51.518923,-0.229868,Special,Other,1.0,1
100381,Jack Tizard School,Special schools,Not applicable,Has Special Classes,W12 7PA,51.510232,-0.230796,Special,Other,1.0,1
100382,Cambridge School,Special schools,Not applicable,Has Special Classes,W12 0SP,51.511684,-0.236476,Special,Other,1.0,2
100383,Gibbs Green School,Special schools,Not applicable,Has Special Classes,W14 9LY,51.488771,-0.204447,Special,Other,1.0,
100384,Margaret McMillan Nursery School,Local authority maintained schools,Nursery,Not applicable,N19 3SF,51.57208,-0.125792,State,Other,1.0,2
100385,Kate Greenaway Nursery School and Children's Centre,Local authority maintained schools,Nursery,Not applicable,N1 0UH,51.536341,-0.120585,State,Other,1.0,1
100386,North Islington Nursery School,Local authority maintained schools,Nursery,Not applicable,N4 3RB,51.566445,-0.113673,State,Other,1.0,2
100387,New River College KS3,Local authority maintained schools,Not applicable,Not applicable,N7 8RH,51.547897,-0.113315,State,Other,1.0,
100388,New River College Primary,Local authority maintained schools,Not applicable,Not applicable,N1 0HN,51.537763,-0.108327,State,Other,1.0,2
100389,Ecclesbourne Class Base (East),Local authority maintained schools,Not applicable,Not applicable,N1 3AG,,,State,Other,1.0,
100390,Thornhill Class Base (West),Local authority maintained schools,Not applicable,Not applicable,N1 1HX,51.540335,-0.10946,State,Other,1.0,
100391,New River College Secondary,Local authority maintained schools,Not applicable,Not applicable,N7 8RH,51.547897,-0.113315,State,Other,1.0,2
100392,Special Learning Centre (Secondary Base),Local authority maintained schools,Not applicable,Not applicable,N7 9QJ,51.545124,-0.119848,State,Other,1.0,
100393,William Tyndale Class Base (South),Local authority maintained schools,Not applicable,Not applicable,N1 2AQ,,,State,Other,1.0,
100394,Yerbury Class Base (North),Local authority maintained schools,Not applicable,Not applicable,N19 4RR,51.56006,-0.131596,State,Other,1.0,
100395,Lough Road Class Base (Central),Local authority maintained schools,Not applicable,Not applicable,N7 8RH,51.547897,-0.113315,State,Other,1.0,
100396,Ring Cross Primary School,Local authority maintained schools,Primary,No Special Classes,N7 8EE,51.550759,-0.113471,State,Primary,0.8,
100397,Ambler Primary School and Children's Centre,Local authority maintained schools,Primary,No Special Classes,N4 2DR,51.562126,-0.100694,State,Primary,0.8,1
100398,Canonbury Junior School,Local authority maintained schools,Primary,No Special Classes,N1 2UT,51.545009,-0.101565,State,Primary,0.8,
100399,Canonbury Infants' School,Local authority maintained schools,Primary,No Special Classes,N1 2UT,51.545009,-0.101565,State,Primary,0.8,
100400,Charles Lamb Primary School,Local authority maintained schools,Primary,No Special Classes,N1 8RF,,,State,Primary,0.8,
100401,Copenhagen Primary School,Local authority maintained schools,Primary,No Special Classes,N1 0WF,51.535724,-0.118519,State,Primary,0.8,
100402,Drayton Park Primary School,Local authority maintained schools,Primary,No Special Classes,N5 1PJ,51.551551,-0.105721,State,Primary,0.8,2
100403,Duncombe Primary School,Local authority maintained schools,Primary,No Special Classes,N19 4JA,51.566993,-0.123679,State,Primary,0.8,2
100404,Ecclesbourne Primary School,Local authority maintained schools,Primary,No Special Classes,N1 3AG,,,State,Primary,0.8,
100405,Gillespie Primary School,Local authority maintained schools,Primary,No Special Classes,N5 1LH,51.559721,-0.100996,State,Primary,0.8,1
100406,Grafton Primary School,Local authority maintained schools,Primary,No Special Classes,N7 6AR,51.559388,-0.119389,State,Primary,0.8,2
100407,Hanover Primary School,Local authority maintained schools,Primary,No Special Classes,N1 8BD,51.532981,-0.099038,State,Primary,0.8,2
100408,Hargrave Park Primary School,Local authority maintained schools,Primary,No Special Classes,N19 5BS,51.564286,-0.140051,State,Primary,0.8,2
100409,Hugh Myddelton Junior School,Local authority maintained schools,Primary,No Special Classes,EC1R 1YR,,,State,Primary,0.8,
100411,Laycock Primary School,Local authority maintained schools,Primary,,N1 1SW,51.544512,-0.104701,State,Primary,0.8,2
100412,Montem Junior School,Local authority maintained schools,Primary,No Special Classes,N7 7QT,51.560973,-0.115068,State,Primary,0.8,
100413,Montem Infant School,Local authority maintained schools,Primary,No Special Classes,N7 7QT,51.560973,-0.115068,State,Primary,0.8,
100414,Moorfields Primary School,Local authority maintained schools,Primary,No Special Classes,EC1Y 8RX,,,State,Primary,0.8,
100415,Moreland Primary School,Local authority maintained schools,Primary,No Special Classes,EC1V 8BB,51.528599,-0.09997,State,Primary,0.8,2
100416,Newington Green Junior School,Local authority maintained schools,Primary,No Special Classes,N16 8NP,51.551921,-0.083636,State,Primary,0.8,
100417,Newington Green Infant School,Local authority maintained schools,Primary,No Special Classes,N16 8NP,51.551921,-0.083636,State,Primary,0.8,
100418,Pakeman Primary School,Local authority maintained schools,Primary,No Special Classes,N7 6DU,51.559499,-0.114537,State,Primary,0.8,2
100419,Angel Primary School,Local authority maintained schools,Primary,No Special Classes,N1 0EH,51.534701,-0.108065,State,Primary,0.8,
100420,Poole's Park Junior School,Local authority maintained schools,Primary,No Special Classes,N4 3NW,51.564922,-0.112308,State,Primary,0.8,
100421,Poole's Park Infant School,Local authority maintained schools,Primary,No Special Classes,N4 3NW,51.564922,-0.112308,State,Primary,0.8,
100422,Robert Blair School and Children's Centre,Local authority maintained schools,Primary,No Special Classes,N7 9QJ,51.545124,-0.119848,State,Primary,0.8,2
100423,Rotherfield Junior School,Local authority maintained schools,Primary,No Special Classes,N1 3EE,51.538501,-0.090055,State,Primary,0.8,
100424,Rotherfield Infant School,Local authority maintained schools,Primary,No Special Classes,N1 3EE,51.538501,-0.090055,State,Primary,0.8,
100425,Thornhill Primary School,Local authority maintained schools,Primary,No Special Classes,N1 1HX,51.540335,-0.10946,State,Primary,0.8,2
100426,Vittoria Primary School,Local authority maintained schools,Primary,No Special Classes,N1 0WF,51.535724,-0.118519,State,Primary,0.8,2
100427,William Tyndale Primary School,Local authority maintained schools,Primary,No Special Classes,N1 2GG,51.542417,-0.101428,State,Primary,0.8,
100428,Winton Primary School,Local authority maintained schools,Primary,No Special Classes,N1 9AZ,51.533383,-0.118371,State,Primary,0.8,1
100429,Yerbury Primary School,Local authority maintained schools,Primary,No Special Classes,N19 4RR,51.56006,-0.131596,State,Primary,0.8,1
100430,Tufnell Park Primary School,Local authority maintained schools,Primary,No Special Classes,N7 0HJ,51.554338,-0.129724,State,Primary,0.8,2
100431,Highbury Quadrant Primary School,Local authority maintained schools,Primary,No Special Classes,N5 2DP,51.553943,-0.091846,State,Primary,0.8,3
100432,Ashmount Primary School,Local authority maintained schools,Primary,No Special Classes,N8 9EG,51.574506,-0.121739,State,Primary,0.8,2
100433,Ashmount Infant School,Local authority maintained schools,Primary,No Special Classes,N19 3BH,51.571917,-0.132495,State,Primary,0.8,
100434,Prior Weston Primary School and Children's Centre,Local authority maintained schools,Primary,No Special Classes,EC1Y 8JA,51.521927,-0.093343,State,Primary,0.8,2
100435,Hungerford Primary School and Children's Centre,Local authority maintained schools,Primary,No Special Classes,N7 9LF,51.548694,-0.126566,State,Primary,0.8,
100436,Clerkenwell Parochial CofE Primary School,Local authority maintained schools,Primary,No Special Classes,EC1R 1UN,51.528677,-0.110376,State,Primary,0.8,
100437,Sacred Heart Catholic Primary School,Local authority maintained schools,Primary,No Special Classes,N7 8JN,51.550222,-0.113623,State,Primary,0.8,2
100438,St John Evangelist RC Primary School,Local authority maintained schools,Primary,No Special Classes,N1 8BL,51.533953,-0.104044,State,Primary,0.8,2
100439,St John's Upper Holloway CofE Primary School,Local authority maintained schools,Primary,No Special Classes,N19 5RR,51.56265,-0.131605,State,Primary,0.8,2
100440,St John's Highbury Vale CofE Primary School,Local authority maintained schools,Primary,No Special Classes,N5 1DL,51.558278,-0.100161,State,Primary,0.8,2
100441,St Joseph's Catholic Primary School,Local authority maintained schools,Primary,No Special Classes,N19 5NE,51.567449,-0.138767,State,Primary,0.8,1
100442,St Jude and St Paul's CofE Primary School,Local authority maintained schools,Primary,No Special Classes,N1 4AZ,51.54815,-0.079064,State,Primary,0.8,2
100443,St Luke's CofE Primary School,Local authority maintained schools,Primary,No Special Classes,EC1V 3SJ,51.526544,-0.091939,State,Primary,0.8,2
100444,St Mark's CofE Primary School,Local authority maintained schools,Primary,No Special Classes,N19 4JF,51.564359,-0.120916,State,Primary,0.8,2
100445,St Mary Magdalene CofE Primary School,Local authority maintained schools,Primary,No Special Classes,N7 8PG,51.547651,-0.109763,State,Primary,0.8,
100446,St Mary's CofE Primary School,Local authority maintained schools,Primary,No Special Classes,N1 2EP,51.539352,-0.099854,State,Primary,0.8,2
100447,St Peter and St Paul Catholic Primary School,Local authority maintained schools,Primary,No Special Classes,EC1V 0EU,51.524972,-0.100914,State,Primary,0.8,2
100448,St Andrew's (Barnsbury) Church of England Primary School,Local authority maintained schools,Primary,No Special Classes,N1 0LB,51.538187,-0.114596,State,Primary,0.8,2
100449,St Joan of Arc RC Primary School,Local authority maintained schools,Primary,No Special Classes,N5 2UX,51.556611,-0.096076,State,Primary,0.8,2
100450,Christ The King Catholic Primary School,Local authority maintained schools,Primary,No Special Classes,N4 3QW,51.566881,-0.113929,State,Primary,0.8,2
100451,Blessed Sacrament RC Primary School,Local authority maintained schools,Primary,No Special Classes,N1 0UF,51.536613,-0.11906,State,Primary,0.8,
100452,Highbury Grove School,Local authority maintained schools,Secondary,No Special Classes,N5 2EQ,51.549004,-0.097778,State,Secondary,2.0,
100453,Beacon High,Local authority maintained schools,Secondary,No Special Classes,N7 0JG,51.553081,-0.129329,State,Secondary,2.0,2
100454,Islington Green School,Local authority maintained schools,Secondary,No Special Classes,N1 8PQ,51.535947,-0.097833,State,Secondary,2.0,
100455,Highbury Fields School,Local authority maintained schools,Secondary,No Special Classes,N5 1AR,51.552805,-0.1015,State,Secondary,2.0,1
100456,George Orwell School,Local authority maintained schools,Secondary,No Special Classes,N4 3LS,51.567108,-0.115752,State,Secondary,2.0,
100457,Elizabeth Garrett Anderson School,Local authority maintained schools,Secondary,No Special Classes,N1 9QG,51.532955,-0.113587,State,Secondary,2.0,1
100458,Central Foundation Boys' School,Local authority maintained schools,Secondary,No Special Classes,EC2A 4SH,51.525211,-0.085753,State,Secondary,2.0,1
100459,St Aloysius RC College,Local authority maintained schools,Secondary,No Special Classes,N6 5LY,51.569821,-0.138642,State,Secondary,2.0,2
100460,Mount Carmel Catholic College for Girls,Local authority maintained schools,Secondary,No Special Classes,N19 3EU,51.567974,-0.12941,State,Secondary,2.0,
100461,Italia Conti Academy of Theatre Arts,Independent schools,Not applicable,No Special Classes,EC1M 7AJ,51.522458,-0.097819,Private,Other,1.0,
100462,Dallington School,Independent schools,Not applicable,No Special Classes,EC1V 0BW,51.524641,-0.100452,Private,Other,1.0,
100463,Charterhouse Square School,Independent schools,Not applicable,No Special Classes,EC1M 6EA,51.520377,-0.098684,Private,Other,1.0,
100464,Primrose Independent School,Independent schools,Not applicable,No Special Classes,N5 2TE,51.558701,-0.09635,Private,Other,1.0,
100465,Holly Park Montessori School,Independent schools,Not applicable,No Special Classes,N4 4BY,51.572172,-0.118631,Private,Other,1.0,
100466,The Metropolitan Theatre School,Independent schools,Not applicable,No Special Classes,N1 7QG,51.5309,-0.091598,Private,Other,1.0,
100467,Richard Cloudesley School,Special schools,Not applicable,Has Special Classes,N1 8RE,51.535998,-0.098205,Special,Other,1.0,1
100468,Colebrooke School,Special schools,Not applicable,Has Special Classes,N1 8AF,51.535127,-0.101587,Special,Other,1.0,
100469,Samuel Rhodes MLD School,Special schools,Not applicable,Has Special Classes,N5 2EG,51.549801,-0.096476,Special,Other,1.0,1
100470,Harborough Aut School,Special schools,Not applicable,Has Special Classes,N19 4AB,51.565612,-0.131859,Special,Other,1.0,
100471,Rosemary Sld School,Special schools,Not applicable,Has Special Classes,N1 8PW,51.53792,-0.093626,Special,Other,1.0,
100472,Golborne & Maxilla Nursery School,Local authority maintained schools,Nursery,Has Special Classes,W10 5TN,51.52053,-0.206613,State,Other,1.0,1
100473,St Anne's & Avondale Park Nursery School,Local authority maintained schools,Nursery,Not applicable,W11 4EE,51.510892,-0.214428,State,Other,1.0,2
100474,Chelsea Open Air Nursery School,Local authority maintained schools,Nursery,Not applicable,SW3 5JE,51.485037,-0.170025,State,Other,1.0,1
100475,Maxilla Nursery School,Local authority maintained schools,Nursery,,W10 5TN,51.52053,-0.206613,State,Other,1.0,
100476,The Latimer Education Centre/Pupil Referral Unit,Local authority maintained schools,Not applicable,Not applicable,W10 6TT,51.513079,-0.219257,State,Other,1.0,
100477,Ashburnham Community School,Local authority maintained schools,Primary,No Special Classes,SW10 0DT,51.481822,-0.177802,State,Primary,0.8,1
100478,Barlby Primary School,Local authority maintained schools,Primary,Has Special Classes,W10 6DW,51.523628,-0.214002,State,Primary,0.8,2
100479,Bevington Primary School,Local authority maintained schools,Primary,No Special Classes,W10 5TW,51.521326,-0.208139,State,Primary,0.8,3
100480,Bousfield Primary School,Local authority maintained schools,Primary,No Special Classes,SW5 0DJ,51.490072,-0.186173,State,Primary,0.8,2
100481,Colville Primary School,Local authority maintained schools,Primary,No Special Classes,W11 2DF,51.514639,-0.203645,State,Primary,0.8,1
100482,Fox Primary School,Local authority maintained schools,Primary,No Special Classes,W8 7PP,51.507491,-0.196678,State,Primary,0.8,1
100483,Marlborough Primary School,Local authority maintained schools,Primary,Has Special Classes,SW3 3AP,51.492679,-0.165887,State,Primary,0.8,2
100484,Middle Row Primary School,Local authority maintained schools,Primary,No Special Classes,W10 5DB,51.526032,-0.211255,State,Primary,0.8,
100485,Oxford Gardens Primary School,Local authority maintained schools,Primary,No Special Classes,W10 6NF,51.517392,-0.216667,State,Primary,0.8,2
100486,Park Walk Primary School,Local authority maintained schools,Primary,No Special Classes,SW10 0AY,51.484153,-0.177954,State,Primary,0.8,2
100487,Avondale Park Primary School,Local authority maintained schools,Primary,No Special Classes,W11 4EE,51.510892,-0.214428,State,Primary,0.8,2
100488,Thomas Jones Primary School,Local authority maintained schools,Primary,No Special Classes,W11 1RQ,51.514913,-0.210365,State,Primary,0.8,1
100489,Christ Church CofE Primary School,Local authority maintained schools,Primary,No Special Classes,SW3 4AA,51.485497,-0.164332,State,Primary,0.8,1
100490,Holy Trinity CofE Primary School,Local authority maintained schools,Primary,No Special Classes,SW1X 9DE,51.493299,-0.156671,State,Primary,0.8,2
100491,Oratory Roman Catholic Primary School,Local authority maintained schools,Primary,No Special Classes,SW3 6QH,51.490617,-0.170292,State,Primary,0.8,1
100492,St Thomas' CofE Primary School,Local authority maintained schools,Primary,No Special Classes,W10 5EF,51.523778,-0.208489,State,Primary,0.8,1
100493,St Barnabas and St Philip's CofE Primary School,Local authority maintained schools,Primary,No Special Classes,W8 6EJ,51.4979,-0.198152,State,Primary,0.8,2
100494,Saint Francis of Assisi Catholic Primary School,Local authority maintained schools,Primary,No Special Classes,W11 4BJ,51.512216,-0.216913,State,Primary,0.8,Not judged
100495,St Clement and St James CofE Primary School,Local authority maintained schools,Primary,No Special Classes,W11 4PG,51.509069,-0.211041,State,Primary,0.8,2
100496,St Joseph's Catholic Primary School,Local authority maintained schools,Primary,No Special Classes,SW3 2QT,51.492843,-0.161991,State,Primary,0.8,
100497,St Mary Abbots CofE Primary School,Local authority maintained schools,Primary,No Special Classes,W8 4SP,51.501913,-0.191855,State,Primary,0.8,2
100498,St Cuthbert with St Matthias CofE Primary School,Local authority maintained schools,Primary,No Special Classes,SW5 9UE,51.489441,-0.193631,State,Primary,0.8,2
100499,Saint Mary's Catholic Primary School,Local authority maintained schools,Primary,No Special Classes,W10 5AW,51.525081,-0.210774,State,Primary,0.8,2
100500,Servite RC Primary School,Local authority maintained schools,Primary,No Special Classes,SW10 9NA,51.485033,-0.183046,State,Primary,0.8,1
100501,Holland Park School,Local authority maintained schools,Secondary,No Special Classes,W8 7AF,51.504889,-0.200599,State,Secondary,2.0,
100502,Saint Thomas More Language College,Local authority maintained schools,Secondary,No Special Classes,SW3 2QS,51.492899,-0.162147,State,Secondary,2.0,
100503,All Saints Catholic College,Local authority maintained schools,Secondary,Not applicable,W10 6EL,51.520635,-0.214119,State,Secondary,2.0,1
100504,Our Lady of Victories RC Primary School,Local authority maintained schools,Primary,No Special Classes,SW7 5AQ,51.492836,-0.179437,State,Primary,0.8,2
100505,St Charles Catholic Primary School,Local authority maintained schools,Primary,No Special Classes,W10 6EB,51.52172,-0.213918,State,Primary,0.8,2
100506,The Cardinal Vaughan Memorial RC School,Local authority maintained schools,Secondary,No Special Classes,W14 8BZ,51.503873,-0.211792,State,Secondary,2.0,
100507,Redcliffe Gardens School,Independent schools,Not applicable,No Special Classes,SW10 9JH,51.485982,-0.186292,Private,Other,1.0,
100508,Glendower Preparatory School,Independent schools,Not applicable,No Special Classes,SW7 5JX,51.494055,-0.179143,Private,Other,1.0,
100509,Kensington Prep School,Independent schools,Not applicable,No Special Classes,SW6 5PA,51.477046,-0.202776,Private,Other,1.0,
100510,Norland Place School,Independent schools,Not applicable,No Special Classes,W11 4UH,51.505896,-0.211727,Private,Other,1.0,
100511,Queen's Gate School,Independent schools,Not applicable,No Special Classes,SW7 5LE,51.494807,-0.17835,Private,Other,1.0,
100512,Lycee Francais Charles De Gaulle,Independent schools,Not applicable,No Special Classes,SW7 2DG,51.495304,-0.176774,Private,Other,1.0,
100513,Bassett House School,Independent schools,Not applicable,No Special Classes,W10 6JP,51.518287,-0.217584,Private,Other,1.0,
100514,Sussex House School,Independent schools,Not applicable,No Special Classes,SW1X 0EA,51.494444,-0.161408,Private,Other,1.0,
100515,Lady Eden's School,Independent schools,Not applicable,No Special Classes,W8 5RJ,51.499119,-0.185612,Private,Other,1.0,
100516,St Philip's School,Independent schools,Not applicable,No Special Classes,SW7 4NE,51.49276,-0.182638,Private,Other,1.0,
100517,Allendale Preparatory School,Independent schools,Not applicable,No Special Classes,SW3 2BQ,51.497122,-0.168763,Private,Other,1.0,
100518,Hill House School,Independent schools,Not applicable,No Special Classes,SW1X 0EP,51.497286,-0.160285,Private,Other,1.0,
100519,Wetherby School,Independent schools,Not applicable,No Special Classes,W2 4ED,51.511314,-0.195562,Private,Other,1.0,
100520,Falkner House,Independent schools,Not applicable,No Special Classes,SW7 4QB,51.49134,-0.180937,Private,Other,1.0,
100521,More House School,Independent schools,Not applicable,No Special Classes,SW1X 0AA,51.497344,-0.159433,Private,Other,1.0,
100522,Garden House School,Independent schools,Not applicable,No Special Classes,SW3 4TW,51.489774,-0.157851,Private,Other,1.0,
100523,Falcons Pre-Preparatory Chiswick,Independent schools,Not applicable,No Special Classes,W4 3DT,51.487211,-0.27307,Private,Other,1.0,
100524,Eaton House Belgravia Preparatory School,Independent schools,Not applicable,No Special Classes,SW7 5QH,51.49799,-0.182977,Private,Other,1.0,
100526,Kensington Park School,Independent schools,Not applicable,No Special Classes,SW7 5JP,51.495778,-0.179521,Private,Other,1.0,
100527,St James Senior Girls' School,Independent schools,Not applicable,No Special Classes,W14 8SH,51.495211,-0.208703,Private,Other,1.0,
100529,DLD College,Independent schools,Not applicable,No Special Classes,SE1 7FX,51.50028,-0.116061,Private,Other,1.0,
100530,Thomas's Battersea,Independent schools,Not applicable,No Special Classes,SW11 3JB,51.474312,-0.174256,Private,Other,1.0,
100531,Pembridge Hall School,Independent schools,Not applicable,No Special Classes,W2 4EH,51.511472,-0.194186,Private,Other,1.0,
100532,Instituto Espanol Canada Blanch,Independent schools,Not applicable,No Special Classes,W10 5SZ,51.520357,-0.208826,Private,Other,1.0,
100533,Knightsbridge School,Independent schools,Not applicable,No Special Classes,SW1X 0BD,51.496596,-0.1622,Private,Other,1.0,
100534,Thomas's Kensington,Independent schools,Not applicable,No Special Classes,W8 5PR,51.498453,-0.187353,Private,Other,1.0,
100535,Jamahiriya School,Independent schools,Not applicable,No Special Classes,SW3 5JP,51.484639,-0.171006,Private,Other,1.0,
100536,Kensington Park School,Independent schools,Not applicable,No Special Classes,W2 4AT,51.511719,-0.189795,Private,Other,1.0,
100537,Ashbourne College,Independent schools,Not applicable,No Special Classes,W8 4PL,51.502799,-0.190379,Private,Other,1.0,
100538,Cameron Vale School,Independent schools,Not applicable,No Special Classes,SW3 6AH,51.48575,-0.175355,Private,Other,1.0,
100539,Collingham,Independent schools,Not applicable,No Special Classes,SW5 0HL,51.492179,-0.188668,Private,Other,1.0,
100540,Mander Portman Woodward School,Independent schools,Not applicable,No Special Classes,SW7 5AB,51.493244,-0.179075,Private,Other,1.0,
100541,Portland Place School,Independent schools,Not applicable,No Special Classes,W1B 1NJ,51.520829,-0.144907,Private,Other,1.0,
100542,Southbank International School Kensington,Independent schools,Not applicable,No Special Classes,W11 3BU,51.510309,-0.19808,Private,Other,1.0,
100543,Brighton College Prep Kensington,Independent schools,Not applicable,No Special Classes,SW7 1ND,51.500184,-0.172531,Private,Other,1.0,
100544,David Game College,Independent schools,Not applicable,No Special Classes,EC3N 2ET,51.513081,-0.076475,Private,Other,1.0,
100545,La Petite Ecole Francaise,Independent schools,Not applicable,No Special Classes,W10 6EJ,51.519743,-0.216936,Private,Other,1.0,
100546,The Octagon School,Independent schools,Not applicable,No Special Classes,SW10 9UZ,51.482818,-0.185799,Private,Other,1.0,
100547,Lycee Francais Charles de Gaulle,Independent schools,Not applicable,No Special Classes,SW7 2DG,51.495304,-0.176774,Private,Other,1.0,
100549,Chelsea  Community Hospital  School,Special schools,Not applicable,Has Special Classes,SW10 9NH,51.484309,-0.18162,Special,Other,1.0,1
100550,Triangle Nursery School,Local authority maintained schools,Nursery,Not applicable,SW2 1PL,51.4567,-0.109881,State,Other,1.0,1
100551,Effra Nursery School and Children's Centre,Local authority maintained schools,Nursery,Not applicable,SW2 1PL,51.4567,-0.109881,State,Other,1.0,2
100552,Ethelred Nursery School and Children's Centre,Local authority maintained schools,Nursery,Not applicable,SE11 6BG,51.490997,-0.112007,State,Other,1.0,1
100553,Maytree Nursery School,Local authority maintained schools,Nursery,Not applicable,SW4 8EG,51.451563,-0.131049,State,Other,1.0,1
100554,Holmewood Nursery School,Local authority maintained schools,Nursery,Not applicable,SW2 2RW,51.4477,-0.120039,State,Other,1.0,1
100555,Norwood Secondary Centre,Local authority maintained schools,Not applicable,Not applicable,SE27 9BZ,51.438563,-0.103824,State,Other,1.0,
100556,Ashmole Primary School,Local authority maintained schools,Primary,No Special Classes,SW8 1NT,51.482015,-0.114913,State,Primary,0.8,1
100557,Bonneville Junior School,Local authority maintained schools,Primary,No Special Classes,SW4 9LB,51.453249,-0.140365,State,Primary,0.8,
100558,Bonneville Infant School,Local authority maintained schools,Primary,No Special Classes,SW4 9LB,51.453249,-0.140365,State,Primary,0.8,
100559,Caldecot Primary School,Local authority maintained schools,Primary,No Special Classes,SE5 9RN,,,State,Primary,0.8,
100560,Clapham Manor Primary School,Local authority maintained schools,Primary,No Special Classes,SW4 0BZ,51.464631,-0.137915,State,Primary,0.8,2
100561,Mostyn Gardens Primary School,Local authority maintained schools,Primary,No Special Classes,SW9 6HF,51.474672,-0.110708,State,Primary,0.8,
100562,Effra Primary School,Local authority maintained schools,Primary,No Special Classes,SW2 1PL,51.4567,-0.109881,State,Primary,0.8,
100563,Norwood Park School,Local authority maintained schools,Primary,No Special Classes,SE27 9TG,,,State,Primary,0.8,
100564,Granton Primary School,Local authority maintained schools,Primary,No Special Classes,SW16 5AN,51.414205,-0.141705,State,Primary,0.8,1
100565,Haselrigge School,Local authority maintained schools,Primary,Has Special Classes,SW4 7EP,51.461167,-0.130484,State,Primary,0.8,
100566,Heathbrook Primary School,Local authority maintained schools,Primary,No Special Classes,SW8 3EH,51.470118,-0.143149,State,Primary,0.8,2
100567,Henry Cavendish Primary School,Local authority maintained schools,Primary,No Special Classes,SW12 0JA,51.444744,-0.142782,State,Primary,0.8,1
100568,Henry Fawcett Junior School,Local authority maintained schools,Primary,No Special Classes,SE11 5BZ,51.484709,-0.111864,State,Primary,0.8,
100569,Henry Fawcett Infant School,Local authority maintained schools,Primary,No Special Classes,SE11 5BZ,51.484709,-0.111864,State,Primary,0.8,
100570,Hitherfield Junior School,Local authority maintained schools,Primary,No Special Classes,SW16 2JQ,51.435479,-0.115563,State,Primary,0.8,
100571,Hitherfield Infant School,Local authority maintained schools,Primary,No Special Classes,SW16 2JQ,51.435479,-0.115563,State,Primary,0.8,
100572,Jessop Primary School,Local authority maintained schools,Primary,No Special Classes,SE24 0BJ,51.460033,-0.101337,State,Primary,0.8,1
100573,Johanna Primary School,Local authority maintained schools,Primary,No Special Classes,SE1 7RH,51.500708,-0.11139,State,Primary,0.8,
100574,Kingswood Primary School,Local authority maintained schools,Primary,No Special Classes,SE27 9RD,51.426891,-0.090052,State,Primary,0.8,2
100575,Lark Hall Junior School and Centre for Pupils With Autism,Local authority maintained schools,Primary,Has Special Classes,SW4 6PH,51.470667,-0.129563,State,Primary,0.8,
100576,Larkhall Primary Campus,Local authority maintained schools,Primary,Has Special Classes,SW4 6PH,51.470667,-0.129563,State,Primary,0.8,2
100577,Paxton Primary School,Local authority maintained schools,Primary,No Special Classes,SE19 1PA,51.422262,-0.080838,State,Primary,0.8,2
100578,Richard Atkins Primary School,Local authority maintained schools,Primary,No Special Classes,SW2 4JP,51.448089,-0.126931,State,Primary,0.8,2
100579,Rosendale Junior School,Local authority maintained schools,Primary,No Special Classes,SE21 8LX,51.446578,-0.096786,State,Primary,0.8,
100580,Rosendale Infant School,Local authority maintained schools,Primary,No Special Classes,SE21 8LX,51.446578,-0.096786,State,Primary,0.8,
100581,Santley Primary School,Local authority maintained schools,Primary,No Special Classes,SW4 7QD,51.461632,-0.121309,State,Primary,0.8,
100582,Stockwell Primary School,Local authority maintained schools,Primary,No Special Classes,SW9 9TG,51.466433,-0.117326,State,Primary,0.8,2
100583,Stockwell Infants' School,Local authority maintained schools,Primary,No Special Classes,SW9 9TG,51.466433,-0.117326,State,Primary,0.8,
100584,Sudbourne Primary School,Local authority maintained schools,Primary,No Special Classes,SW2 5EF,51.455963,-0.127285,State,Primary,0.8,2
100585,Sunnyhill Primary School,Local authority maintained schools,Primary,No Special Classes,SW16 2UW,51.429319,-0.12229,State,Primary,0.8,2
100586,Telferscot Primary School,Local authority maintained schools,Primary,No Special Classes,SW12 0HW,51.442731,-0.137741,State,Primary,0.8,1
100587,Brockwell Junior School,Local authority maintained schools,Primary,No Special Classes,SW2 2JE,51.452412,-0.113858,State,Primary,0.8,
100588,Vauxhall Primary School,Local authority maintained schools,Primary,No Special Classes,SE11 5LG,51.489562,-0.11731,State,Primary,0.8,2
100589,Walnut Tree Walk Primary School,Local authority maintained schools,Primary,No Special Classes,SE11 6DS,51.494086,-0.112859,State,Primary,0.8,2
100590,Woodmansterne School,Local authority maintained schools,All-through,No Special Classes,SW16 5UQ,51.413163,-0.134974,State,Other,1.0,2
100591,"Wyvil Primary School and Resource Bases for Speech, Language and Communication Needs, and Autism",Local authority maintained schools,Primary,No Special Classes,SW8 2TJ,51.481294,-0.125456,State,Primary,0.8,2
100592,Glenbrook Primary School,Local authority maintained schools,Primary,No Special Classes,SW4 8LD,51.453001,-0.132127,State,Primary,0.8,
100593,Crown Lane Primary School,Local authority maintained schools,Primary,No Special Classes,SW16 3HX,51.42343,-0.108996,State,Primary,0.8,2
100594,Fenstanton Junior School,Local authority maintained schools,Primary,No Special Classes,SW2 3PW,51.442246,-0.113629,State,Primary,0.8,
100595,Fenstanton Primary School,Local authority maintained schools,Primary,No Special Classes,SW2 3PW,51.442246,-0.113629,State,Primary,0.8,3
100596,Brockwell Infant School,Local authority maintained schools,Primary,No Special Classes,SW2 2JE,51.452412,-0.113858,State,Primary,0.8,
100597,Elm Wood School,Local authority maintained schools,Primary,Not applicable,SE27 9RR,51.431687,-0.092441,State,Primary,0.8,2
100598,Allen Edwards Primary School,Local authority maintained schools,Primary,No Special Classes,SW4 6RP,51.472878,-0.127212,State,Primary,0.8,2
100599,King's Acre Primary School,Local authority maintained schools,Primary,No Special Classes,SW4 8BQ,51.456382,-0.129845,State,Primary,0.8,
100600,Loughborough Junior School,Local authority maintained schools,Primary,No Special Classes,SW9 7UA,51.470204,-0.105205,State,Primary,0.8,
100601,Glenbrook Primary School,Local authority maintained schools,Primary,No Special Classes,SW4 8LD,51.453001,-0.132127,State,Primary,0.8,2
100602,Julian's School,Local authority maintained schools,Primary,No Special Classes,SE27 0JF,51.430848,-0.105568,State,Primary,0.8,2
100603,Loughborough Infant School,Local authority maintained schools,Primary,No Special Classes,SW9 7UA,51.470204,-0.105205,State,Primary,0.8,
100604,Herbert Morrison Primary School,Local authority maintained schools,Primary,No Special Classes,SW8 2HP,51.478656,-0.125867,State,Primary,0.8,1
100605,Hill Mead Junior School,Local authority maintained schools,Primary,No Special Classes,SW9 8QJ,51.475284,-0.110755,State,Primary,0.8,
100606,Ashby Mill Primary School,Local authority maintained schools,Primary,No Special Classes,SW2 5EB,51.455759,-0.127423,State,Primary,0.8,
100607,Hill Mead Infant School,Local authority maintained schools,Primary,No Special Classes,SW9 8ND,51.460651,-0.109502,State,Primary,0.8,
100608,Streatham Wells Primary School,Local authority maintained schools,Primary,No Special Classes,SW2 3NJ,51.440221,-0.116317,State,Primary,0.8,
100609,Archbishop Sumner Church of England Primary School,Local authority maintained schools,Primary,No Special Classes,SE11 4PH,51.491593,-0.109937,State,Primary,0.8,1
100610,Christ Church Primary SW9,Local authority maintained schools,Primary,No Special Classes,SW9 6HN,51.476231,-0.108124,State,Primary,0.8,2
100611,"Christ Church , Streatham Church of England Primary School",Local authority maintained schools,Primary,No Special Classes,SW2 3NF,51.44537,-0.121689,State,Primary,0.8,
100612,Macaulay Church of England Primary School,Local authority maintained schools,Primary,No Special Classes,SW4 0NU,51.463256,-0.147646,State,Primary,0.8,2
100613,St Andrew's Church of England Primary School,Local authority maintained schools,Primary,No Special Classes,SW9 9DE,51.468348,-0.122329,State,Primary,0.8,2
100614,St John the Divine Church of England Primary School,Local authority maintained schools,Primary,No Special Classes,SE5 0SX,51.478715,-0.103225,State,Primary,0.8,2
100615,St John's Angell Town Church of England Primary School,Local authority maintained schools,Primary,No Special Classes,SW9 7HH,51.468054,-0.108519,State,Primary,0.8,2
100616,St Jude's Church of England Primary School,Local authority maintained schools,Primary,No Special Classes,SE24 0EL,51.454769,-0.105542,State,Primary,0.8,2
100617,St Leonard's Church of England Primary School,Local authority maintained schools,Primary,No Special Classes,SW16 6NP,51.426871,-0.136271,State,Primary,0.8,
100618,St Luke's Church of England Primary School,Local authority maintained schools,Primary,No Special Classes,SE27 0DZ,51.427127,-0.101233,State,Primary,0.8,
100619,St Mark's Church of England Primary School,Local authority maintained schools,Primary,No Special Classes,SE11 5SL,51.484571,-0.117285,State,Primary,0.8,2
100620,St Saviour's Church of England Primary School,Local authority maintained schools,Primary,No Special Classes,SE24 0AY,51.462473,-0.097636,State,Primary,0.8,2
100621,St Stephen's Church of England Primary School,Local authority maintained schools,Primary,No Special Classes,SW8 1EJ,51.479792,-0.122623,State,Primary,0.8,2
100622,Holy Trinity Church of England Primary School,Local authority maintained schools,Primary,No Special Classes,SW2 2RL,51.447041,-0.118742,State,Primary,0.8,3
100623,St Helen's Catholic Primary School,Local authority maintained schools,Primary,No Special Classes,SW9 0TQ,51.467131,-0.114288,State,Primary,0.8,2
100624,The Norwood School,Local authority maintained schools,Secondary,No Special Classes,SE19 3NY,51.422729,-0.098467,State,Secondary,2.0,2
100625,Lilian Baylis Technology School,Local authority maintained schools,Secondary,Not applicable,SE11 5QY,51.486204,-0.119321,State,Secondary,2.0,1
100626,Stockwell Park School,Local authority maintained schools,Secondary,No Special Classes,SW9 0AL,51.473868,-0.12,State,Secondary,2.0,
100627,Saint Gabriel's College,Local authority maintained schools,Secondary,No Special Classes,SW9 6UL,51.475977,-0.102388,State,Secondary,2.0,2
100628,St Bernadette Catholic Junior School,Local authority maintained schools,Primary,No Special Classes,SW12 0AB,51.447914,-0.144755,State,Primary,0.8,2
100629,St Anne's Catholic Primary School,Local authority maintained schools,Primary,No Special Classes,SE11 5JA,51.485126,-0.118803,State,Primary,0.8,3
100630,Corpus Christi Catholic Primary School,Local authority maintained schools,Primary,No Special Classes,SW2 5BL,51.456183,-0.12136,State,Primary,0.8,
100631,St Bede's Catholic Infant School,Local authority maintained schools,Primary,No Special Classes,SW12 0LF,51.444947,-0.135176,State,Primary,0.8,2
100632,St Andrew's Catholic Primary School,Local authority maintained schools,Primary,No Special Classes,SW16 2ET,51.424321,-0.125788,State,Primary,0.8,1
100633,Immanuel and St Andrew Church of England Primary School,Local authority maintained schools,Primary,No Special Classes,SW16 5SL,51.41934,-0.131515,State,Primary,0.8,1
100634,Reay Primary School,Local authority maintained schools,Primary,Not applicable,SW9 0EN,51.477503,-0.115056,State,Primary,0.8,1
100635,Durand Primary School,Local authority maintained schools,Primary,No Special Classes,SW9 0RD,51.474922,-0.115608,State,Primary,0.8,
100636,St Mary's Roman Catholic Primary School,Local authority maintained schools,Primary,No Special Classes,SW4 9QJ,51.45925,-0.138293,State,Primary,0.8,1
100637,La Retraite Roman Catholic Girls' School,Local authority maintained schools,Secondary,No Special Classes,SW12 0AB,51.447914,-0.144755,State,Secondary,2.0,1
100638,Bishop Thomas Grant Catholic Secondary School,Local authority maintained schools,Secondary,No Special Classes,SW16 2HY,51.424972,-0.118713,State,Secondary,2.0,1
100639,Dunraven School,Local authority maintained schools,Secondary,Has Special Classes,SW16 2QB,51.433597,-0.121567,State,Secondary,2.0,
100640,Archbishop Tenison's School,Local authority maintained schools,Secondary,No Special Classes,SE11 5SR,,,State,Secondary,2.0,
100641,St Martin in the Fields High School for Girls,Local authority maintained schools,Secondary,No Special Classes,SW2 3UP,51.444152,-0.10968,State,Secondary,2.0,
100642,London Nautical School,Local authority maintained schools,Secondary,No Special Classes,SE1 9NA,51.50644,-0.10827,State,Secondary,2.0,3
100643,Turney Primary and Secondary Special School,Special schools,Not applicable,Has Special Classes,SE21 8LX,51.446578,-0.096786,Special,Other,1.0,1
100644,Oakfield Preparatory School,Independent schools,Not applicable,No Special Classes,SE21 8HP,51.440631,-0.094414,Private,Other,1.0,
100645,Rosemead Preparatory School,Independent schools,Not applicable,No Special Classes,SE21 8HZ,51.439203,-0.100603,Private,Other,1.0,
100646,Streatham Modern School,Independent schools,Not applicable,No Special Classes,SW16 3QB,51.41883,-0.128256,Private,Other,1.0,
100647,Somerville School,Independent schools,Not applicable,No Special Classes,SW2 3SJ,51.441791,-0.122267,Private,Other,1.0,
100648,Streatham & Clapham High School,Independent schools,Not applicable,No Special Classes,SW16 1AW,51.434758,-0.137432,Private,Other,1.0,
100649,Beechwood School,Independent schools,Not applicable,No Special Classes,SW16 2NJ,51.435776,-0.123996,Private,Other,1.0,
100650,The Theodore McLeary Primary School,Independent schools,Not applicable,No Special Classes,SE22 8PW,51.459451,-0.076673,Private,Other,1.0,
100651,The White House Preparatory School & Woodentops Kindergarten,Independent schools,Not applicable,No Special Classes,SW12 0LF,51.444947,-0.135176,Private,Other,1.0,
100652,Noah's Ark School,Independent schools,Not applicable,No Special Classes,SE27 9BZ,51.438563,-0.103824,Private,Other,1.0,
100653,Bright Sparks Stage School,Independent schools,Not applicable,No Special Classes,SW16 2BP,51.42912,-0.126167,Private,Other,1.0,
100654,Lansdowne School,Special schools,Not applicable,Has Special Classes,SW9 9QD,51.467001,-0.119088,Special,Other,1.0,2
100655,Aspen House School,Special schools,Not applicable,Has Special Classes,SE11 4AN,51.487324,-0.110646,Special,Other,1.0,
100656,Clapham Park School,Special schools,Not applicable,Has Special Classes,SW4 9PA,51.455243,-0.130021,Special,Other,1.0,
100659,Elm Court School,Special schools,Not applicable,Has Special Classes,SW2 2EF,51.447941,-0.116575,Special,Other,1.0,1
100660,Thurlow Park Special School,Special schools,Not applicable,Has Special Classes,SE27 9DA,,,Special,Other,1.0,
100661,Willowfield School,Special schools,Not applicable,Has Special Classes,SE24 0HY,51.462284,-0.100955,Special,Other,1.0,
100662,Grove House School for the Hearing Impaired,Special schools,Not applicable,Has Special Classes,SE27 9BZ,51.438563,-0.103824,Special,Other,1.0,
100663,Mortimer School,Special schools,Not applicable,Has Special Classes,SW16 1AU,51.437117,-0.131926,Special,Other,1.0,
100665,Windmill School,Special schools,Not applicable,Has Special Classes,SW2 5DW,,,Special,Other,1.0,
100666,Shelley School,Special schools,Not applicable,Has Special Classes,SE11 4UG,51.492843,-0.109943,Special,Other,1.0,
100667,Clyde Nursery School.,Local authority maintained schools,Nursery,Not applicable,SE8 5NH,51.484679,-0.034548,State,Other,1.0,2
100668,Chelwood Nursery School,Local authority maintained schools,Nursery,Not applicable,SE4 2QQ,51.45858,-0.04304,State,Other,1.0,1
100669,Broadoak Rru,Local authority maintained schools,Not applicable,Not applicable,SE6 2TS,51.442937,-0.019792,State,Other,1.0,
100670,John Evelyn Education Centre,Local authority maintained schools,Not applicable,Not applicable,SE4 1JQ,51.452686,-0.025142,State,Other,1.0,
100671,Adamsrill Primary School,Local authority maintained schools,Primary,No Special Classes,SE26 4AQ,51.430748,-0.040446,State,Primary,0.8,2
100672,Athelney Primary School,Local authority maintained schools,Primary,Has Special Classes,SE6 3LD,51.433725,-0.024406,State,Primary,0.8,2
100673,Baring Primary School,Local authority maintained schools,Primary,No Special Classes,SE12 0NB,51.444454,0.012595,State,Primary,0.8,2
100674,Beecroft Garden Primary,Local authority maintained schools,Primary,No Special Classes,SE4 2BS,51.456837,-0.03776,State,Primary,0.8,2
100675,Childeric Primary School,Local authority maintained schools,Primary,No Special Classes,SE14 6DG,51.476974,-0.037875,State,Primary,0.8,
100676,Cooper's Lane Primary School,Local authority maintained schools,Primary,No Special Classes,SE12 0LF,51.437282,0.021229,State,Primary,0.8,2
100677,Dalmain Primary School,Local authority maintained schools,Primary,No Special Classes,SE23 1AS,51.444049,-0.044222,State,Primary,0.8,2
100678,Deptford Park Primary School,Local authority maintained schools,Primary,Not applicable,SE8 5RJ,51.488335,-0.038092,State,Primary,0.8,2
100680,Edmund Waller Primary School,Local authority maintained schools,Primary,No Special Classes,SE14 5LY,51.470369,-0.04841,State,Primary,0.8,2
100681,Elfrida Primary School,Local authority maintained schools,Primary,No Special Classes,SE6 3EN,51.428627,-0.023921,State,Primary,0.8,2
100682,Ennersdale Primary School,Local authority maintained schools,Primary,No Special Classes,SE13 5JA,,,State,Primary,0.8,
100683,Forster Park Primary School,Local authority maintained schools,Primary,No Special Classes,SE6 1PQ,51.434203,0.003641,State,Primary,0.8,2
100684,Gordonbrock Primary School,Local authority maintained schools,Primary,No Special Classes,SE4 1HQ,51.454788,-0.028247,State,Primary,0.8,1
100685,Grinling Gibbons Primary School,Local authority maintained schools,Primary,No Special Classes,SE8 5LW,51.481134,-0.029616,State,Primary,0.8,2
100686,Haseltine Primary School,Local authority maintained schools,Primary,No Special Classes,SE26 5AD,51.428192,-0.036541,State,Primary,0.8,2
100687,Brindishe Green School,Local authority maintained schools,Primary,No Special Classes,SE13 6EH,51.451007,-0.005137,State,Primary,0.8,2
100688,Holbeach Primary School,Local authority maintained schools,Primary,No Special Classes,SE6 4TP,51.447906,-0.022758,State,Primary,0.8,2
100689,John Stainer Community Primary School,Local authority maintained schools,Primary,No Special Classes,SE4 2DY,51.464206,-0.040712,State,Primary,0.8,1
100690,Kelvin Grove Primary School,Local authority maintained schools,Primary,Has Special Classes,SE26 6BB,51.432594,-0.062753,State,Primary,0.8,2
100691,Kender Primary School,Local authority maintained schools,Primary,No Special Classes,SE14 5JA,51.474959,-0.050792,State,Primary,0.8,2
100693,Brindishe Manor School,Local authority maintained schools,Primary,No Special Classes,SE13 5LS,51.452352,0.001471,State,Primary,0.8,1
100694,Lewisham Bridge Primary School,Local authority maintained schools,Primary,No Special Classes,SE8 4BL,51.47695,-0.031078,State,Primary,0.8,
100695,Lucas Vale Primary School,Local authority maintained schools,Primary,No Special Classes,SE8 4QB,51.471789,-0.028464,State,Primary,0.8,2
100696,Marvels Lane Primary School,Local authority maintained schools,Primary,No Special Classes,SE12 9RA,51.429178,0.032755,State,Primary,0.8,2
100697,Monson Primary School,Local authority maintained schools,Primary,No Special Classes,SE14 5RD,51.479996,-0.04869,State,Primary,0.8,
100700,Rathfern Primary School,Local authority maintained schools,Primary,No Special Classes,SE6 4NL,51.439922,-0.032484,State,Primary,0.8,1
100701,Rushey Green Primary School,Local authority maintained schools,Primary,No Special Classes,SE6 2LA,51.442237,-0.016167,State,Primary,0.8,2
100702,Sandhurst Junior School,Local authority maintained schools,Primary,No Special Classes,SE6 1NW,51.443111,-0.000372,State,Primary,0.8,
100703,Sandhurst Primary School,Local authority maintained schools,Primary,No Special Classes,SE6 1NW,51.443111,-0.000372,State,Primary,0.8,2
100704,Stillness Junior School,Local authority maintained schools,Primary,No Special Classes,SE23 1NH,51.44949,-0.038895,State,Primary,0.8,2
100705,Stillness Infant School,Local authority maintained schools,Primary,No Special Classes,SE23 1NH,51.44949,-0.038895,State,Primary,0.8,2
100706,Tidemill Primary School,Local authority maintained schools,Primary,Has Special Classes,SE8 4RN,51.477049,-0.025242,State,Primary,0.8,
100707,Torridon Junior School,Local authority maintained schools,Primary,Not applicable,SE6 1TG,51.436441,-0.003167,State,Primary,0.8,
100708,Torridon Primary School,Local authority maintained schools,Primary,Not applicable,SE6 1TG,51.436441,-0.003167,State,Primary,0.8,2
100709,John Ball Primary School,Local authority maintained schools,Primary,No Special Classes,SE3 0TP,51.466188,0.006424,State,Primary,0.8,1
100710,Fairlawn Primary School,Local authority maintained schools,Primary,No Special Classes,SE23 3SB,51.446462,-0.054682,State,Primary,0.8,2
100711,Eliot Bank Primary School,Local authority maintained schools,Primary,No Special Classes,SE26 4BU,51.436477,-0.06102,State,Primary,0.8,2
100712,Twin Oaks Primary School,Local authority maintained schools,Primary,No Special Classes,SE8 5AE,51.486883,-0.04213,State,Primary,0.8,2
100713,Myatt Garden Primary School,Local authority maintained schools,Primary,No Special Classes,SE4 1DF,51.470985,-0.030918,State,Primary,0.8,2
100714,Horniman Primary School,Local authority maintained schools,Primary,No Special Classes,SE23 3BP,51.444147,-0.058796,State,Primary,0.8,2
100715,Perrymount Primary School,Local authority maintained schools,Primary,Has Special Classes,SE23 2PX,51.43606,-0.04675,State,Primary,0.8,2
100716,Ashmead Primary School,Local authority maintained schools,Primary,No Special Classes,SE8 4DX,51.46965,-0.025864,State,Primary,0.8,2
100717,Brindishe Lee School,Local authority maintained schools,Primary,No Special Classes,SE12 8NA,51.451942,0.008592,State,Primary,0.8,2
100718,Kilmorie Primary School,Local authority maintained schools,Primary,No Special Classes,SE23 2SP,51.437722,-0.040176,State,Primary,0.8,2
100719,All Saints' Church of England Primary School Blackheath,Local authority maintained schools,Primary,No Special Classes,SE3 0TX,51.469337,0.00423,State,Primary,0.8,2
100720,St Mary Magdalen's Catholic Primary School,Local authority maintained schools,Primary,No Special Classes,SE4 2BB,51.458146,-0.038107,State,Primary,0.8,
100721,St George's CofE Primary School,Local authority maintained schools,Primary,No Special Classes,SE23 2NE,51.439392,-0.051889,State,Primary,0.8,
100723,Holy Trinity Church of England Primary School,Local authority maintained schools,Primary,No Special Classes,SE23 3HZ,51.435309,-0.05671,State,Primary,0.8,2
100724,St Margaret's Lee CofE Primary School,Local authority maintained schools,Primary,No Special Classes,SE13 5SG,51.459601,0.005099,State,Primary,0.8,1
100725,St Augustine's Catholic Primary School and Nursery,Local authority maintained schools,Primary,No Special Classes,SE6 3RD,51.42436,-0.016697,State,Primary,0.8,2
100726,St Bartholomews's Church of England Primary School,Local authority maintained schools,Primary,No Special Classes,SE26 4LJ,51.430993,-0.055124,State,Primary,0.8,2
100727,St James's Hatcham Church of England Primary School,Local authority maintained schools,Primary,No Special Classes,SE14 6AD,51.474219,-0.038799,State,Primary,0.8,
100729,St Joseph's Catholic Primary School,Local authority maintained schools,Primary,No Special Classes,SE8 3PH,51.47875,-0.024232,State,Primary,0.8,2
100730,St Mary's Lewisham Church of England Primary School,Local authority maintained schools,Primary,No Special Classes,SE13 6NX,51.45503,-0.015368,State,Primary,0.8,2
100731,St Michael's Church of England Primary School,Local authority maintained schools,Primary,No Special Classes,SE26 4HH,51.429754,-0.041754,State,Primary,0.8,
100732,Our Lady and St Philip Neri Roman Catholic Primary School,Local authority maintained schools,Primary,No Special Classes,SE26 5SE,51.426431,-0.041465,State,Primary,0.8,
100733,St Saviour's Catholic Primary School,Local authority maintained schools,Primary,No Special Classes,SE13 6AL,51.459945,-0.010361,State,Primary,0.8,2
100734,St Stephen's CofE Primary School,Local authority maintained schools,Primary,No Special Classes,SE8 4ED,51.470189,-0.023753,State,Primary,0.8,
100735,St Winifred's Catholic Infant and Nursery School,Local authority maintained schools,Primary,No Special Classes,SE12 8NS,,,State,Primary,0.8,
100736,Our Lady of Lourdes Catholic Primary School,Local authority maintained schools,Primary,No Special Classes,SE13 5DZ,,,State,Primary,0.8,
100737,St William of York Catholic Primary School,Local authority maintained schools,Primary,No Special Classes,SE23 1PS,51.444306,-0.03916,State,Primary,0.8,2
100738,St Winifred's Catholic Junior School,Local authority maintained schools,Primary,No Special Classes,SE12 0SJ,51.447734,0.009602,State,Primary,0.8,
100739,Holy Cross Catholic Primary School,Local authority maintained schools,Primary,No Special Classes,SE6 2LD,51.442842,-0.016803,State,Primary,0.8,1
100740,Deptford Green School,Local authority maintained schools,Secondary,No Special Classes,SE14 6AN,51.478251,-0.035732,State,Secondary,2.0,2
100741,Sydenham School,Local authority maintained schools,Secondary,No Special Classes,SE26 4RD,51.43423,-0.058899,State,Secondary,2.0,2
100742,Conisborough College,Local authority maintained schools,Secondary,No Special Classes,SE6 2SE,51.433495,-0.011295,State,Secondary,2.0,
100743,Sedgehill School,Local authority maintained schools,Secondary,No Special Classes,SE6 3QW,51.423142,-0.020763,State,Secondary,2.0,
100745,Forest Hill School,Local authority maintained schools,Secondary,No Special Classes,SE23 2XN,51.431914,-0.047776,State,Secondary,2.0,2
100746,Hatcham Wood School,Local authority maintained schools,Secondary,No Special Classes,SE4 2NY,,,State,Secondary,2.0,
100747,Prendergast Ladywell School,Local authority maintained schools,All-through,No Special Classes,SE4 1SA,51.451648,-0.02975,State,Other,1.0,
100748,Addey and Stanhope School,Local authority maintained schools,Secondary,Has Special Classes,SE14 6TJ,51.474602,-0.027839,State,Secondary,2.0,2
100749,"Trinity Church of England School, Lewisham",Local authority maintained schools,All-through,No Special Classes,SE12 8PD,51.455215,0.007541,State,Other,1.0,2
100750,Prendergast School,Local authority maintained schools,Secondary,No Special Classes,SE4 1LE,51.458059,-0.02753,State,Secondary,2.0,
100751,St Joseph's Academy,Local authority maintained schools,Secondary,No Special Classes,SE3 9TY,,,State,Secondary,2.0,
100753,Turnham Primary Foundation School,Local authority maintained schools,Primary,No Special Classes,SE4 2HH,51.459809,-0.042901,State,Primary,0.8,
100754,St Dunstan's College,Independent schools,Not applicable,No Special Classes,SE6 4TY,51.443816,-0.028719,Private,Other,1.0,
100755,Priory House Private School,Independent schools,Not applicable,No Special Classes,SE6 2UA,51.440919,-0.020081,Private,Other,1.0,
100756,Blackheath High School,Independent schools,Not applicable,No Special Classes,SE3 7AG,51.477839,0.015533,Private,Other,1.0,
100757,"Sydenham High School, GDST",Independent schools,Not applicable,No Special Classes,SE26 6BL,51.426833,-0.064075,Private,Other,1.0,
100758,The Shepherd's Community School,Independent schools,Not applicable,No Special Classes,SE4 1YA,51.463093,-0.027947,Private,Other,1.0,
100759,Haberdashers' Aske's Hatcham College,Independent schools,Not applicable,No Special Classes,SE14 5SF,51.467333,-0.043241,Private,Other,1.0,
100760,Brent Knoll School,Special schools,Not applicable,Has Special Classes,SE23 2QU,51.431461,-0.038976,Special,Other,1.0,2
100761,Anerley School for Boys,Special schools,Not applicable,Has Special Classes,SE20 8AX,51.413813,-0.071801,Special,Other,1.0,
100762,Pendragon School,Special schools,Not applicable,Has Special Classes,SE13 5HZ,51.45582,-0.004164,Special,Other,1.0,
100764,Meadowgate School,Special schools,Not applicable,Has Special Classes,SE4 2PR,51.462154,-0.042757,Special,Other,1.0,
100765,Greenvale School,Special schools,Not applicable,Not applicable,SE6 1UF,51.432976,0.001761,Special,Other,1.0,1
100766,Watergate School,Special schools,Not applicable,Has Special Classes,SE6 3WG,51.425259,-0.022009,Special,Other,1.0,1
100767,Kintore Way Nursery School and Children's Centre,Local authority maintained schools,Nursery,Not applicable,SE1 3BW,51.494378,-0.076053,State,Other,1.0,1
100768,Ann Bernadt Nursery School,Local authority maintained schools,Nursery,Not applicable,SE15 6DT,51.477306,-0.077981,State,Other,1.0,
100769,Dulwich Wood Nursery School,Local authority maintained schools,Nursery,Not applicable,SE21 8QS,51.430327,-0.079666,State,Other,1.0,2
100770,Nell Gwynn Nursery School,Local authority maintained schools,Nursery,No Special Classes,SE15 2TT,51.476108,-0.063689,State,Other,1.0,2
100771,The Grove Nursery School,Local authority maintained schools,Nursery,Not applicable,SE15 6BY,51.480389,-0.082864,State,Other,1.0,2
100772,Willowbank,Local authority maintained schools,Not applicable,Not applicable,SE15 6LF,51.481355,-0.074844,State,Other,1.0,
100773,The Education Support Centre,Local authority maintained schools,Not applicable,Not applicable,SE15 2DW,51.471808,-0.054929,State,Other,1.0,
100774,Albion Primary School,Local authority maintained schools,Primary,No Special Classes,SE16 7JD,51.500073,-0.051708,State,Primary,0.8,2
100775,Bellenden Primary School,Local authority maintained schools,Primary,No Special Classes,SE15 4JP,51.464593,-0.067272,State,Primary,0.8,2
100776,Bessemer Grange Junior School,Local authority maintained schools,Primary,No Special Classes,SE5 8HP,51.458744,-0.086779,State,Primary,0.8,
100777,Bessemer Grange Infants' School,Local authority maintained schools,Primary,No Special Classes,SE5 8HP,51.458744,-0.086779,State,Primary,0.8,
100778,Brunswick Park Junior School,Local authority maintained schools,Primary,No Special Classes,SE5 7QH,51.47758,-0.090398,State,Primary,0.8,
100779,Brunswick Park Infant School,Local authority maintained schools,Primary,No Special Classes,SE5 7QH,51.47758,-0.090398,State,Primary,0.8,
100780,Bird In Bush School,Local authority maintained schools,Primary,No Special Classes,SE15 1QP,51.480429,-0.063405,State,Primary,0.8,2
100781,Charles Dickens Primary School,Local authority maintained schools,Primary,No Special Classes,SE1 1AF,51.501285,-0.096439,State,Primary,0.8,
100782,Cobourg Primary School,Local authority maintained schools,Primary,No Special Classes,SE5 0JD,51.484797,-0.076917,State,Primary,0.8,
100783,Comber Grove School,Local authority maintained schools,Primary,No Special Classes,SE5 0LQ,51.477621,-0.097323,State,Primary,0.8,
100784,Crampton Primary,Local authority maintained schools,Primary,No Special Classes,SE17 3LE,51.489972,-0.1009,State,Primary,0.8,1
100785,Crawford Primary School,Local authority maintained schools,Primary,No Special Classes,SE5 9NF,51.471565,-0.094854,State,Primary,0.8,2
100786,Dog Kennel Hill School,Local authority maintained schools,Primary,No Special Classes,SE22 8AB,51.465398,-0.082858,State,Primary,0.8,
100787,Dulwich Hamlet Junior School,Local authority maintained schools,Primary,No Special Classes,SE21 7AL,51.451627,-0.087062,State,Primary,0.8,
100788,Galleywall Primary School,Local authority maintained schools,Primary,No Special Classes,SE16 3PB,51.490027,-0.059771,State,Primary,0.8,
100789,Gloucester School,Local authority maintained schools,Primary,No Special Classes,SE15 6FL,51.479921,-0.078419,State,Primary,0.8,
100790,Goodrich Community Primary School,Local authority maintained schools,Primary,No Special Classes,SE22 0EP,51.450846,-0.068543,State,Primary,0.8,3
100791,Grange Primary School,Local authority maintained schools,Primary,No Special Classes,SE1 4RP,51.49549,-0.081884,State,Primary,0.8,3
100792,Grove Vale School,Local authority maintained schools,Primary,No Special Classes,SE22 8DT,51.46105,-0.076563,State,Primary,0.8,
100793,Heber Primary School,Local authority maintained schools,Primary,No Special Classes,SE22 9LA,51.453259,-0.073594,State,Primary,0.8,2
100794,Hollydale Primary School,Local authority maintained schools,Primary,No Special Classes,SE15 2AR,51.467307,-0.052486,State,Primary,0.8,Not judged
100795,Ilderton Primary School,Local authority maintained schools,Primary,No Special Classes,SE16 3LA,51.485167,-0.053554,State,Primary,0.8,1
100796,Ivydale Primary School,Local authority maintained schools,Primary,No Special Classes,SE15 3BU,51.460644,-0.046594,State,Primary,0.8,2
100797,John Donne Primary School,Local authority maintained schools,Primary,No Special Classes,SE15 2SW,51.472589,-0.060814,State,Primary,0.8,
100798,John Ruskin Primary School and Language Classes,Local authority maintained schools,Primary,Has Special Classes,SE5 0PQ,51.482136,-0.099022,State,Primary,0.8,1
100799,Joseph Lancaster Primary School,Local authority maintained schools,Primary,No Special Classes,SE1 6AF,51.495392,-0.092405,State,Primary,0.8,
100800,Keyworth Primary School,Local authority maintained schools,Primary,No Special Classes,SE17 3TR,51.485832,-0.105105,State,Primary,0.8,2
100801,Dulwich Wood Primary School,Local authority maintained schools,Primary,No Special Classes,SE21 8NS,51.434245,-0.083875,State,Primary,0.8,2
100802,Lyndhurst Primary School,Local authority maintained schools,Primary,No Special Classes,SE5 8SN,51.469523,-0.087106,State,Primary,0.8,
100803,Michael Faraday School,Local authority maintained schools,Primary,No Special Classes,SE17 2HR,51.484886,-0.088393,State,Primary,0.8,2
100804,Peckham Park Junior School,Local authority maintained schools,Primary,No Special Classes,SE15 5UW,51.476349,-0.064687,State,Primary,0.8,
100805,Peckham Park Infant School,Local authority maintained schools,Primary,Has Special Classes,SE15 5UW,51.476349,-0.064687,State,Primary,0.8,
100806,Peckham Rye Primary School,Local authority maintained schools,Primary,No Special Classes,SE15 3PD,51.464168,-0.064353,State,Primary,0.8,
100807,Redriff Primary School,Local authority maintained schools,Primary,Has Special Classes,SE16 5LQ,51.501926,-0.036629,State,Primary,0.8,
100808,Riverside Primary School,Local authority maintained schools,Primary,No Special Classes,SE16 4PS,51.499133,-0.063865,State,Primary,0.8,2
100809,Robert Browning Primary School,Local authority maintained schools,Primary,Has Special Classes,SE17 1DQ,51.489418,-0.093317,State,Primary,0.8,2
100810,Rotherhithe Primary School,Local authority maintained schools,Primary,No Special Classes,SE16 2PE,51.492146,-0.049813,State,Primary,0.8,
100811,Snowsfields Primary School,Local authority maintained schools,Primary,Has Special Classes,SE1 3TD,51.501511,-0.08385,State,Primary,0.8,2
100812,Southwark Park Primary School,Local authority maintained schools,Primary,No Special Classes,SE16 2JH,51.494627,-0.058928,State,Primary,0.8,2
100813,Tower Bridge Primary School,Local authority maintained schools,Primary,No Special Classes,SE1 2AE,51.501593,-0.077291,State,Primary,0.8,2
100814,Townsend Primary School,Local authority maintained schools,Primary,No Special Classes,SE17 1HJ,51.492574,-0.08447,State,Primary,0.8,
100815,Victory Primary School,Local authority maintained schools,Primary,No Special Classes,SE17 1PT,51.492934,-0.09281,State,Primary,0.8,2
100816,Charlotte Sharman Primary School,Local authority maintained schools,Primary,No Special Classes,SE11 4SN,51.495273,-0.106169,State,Primary,0.8,2
100817,Phoenix Primary School,Local authority maintained schools,Primary,No Special Classes,SE1 5JT,51.486124,-0.067355,State,Primary,0.8,1
100818,Pilgrims' Way Primary School,Local authority maintained schools,Primary,No Special Classes,SE15 1EF,51.480485,-0.055914,State,Primary,0.8,2
100819,Alfred Salter Primary School,Local authority maintained schools,Primary,No Special Classes,SE16 7LP,51.499605,-0.043544,State,Primary,0.8,2
100820,Alma Primary School,Local authority maintained schools,Primary,Has Special Classes,SE16 3XF,51.492771,-0.066382,State,Primary,0.8,
100821,Oliver Goldsmith Primary School,Local authority maintained schools,Primary,No Special Classes,SE5 8UH,51.474002,-0.081087,State,Primary,0.8,2
100822,Boutcher Church of England Primary School,Local authority maintained schools,Primary,No Special Classes,SE1 3BW,51.494378,-0.076053,State,Primary,0.8,1
100823,Dulwich Village Church of England Infants' School,Local authority maintained schools,Primary,No Special Classes,SE21 7BU,51.452764,-0.086784,State,Primary,0.8,1
100824,English Martyrs' Roman Catholic Primary School,Local authority maintained schools,Primary,No Special Classes,SE17 1RB,51.49064,-0.088297,State,Primary,0.8,2
100825,St James the Great Roman Catholic Primary School,Local authority maintained schools,Primary,No Special Classes,SE15 5LP,51.474356,-0.07308,State,Primary,0.8,2
100826,St Francis RC Primary School,Local authority maintained schools,Primary,No Special Classes,SE15 1RQ,51.480031,-0.067051,State,Primary,0.8,2
100827,St George's Church of England Primary School,Local authority maintained schools,Primary,No Special Classes,SE5 7TF,51.478956,-0.082636,State,Primary,0.8,2
100828,St George's Cathedral Catholic Primary School,Local authority maintained schools,Primary,No Special Classes,SE1 6HR,51.497775,-0.106843,State,Primary,0.8,2
100829,St James' Church of England Primary School,Local authority maintained schools,Primary,No Special Classes,SE16 4SU,51.49772,-0.067657,State,Primary,0.8,2
100830,St John's and St Clement's Church of England Primary School,Local authority maintained schools,Primary,No Special Classes,SE15 4DY,51.463094,-0.071769,State,Primary,0.8,Not judged
100831,St John's Walworth Church of England Primary School,Local authority maintained schools,Primary,No Special Classes,SE17 1NQ,51.491102,-0.095149,State,Primary,0.8,
100832,St Joseph's Roman Catholic Primary School,Local authority maintained schools,Primary,No Special Classes,SE16 4UP,51.498952,-0.069276,State,Primary,0.8,
100833,St Joseph's Catholic Primary School,Local authority maintained schools,Primary,No Special Classes,SE16 2TY,51.495009,-0.05325,State,Primary,0.8,1
100834,"Saint Joseph's Catholic Primary School, the Borough",Local authority maintained schools,Primary,No Special Classes,SE1 1NJ,51.502752,-0.093179,State,Primary,0.8,2
100835,St Jude's Church of England Primary School,Local authority maintained schools,Primary,No Special Classes,SE1 6HA,51.496832,-0.105268,State,Primary,0.8,2
100836,St Mary Magdalene Church of England Primary School,Local authority maintained schools,Primary,No Special Classes,SE15 3RA,51.46855,-0.062886,State,Primary,0.8,3
100837,Peter Hills with St Mary's and St Paul's CofE Primary School,Local authority maintained schools,Primary,Has Special Classes,SE16 5ED,51.506196,-0.042455,State,Primary,0.8,2
100838,"St Paul's Church of England Primary School, Walworth",Local authority maintained schools,Primary,No Special Classes,SE17 3DT,51.486337,-0.099121,State,Primary,0.8,
100839,St Peter's Church of England Primary School,Local authority maintained schools,Primary,No Special Classes,SE17 2HH,51.486171,-0.09328,State,Primary,0.8,2
100840,The Cathedral School of St Saviour and St Mary Overie,Local authority maintained schools,Primary,No Special Classes,SE1 1HG,51.502909,-0.094022,State,Primary,0.8,1
100841,St John's Roman Catholic Primary School,Local authority maintained schools,Primary,No Special Classes,SE16 6SD,51.500299,-0.041483,State,Primary,0.8,2
100842,Aylwin Girls' School,Local authority maintained schools,Secondary,No Special Classes,SE16 3TZ,51.493259,-0.0709,State,Secondary,2.0,
100843,Walworth School,Local authority maintained schools,Secondary,No Special Classes,SE1 5UJ,51.487096,-0.079457,State,Secondary,2.0,
100844,Kingsdale Foundation School,Local authority maintained schools,Secondary,No Special Classes,SE21 8SQ,51.432231,-0.084952,State,Secondary,2.0,
100845,Dulwich High School for Boys,Local authority maintained schools,Secondary,No Special Classes,SE24 9JH,51.456411,-0.089266,State,Secondary,2.0,
100846,Waverley School,Local authority maintained schools,Secondary,No Special Classes,SE22 0NR,51.457501,-0.054947,State,Secondary,2.0,
100847,Geoffrey Chaucer Technology College,Local authority maintained schools,Secondary,No Special Classes,SE1 6AG,51.495599,-0.090192,State,Secondary,2.0,
100848,Warwick Park School,Local authority maintained schools,Secondary,No Special Classes,SE15 5DZ,51.473778,-0.074026,State,Secondary,2.0,
100849,St Saviour's and St Olave's Church of England School,Local authority maintained schools,Secondary,No Special Classes,SE1 4AN,51.494666,-0.087566,State,Secondary,2.0,2
100850,Archbishop Michael Ramsey Technology College,Local authority maintained schools,Secondary,No Special Classes,SE5 0UB,51.478035,-0.099567,State,Secondary,2.0,
100851,St Francesca Cabrini Primary School,Local authority maintained schools,Primary,No Special Classes,SE23 3LE,51.449105,-0.053563,State,Primary,0.8,
100852,St Anthony's Catholic Primary School,Local authority maintained schools,Primary,No Special Classes,SE22 0LA,51.449708,-0.072074,State,Primary,0.8,
100853,St Joseph's Catholic Junior School,Local authority maintained schools,Primary,No Special Classes,SE5 0TS,51.479503,-0.099693,State,Primary,0.8,2
100854,St Joseph's Catholic Infants School,Local authority maintained schools,Primary,Not applicable,SE5 0TS,51.479503,-0.099693,State,Primary,0.8,2
100855,Friars Primary Foundation School,Local authority maintained schools,Primary,No Special Classes,SE1 0RF,51.500991,-0.102733,State,Primary,0.8,2
100856,Surrey Square School,Local authority maintained schools,Primary,No Special Classes,SE17 2JY,51.488745,-0.082974,State,Primary,0.8,
100857,The St Thomas the Apostle College,Local authority maintained schools,Secondary,No Special Classes,SE15 2EB,51.471233,-0.056581,State,Secondary,2.0,1
100858,St Michael's Catholic College,Local authority maintained schools,Secondary,No Special Classes,SE16 4UN,51.499713,-0.067457,State,Secondary,2.0,
100859,Notre Dame Roman Catholic Girls' School,Local authority maintained schools,Secondary,No Special Classes,SE1 6EX,51.496981,-0.106112,State,Secondary,2.0,
100860,Sacred Heart Roman Catholic Secondary School,Local authority maintained schools,Secondary,Has Special Classes,SE5 0RP,51.476289,-0.098919,State,Secondary,2.0,
100861,Dulwich College,Independent schools,Not applicable,No Special Classes,SE21 7LD,51.439842,-0.084591,Private,Other,1.0,
100862,Dulwich Prep & Senior,Independent schools,Not applicable,No Special Classes,SE21 7AA,51.434204,-0.0852,Private,Other,1.0,
100863,James Allen's Girls' School,Independent schools,Not applicable,No Special Classes,SE22 8TE,51.455424,-0.085522,Private,Other,1.0,
100864,Alleyn's School,Independent schools,Not applicable,No Special Classes,SE22 8SU,51.454856,-0.082177,Private,Other,1.0,
100865,Highway Christian School,Independent schools,Not applicable,No Special Classes,SE1 2LA,51.501012,-0.074794,Private,Other,1.0,
100866,Herne Hill School,Independent schools,Not applicable,No Special Classes,SE24 9LY,51.455605,-0.098325,Private,Other,1.0,
100867,Alpha Community School At Springfield Methodist Church,Independent schools,Not applicable,No Special Classes,SW8 2JU,51.475972,-0.131218,Private,Other,1.0,
100868,Hope Primary School,Independent schools,Not applicable,No Special Classes,SE5 7SY,51.478707,-0.08557,Private,Other,1.0,
100869,Southwark Small School,Independent schools,Not applicable,No Special Classes,SE22 8EA,51.460251,-0.078827,Private,Other,1.0,
100870,Chrysolyte Independent Christian School,Independent schools,Not applicable,No Special Classes,SE1 4XH,,,Private,Other,1.0,
100871,Bacon's College,Independent schools,Not applicable,No Special Classes,SE16 6AT,51.502362,-0.042273,Private,Other,1.0,
100872,Highshore School,Special schools,Not applicable,Has Special Classes,SE5 0TW,51.478144,-0.101305,Special,Other,1.0,2
100873,Spa School,Special schools,Not applicable,Has Special Classes,SE1 5RN,51.491739,-0.067579,Special,Other,1.0,
100874,Newlands School,Special schools,Not applicable,Has Special Classes,SE15 3AZ,51.458607,-0.050092,Special,Other,1.0,
100875,Evelina Hospital School,Special schools,Not applicable,Has Special Classes,SE1 7EH,51.49796,-0.11888,Special,Other,1.0,1
100876,Maudsley and Bethlem Hospital School,Special schools,Not applicable,Has Special Classes,SE5 8AZ,51.468767,-0.091443,Special,Other,1.0,1
100878,Haymerle School,Special schools,Not applicable,Has Special Classes,SE15 6SY,51.48048,-0.069207,Special,Other,1.0,2
100879,Beormund Primary School,Special schools,Not applicable,Has Special Classes,SE1 3PS,51.50075,-0.08845,Special,Other,1.0,1
100880,Tuke School,Special schools,Not applicable,Has Special Classes,SE15 6ER,51.480502,-0.077156,Special,Other,1.0,1
100881,Cherry Garden School,Special schools,Not applicable,Not applicable,SE15 5BB,51.471848,-0.072566,Special,Other,1.0,1
100882,Childrens House Nursery School,Local authority maintained schools,Nursery,Not applicable,E3 3HL,51.526654,-0.016189,State,Other,1.0,1
100883,Elizabeth Landsbury Nursery School,Local authority maintained schools,Nursery,Not applicable,E14 6DZ,51.513522,-0.019253,State,Other,1.0,
100884,Columbia Market Nursery School,Local authority maintained schools,Nursery,Not applicable,E2 7PG,51.528501,-0.074138,State,Other,1.0,1
100885,Old Church Nursery School,Local authority maintained schools,Nursery,Not applicable,E1 0RJ,51.515893,-0.044244,State,Other,1.0,
100886,Rachel Keeling Nursery School,Local authority maintained schools,Nursery,Not applicable,E2 0PS,51.527625,-0.047792,State,Other,1.0,1
100887,Alice Model Nursery School,Local authority maintained schools,Nursery,Not applicable,E1 4NQ,51.521386,-0.046329,State,Other,1.0,1
100888,Harry Roberts Nursery School,Local authority maintained schools,Nursery,Not applicable,E1 4PZ,51.520956,-0.037771,State,Other,1.0,
100889,London East Alternative Provision,Local authority maintained schools,Not applicable,Not applicable,E1 4EE,51.523491,-0.046902,State,Other,1.0,1
100890,Ben Jonson Primary School,Local authority maintained schools,Primary,No Special Classes,E1 4PZ,51.520956,-0.037771,State,Primary,0.8,2
100891,Bonner Primary School,Local authority maintained schools,Primary,No Special Classes,E2 0NF,51.529737,-0.048293,State,Primary,0.8,2
100892,Old Palace Primary School,Local authority maintained schools,Primary,No Special Classes,E3 3BT,51.526392,-0.012409,State,Primary,0.8,2
100893,Canon Barnett Primary School,Local authority maintained schools,Primary,No Special Classes,E1 7RQ,51.51585,-0.070954,State,Primary,0.8,
100894,Cayley Primary School,Local authority maintained schools,Primary,No Special Classes,E14 7NG,51.516155,-0.038367,State,Primary,0.8,2
100895,Blue Gate Fields Junior School,Local authority maintained schools,Primary,No Special Classes,E1 0EH,51.510557,-0.054287,State,Primary,0.8,2
100896,Chisenhale Primary School,Local authority maintained schools,Primary,No Special Classes,E3 5QY,51.53327,-0.038481,State,Primary,0.8,2
100897,Columbia Primary School,Local authority maintained schools,Primary,No Special Classes,E2 7RG,51.529302,-0.069246,State,Primary,0.8,
100898,Cubitt Town Primary School,Local authority maintained schools,Primary,No Special Classes,E14 3NE,51.495321,-0.01186,State,Primary,0.8,2
100899,Culloden Primary School,Local authority maintained schools,Primary,No Special Classes,E14 0PT,51.514225,-0.004983,State,Primary,0.8,
100900,Cyril Jackson Primary School,Local authority maintained schools,Primary,No Special Classes,E14 8HH,51.51119,-0.029731,State,Primary,0.8,
100901,The Clara Grant Primary School,Local authority maintained schools,Primary,No Special Classes,E3 4BU,51.521785,-0.019688,State,Primary,0.8,
100902,Globe Primary School,Local authority maintained schools,Primary,Has Special Classes,E2 0JH,51.5294,-0.051263,State,Primary,0.8,1
100903,Hague Primary School,Local authority maintained schools,Primary,No Special Classes,E2 0BP,51.524656,-0.059077,State,Primary,0.8,2
100904,Harbinger Primary School,Local authority maintained schools,Primary,Has Special Classes,E14 3QP,51.489309,-0.020088,State,Primary,0.8,2
100905,Harry Gosling Junior Mixed School,Local authority maintained schools,Primary,No Special Classes,E1 1NB,51.514409,-0.06535,State,Primary,0.8,
100906,John Scurr Primary School,Local authority maintained schools,Primary,No Special Classes,E1 4AX,51.523236,-0.051007,State,Primary,0.8,2
100907,Lawdale Junior School,Local authority maintained schools,Primary,No Special Classes,E2 6LS,51.528449,-0.062809,State,Primary,0.8,2
100908,Elizabeth Selby Infants' School,Local authority maintained schools,Primary,Not applicable,E2 6PP,51.528666,-0.062886,State,Primary,0.8,2
100909,Malmesbury Junior School,Local authority maintained schools,Primary,No Special Classes,E3 2AB,51.527275,-0.02957,State,Primary,0.8,
100910,Malmesbury Infant School,Local authority maintained schools,Primary,No Special Classes,E3 2AB,51.527275,-0.02957,State,Primary,0.8,
100911,Marion Richardson Primary School,Local authority maintained schools,Primary,No Special Classes,E1 0QF,51.514424,-0.046195,State,Primary,0.8,1
100912,Marner Primary School,Local authority maintained schools,Primary,No Special Classes,E3 3LL,51.522929,-0.012344,State,Primary,0.8,2
100913,Mayflower Primary School,Local authority maintained schools,Primary,No Special Classes,E14 6DU,51.511588,-0.020289,State,Primary,0.8,1
100914,Mowlem Primary School,Local authority maintained schools,Primary,No Special Classes,E2 9HE,51.533819,-0.055285,State,Primary,0.8,1
100915,Blue Gate Fields Infants' School,Local authority maintained schools,Primary,No Special Classes,E1 0EH,51.510557,-0.054287,State,Primary,0.8,2
100916,Olga Primary School,Local authority maintained schools,Primary,No Special Classes,E3 5DN,51.530721,-0.036644,State,Primary,0.8,2
100917,Stepney Park Primary School,Local authority maintained schools,Primary,No Special Classes,E1 3BW,51.518771,-0.052351,State,Primary,0.8,2
100918,Thomas Buxton Junior School,Local authority maintained schools,Primary,No Special Classes,E1 5AR,51.521747,-0.064837,State,Primary,0.8,
100919,Old Ford Infants' School,Local authority maintained schools,Primary,No Special Classes,E3 5LD,51.533593,-0.030941,State,Primary,0.8,
100920,Manorfield Primary School,Local authority maintained schools,Primary,Has Special Classes,E14 6QD,51.518634,-0.013597,State,Primary,0.8,2
100921,Sir William Burrough Primary School,Local authority maintained schools,Primary,No Special Classes,E14 7PQ,51.51373,-0.033758,State,Primary,0.8,
100922,Stebon Primary School,Local authority maintained schools,Primary,No Special Classes,E14 7AD,51.51679,-0.025843,State,Primary,0.8,
100923,Stewart Headlam Primary School,Local authority maintained schools,Primary,No Special Classes,E1 5RE,51.523264,-0.059785,State,Primary,0.8,1
100924,Susan Lawrence Junior School,Local authority maintained schools,Primary,No Special Classes,E14 6DZ,51.513522,-0.019253,State,Primary,0.8,
100925,Susan Lawrence Infants' School,Local authority maintained schools,Primary,No Special Classes,E14 6DZ,51.513522,-0.019253,State,Primary,0.8,
100926,Virginia Primary School,Local authority maintained schools,Primary,No Special Classes,E2 7NQ,51.526993,-0.074317,State,Primary,0.8,1
100927,Wellington Primary School,Local authority maintained schools,Primary,No Special Classes,E3 4NE,51.525918,-0.024813,State,Primary,0.8,1
100928,Woolmore Primary School,Local authority maintained schools,Primary,No Special Classes,E14 0EW,51.51026,-0.008759,State,Primary,0.8,1
100929,Harry Gosling Infant School,Local authority maintained schools,Primary,No Special Classes,E1 1NB,51.514409,-0.06535,State,Primary,0.8,
100930,Thomas Buxton Primary School,Local authority maintained schools,Primary,No Special Classes,E1 5AR,51.521747,-0.064837,State,Primary,0.8,1
100931,Seven Mills Primary School,Local authority maintained schools,Primary,No Special Classes,E14 8LY,51.498379,-0.023584,State,Primary,0.8,2
100932,Cubitt Town Infants' School,Local authority maintained schools,Primary,No Special Classes,E14 3NE,51.495321,-0.01186,State,Primary,0.8,
100933,Old Ford Junior Mixed School,Local authority maintained schools,Primary,No Special Classes,E3 5LD,51.533593,-0.030941,State,Primary,0.8,
100934,Osmani Primary School,Local authority maintained schools,Primary,No Special Classes,E1 5AD,51.520794,-0.064806,State,Primary,0.8,2
100935,Shapla Primary School,Local authority maintained schools,Primary,No Special Classes,E1 8HY,51.510091,-0.065822,State,Primary,0.8,
100936,Hermitage Primary School,Local authority maintained schools,Primary,No Special Classes,E1W 2PT,51.505021,-0.064826,State,Primary,0.8,
100937,Bangabandhu Primary School,Local authority maintained schools,Primary,Has Special Classes,E2 0LB,51.525724,-0.051406,State,Primary,0.8,2
100938,Halley Primary School,Local authority maintained schools,Primary,No Special Classes,E14 7SS,51.517707,-0.036008,State,Primary,0.8,2
100939,Bigland Green Primary School,Local authority maintained schools,Primary,No Special Classes,E1 2ND,51.512678,-0.058549,State,Primary,0.8,1
100940,Kobi Nazrul Primary School,Local authority maintained schools,Primary,No Special Classes,E1 1JP,51.516108,-0.064269,State,Primary,0.8,2
100941,Smithy Street Primary School,Local authority maintained schools,Primary,No Special Classes,E1 3BW,51.518771,-0.052351,State,Primary,0.8,
100942,Bygrove Primary School,Local authority maintained schools,Primary,No Special Classes,E14 6DN,51.512515,-0.018159,State,Primary,0.8,
100943,William Davis Primary School,Local authority maintained schools,Primary,No Special Classes,E2 6ET,51.524494,-0.066682,State,Primary,0.8,2
100944,Christ Church CofE School,Local authority maintained schools,Primary,No Special Classes,E1 6PU,51.518305,-0.071499,State,Primary,0.8,2
100945,Guardian Angels Catholic Primary School,Local authority maintained schools,Primary,No Special Classes,E3 4RB,51.524629,-0.036921,State,Primary,0.8,
100946,Stepney Greencoat Church of England Primary School,Local authority maintained schools,Primary,No Special Classes,E14 7TF,51.51394,-0.03176,State,Primary,0.8,2
100947,Our Lady of the Assumption Roman Catholic Primary School,Local authority maintained schools,Primary,No Special Classes,E2 9JY,51.532712,-0.05141,State,Primary,0.8,
100948,Our Lady Roman Catholic Primary School,Local authority maintained schools,Primary,No Special Classes,E14 7DA,51.513461,-0.030556,State,Primary,0.8,
100949,St Agnes RC Primary School,Local authority maintained schools,Primary,No Special Classes,E3 3ER,51.527343,-0.018653,State,Primary,0.8,1
100950,St Anne's and Guardian Angels Catholic Primary School,Local authority maintained schools,Primary,Has Special Classes,E1 5AW,51.52113,-0.066118,State,Primary,0.8,2
100951,St Edmund's Catholic School,Local authority maintained schools,Primary,No Special Classes,E14 3RS,51.492167,-0.024199,State,Primary,0.8,2
100952,St John the Baptist RC Junior School,Local authority maintained schools,Primary,No Special Classes,E2 9JY,51.532712,-0.05141,State,Primary,0.8,
100953,St John's Church of England Primary School,Local authority maintained schools,Primary,No Special Classes,E2 9LR,51.530027,-0.05435,State,Primary,0.8,2
100954,St Luke's Church of England Primary School,Local authority maintained schools,Primary,No Special Classes,E14 3EB,51.489593,-0.005512,State,Primary,0.8,2
100955,St Mary and St Michael's Junior School,Local authority maintained schools,Primary,No Special Classes,E1 0BD,51.513708,-0.052899,State,Primary,0.8,
100956,St Matthias Church of England Primary School,Local authority maintained schools,Primary,No Special Classes,E2 6DY,51.523989,-0.070437,State,Primary,0.8,
100957,St Patrick Roman Catholic Primary School,Local authority maintained schools,Primary,No Special Classes,E1W 2PH,51.504005,-0.060503,State,Primary,0.8,
100958,St Paul With St Luke CofE Primary Federation,Local authority maintained schools,Primary,No Special Classes,E3 4LA,51.517961,-0.029194,State,Primary,0.8,2
100959,St Paul's Whitechapel Church of England Primary School,Local authority maintained schools,Primary,No Special Classes,E1 8HY,51.510091,-0.065822,State,Primary,0.8,2
100960,St Peter's London Docks CofE Primary School,Local authority maintained schools,Primary,No Special Classes,E1W 3QT,51.50764,-0.055204,State,Primary,0.8,1
100961,St Saviour's Church of England Primary School,Local authority maintained schools,Primary,No Special Classes,E14 6BB,51.516377,-0.017328,State,Primary,0.8,1
100962,English Martyrs Roman Catholic Primary School,Local authority maintained schools,Primary,No Special Classes,E1 8DJ,51.512764,-0.070882,State,Primary,0.8,2
100963,St Mary's and St Michael's Infant School,Local authority maintained schools,Primary,No Special Classes,E1 0BD,51.513708,-0.052899,State,Primary,0.8,
100964,Holy Family Catholic School,Local authority maintained schools,Primary,No Special Classes,E14 0DE,51.509941,-0.019683,State,Primary,0.8,
100965,Bow School,Local authority maintained schools,Secondary,No Special Classes,E3 3QW,51.523393,-0.009469,State,Secondary,2.0,2
100966,Langdon Park Community School,Local authority maintained schools,Secondary,No Special Classes,E14 0RZ,51.514787,-0.012122,State,Secondary,2.0,2
100967,Morpeth School,Local authority maintained schools,Secondary,No Special Classes,E2 0PX,51.526781,-0.048463,State,Secondary,2.0,2
100968,Mulberry School for Girls,Local authority maintained schools,Secondary,No Special Classes,E1 2JP,51.514507,-0.060432,State,Secondary,2.0,
100969,Stepney Green Mathematics and Computing College,Local authority maintained schools,Secondary,No Special Classes,E1 4SD,51.51853,-0.042185,State,Secondary,2.0,
100970,St Paul's Way Trust School,Local authority maintained schools,All-through,No Special Classes,E3 4FT,51.518648,-0.024595,State,Other,1.0,
100971,Bethnal Green Technology College,Local authority maintained schools,Secondary,No Special Classes,E2 6NW,51.527392,-0.069586,State,Secondary,2.0,
100972,Oaklands School,Local authority maintained schools,Secondary,No Special Classes,E2 6PR,51.52924,-0.061694,State,Secondary,2.0,2
100973,Swanlea School,Local authority maintained schools,Secondary,No Special Classes,E1 5DJ,51.520742,-0.060051,State,Secondary,2.0,1
100974,George Green's School,Local authority maintained schools,Secondary,Not applicable,E14 3DW,51.488127,-0.007607,State,Secondary,2.0,2
100975,Central Foundation Girls' School,Local authority maintained schools,Secondary,No Special Classes,E3 2AE,51.526814,-0.028321,State,Secondary,2.0,2
100976,The Blessed John Roche Roman Catholic School,Local authority maintained schools,Secondary,No Special Classes,E14 6ER,,,State,Secondary,2.0,
100977,Stepney All Saints Church of England Secondary School,Local authority maintained schools,Secondary,No Special Classes,E1 0RH,51.516252,-0.044186,State,Secondary,2.0,1
100978,Bishop Challoner Catholic School,Local authority maintained schools,Secondary,No Special Classes,E1 0LB,51.513566,-0.049749,State,Secondary,2.0,
100979,Raine's Foundation School,Local authority maintained schools,Secondary,No Special Classes,E2 9LY,51.53127,-0.05176,State,Secondary,2.0,
100980,Gatehouse School,Independent schools,Not applicable,Not applicable,E2 9JG,51.532416,-0.046059,Private,Other,1.0,
100981,Islamic College London,Independent schools,Not applicable,No Special Classes,E1 2ND,51.512678,-0.058549,Private,Other,1.0,
100982,Madani Secondary Girls' School,Independent schools,Not applicable,No Special Classes,E1 1HL,51.515464,-0.063331,Private,Other,1.0,
100983,Bromley Hall School,Special schools,Not applicable,Has Special Classes,E14 0LF,51.517298,-0.008005,Special,Other,1.0,
100984,Grenfell Special School,Special schools,Not applicable,Has Special Classes,E1 1HL,51.515464,-0.063331,Special,Other,1.0,
100985,Harpley School,Special schools,Not applicable,Has Special Classes,E1 4DZ,51.525473,-0.049268,Special,Other,1.0,
100987,Phoenix School,Special schools,Not applicable,Has Special Classes,E3 2AD,51.527099,-0.026608,Special,Other,1.0,1
100988,Weavers' Senior School,Special schools,Not applicable,Has Special Classes,E2 6HW,51.524753,-0.062245,Special,Other,1.0,
100989,Beatrice Tate School,Special schools,Not applicable,Has Special Classes,E3 4PX,51.523755,-0.030414,Special,Other,1.0,1
100990,Balham Nursery School,Local authority maintained schools,Nursery,Not applicable,SW12 8JL,51.446312,-0.154375,State,Other,1.0,1
100991,Eastwood Nursery School,Local authority maintained schools,Nursery,,SW15 4EU,51.451851,-0.245173,State,Other,1.0,1
100992,Somerset Nursery School and Children's Centre,Local authority maintained schools,Nursery,Not applicable,SW11 3ND,51.475694,-0.175238,State,Other,1.0,1
100993,The Junction,Local authority maintained schools,Not applicable,Not applicable,SW11 2NZ,,,State,Other,1.0,
100994,Francis Barber Pupil Referral Unit,Local authority maintained schools,Not applicable,Has Special Classes,SW17 8HE,51.426925,-0.161918,State,Other,1.0,2
100995,Alderbrook Primary School,Local authority maintained schools,Primary,No Special Classes,SW12 8PP,51.448528,-0.148904,State,Primary,0.8,2
100996,Allfarthing Primary School,Local authority maintained schools,Primary,No Special Classes,SW18 2LR,51.454218,-0.186169,State,Primary,0.8,2
100997,Beatrix Potter Primary School,Local authority maintained schools,Primary,No Special Classes,SW18 3ER,51.443969,-0.182272,State,Primary,0.8,2
100998,Belleville Primary School,Local authority maintained schools,Primary,No Special Classes,SW11 6PR,51.456887,-0.164673,State,Primary,0.8,
100999,Bolingbroke Primary School,Local authority maintained schools,Primary,No Special Classes,SW11 3NE,51.477062,-0.171871,State,Primary,0.8,
101000,Griffin Primary School,Local authority maintained schools,Primary,No Special Classes,SW8 4JB,51.474242,-0.13836,State,Primary,0.8,
101001,Brandlehow Primary School,Local authority maintained schools,Primary,No Special Classes,SW15 2ED,51.461379,-0.207393,State,Primary,0.8,2
101002,Broadwater Primary School,Local authority maintained schools,Primary,No Special Classes,SW17 0DZ,51.430885,-0.173628,State,Primary,0.8,
101003,Chesterton Primary School,Local authority maintained schools,Primary,No Special Classes,SW11 5DT,51.473632,-0.156643,State,Primary,0.8,
101004,Goldfinch Primary  School,Local authority maintained schools,Primary,No Special Classes,SW16 6DS,51.421812,-0.141051,State,Primary,0.8,
101005,Earlsfield Primary School,Local authority maintained schools,Primary,No Special Classes,SW18 3QQ,51.441436,-0.185942,State,Primary,0.8,1
101006,Falconbrook Primary School,Local authority maintained schools,Primary,No Special Classes,SW11 2LX,51.468491,-0.17469,State,Primary,0.8,2
101007,Fircroft Primary School,Local authority maintained schools,Primary,No Special Classes,SW17 7PP,51.436881,-0.164237,State,Primary,0.8,3
101008,Franciscan Primary School,Local authority maintained schools,Primary,No Special Classes,SW17 8HQ,51.427688,-0.16065,State,Primary,0.8,
101009,Furzedown Primary School,Local authority maintained schools,Primary,No Special Classes,SW17 9TJ,51.421958,-0.153113,State,Primary,0.8,2
101010,High View Primary School,Local authority maintained schools,Primary,No Special Classes,SW11 2AA,51.46189,-0.174031,State,Primary,0.8,
101011,Honeywell Junior School,Local authority maintained schools,Primary,No Special Classes,SW11 6EF,51.454739,-0.16188,State,Primary,0.8,2
101012,Honeywell Infant School,Local authority maintained schools,Primary,No Special Classes,SW11 6EF,51.454739,-0.16188,State,Primary,0.8,2
101013,Hotham Primary School,Local authority maintained schools,Primary,No Special Classes,SW15 1PN,51.464233,-0.221174,State,Primary,0.8,2
101014,John Burns Primary School,Local authority maintained schools,Primary,No Special Classes,SW11 5QR,51.469506,-0.152763,State,Primary,0.8,2
101015,John Milton Primary School,Local authority maintained schools,Primary,No Special Classes,SW8 5AH,,,State,Primary,0.8,
101016,Penwortham Primary School,Local authority maintained schools,Primary,No Special Classes,SW16 6RJ,51.422392,-0.145846,State,Primary,0.8,1
101017,Ravenstone Primary School,Local authority maintained schools,Primary,Not applicable,SW12 9SS,51.44169,-0.152648,State,Primary,0.8,
101018,Riversdale Primary School,Local authority maintained schools,Primary,,SW18 5JP,51.446548,-0.199065,State,Primary,0.8,3
101019,Sellincourt Primary School,Local authority maintained schools,Primary,No Special Classes,SW17 9SA,51.423173,-0.167534,State,Primary,0.8,2
101020,Shaftesbury Park Primary School,Local authority maintained schools,Primary,Not applicable,SW11 5UW,51.468766,-0.156609,State,Primary,0.8,2
101021,Smallwood Primary School and Language Unit,Local authority maintained schools,Primary,Has Special Classes,SW17 0TW,51.431215,-0.178074,State,Primary,0.8,2
101022,Swaffield School,Local authority maintained schools,Primary,No Special Classes,SW18 2SA,51.451527,-0.186031,State,Primary,0.8,2
101023,Wandle Primary School,Local authority maintained schools,Primary,No Special Classes,SW18 4EJ,51.443594,-0.190001,State,Primary,0.8,
101024,West Hill Primary School,Local authority maintained schools,Primary,No Special Classes,SW18 5ST,51.455576,-0.199013,State,Primary,0.8,2
101025,Wix Primary School,Local authority maintained schools,Primary,No Special Classes,SW4 0AJ,51.465878,-0.151398,State,Primary,0.8,
101026,Sheringdale Primary School,Local authority maintained schools,Primary,No Special Classes,SW18 5TR,51.446915,-0.203642,State,Primary,0.8,1
101027,Southmead Primary School,Local authority maintained schools,Primary,Has Special Classes,SW19 6QT,51.445216,-0.216056,State,Primary,0.8,2
101028,Granard Primary School,Local authority maintained schools,Primary,No Special Classes,SW15 6XA,51.455652,-0.232951,State,Primary,0.8,2
101029,Heathmere Primary School,Local authority maintained schools,Primary,No Special Classes,SW15 4LJ,51.444673,-0.24139,State,Primary,0.8,2
101030,Joseph Tritton Primary School,Local authority maintained schools,Primary,No Special Classes,SW11 2TY,,,State,Primary,0.8,
101031,Ronald Ross Primary School,Local authority maintained schools,Primary,No Special Classes,SW19 6RY,51.448304,-0.215676,State,Primary,0.8,1
101032,Albemarle Primary School,Local authority maintained schools,Primary,No Special Classes,SW19 6JP,51.442025,-0.213777,State,Primary,0.8,2
101033,The Alton School,Local authority maintained schools,Primary,Has Special Classes,SW15 4PD,51.452758,-0.253486,State,Primary,0.8,
101034,"All Saints' CofE Primary School, Putney",Local authority maintained schools,Primary,No Special Classes,SW15 1HL,51.467884,-0.227741,State,Primary,0.8,2
101035,Christ Church CofE Primary School,Local authority maintained schools,Primary,No Special Classes,SW11 2TH,51.467075,-0.166885,State,Primary,0.8,
101036,Holy Ghost Catholic Primary School,Local authority maintained schools,Primary,No Special Classes,SW12 8QJ,51.447881,-0.156341,State,Primary,0.8,2
101037,Our Lady of Victories Catholic Primary School,Local authority maintained schools,Primary,No Special Classes,SW15 1AW,51.463805,-0.223206,State,Primary,0.8,2
101038,Roehampton Church Forest Primary School,Local authority maintained schools,Primary,No Special Classes,SW15 4AA,51.448265,-0.23751,State,Primary,0.8,2
101039,Sacred Heart RC Junior School,Local authority maintained schools,Primary,No Special Classes,SW11 2TD,51.469378,-0.166951,State,Primary,0.8,
101040,Sacred Heart Infant School,Local authority maintained schools,Primary,No Special Classes,SW11 2TD,51.469378,-0.166951,State,Primary,0.8,
101041,St Anne's CofE Primary School,Local authority maintained schools,Primary,No Special Classes,SW18 2RU,51.456207,-0.189142,State,Primary,0.8,2
101042,St Boniface RC Primary School,Local authority maintained schools,Primary,No Special Classes,SW17 8PP,51.427353,-0.164576,State,Primary,0.8,2
101043,St Faith's CofE Primary School,Local authority maintained schools,Primary,No Special Classes,SW18 1AE,51.459412,-0.186482,State,Primary,0.8,2
101044,St George's CofE Primary School,Local authority maintained schools,Primary,No Special Classes,SW8 4JS,51.477171,-0.139306,State,Primary,0.8,2
101045,St Joseph's Catholic Primary and Nursery School,Local authority maintained schools,Primary,No Special Classes,SW15 2QD,51.459195,-0.200439,State,Primary,0.8,2
101046,St Mary's CofE Primary School,Local authority maintained schools,Primary,No Special Classes,SW15 1BA,51.466431,-0.22201,State,Primary,0.8,2
101047,Trinity St Mary's CofE Primary School,Local authority maintained schools,Primary,No Special Classes,SW12 8DR,51.442568,-0.155303,State,Primary,0.8,2
101048,St Mary's RC Voluntary Aided Primary School,Local authority maintained schools,Primary,No Special Classes,SW8 4EN,51.476569,-0.146156,State,Primary,0.8,2
101049,St Michael's CofE Primary School,Local authority maintained schools,Primary,No Special Classes,SW18 5SQ,51.450232,-0.203569,State,Primary,0.8,2
101050,"Sacred Heart Catholic Primary School, Roehampton",Local authority maintained schools,Primary,No Special Classes,SW15 5NX,51.457612,-0.241943,State,Primary,0.8,2
101051,Our Lady Queen of Heaven RC School,Local authority maintained schools,Primary,No Special Classes,SW19 6AD,51.44797,-0.220367,State,Primary,0.8,1
101052,St Anselm's Catholic Primary School,Local authority maintained schools,Primary,No Special Classes,SW17 8RW,51.435271,-0.15623,State,Primary,0.8,1
101053,Ernest Bevin College,Local authority maintained schools,Secondary,No Special Classes,SW17 7DF,51.44122,-0.171445,State,Secondary,2.0,
101054,Chestnut Grove School,Local authority maintained schools,Secondary,No Special Classes,SW12 8JZ,51.444657,-0.155464,State,Secondary,2.0,
101055,Battersea Park School,Local authority maintained schools,Secondary,No Special Classes,SW11 5AP,51.473245,-0.159496,State,Secondary,2.0,
101056,Ethelburga Primary School,Local authority maintained schools,Primary,No Special Classes,SW11 4QP,,,State,Primary,0.8,
101057,Hillbrook School,Local authority maintained schools,Primary,No Special Classes,SW17 8SG,51.432467,-0.160904,State,Primary,0.8,2
101058,Graveney School,Local authority maintained schools,Secondary,Has Special Classes,SW17 9BU,51.423518,-0.152273,State,Secondary,2.0,
101059,Burntwood School,Local authority maintained schools,Secondary,No Special Classes,SW17 0AQ,51.438125,-0.180058,State,Secondary,2.0,
101060,Elliott School,Local authority maintained schools,Secondary,No Special Classes,SW15 3DG,51.454795,-0.225614,State,Secondary,2.0,
101061,Salesian College,Local authority maintained schools,Secondary,No Special Classes,SW11 3PB,,,State,Secondary,2.0,
101062,John Paul II School,Local authority maintained schools,Secondary,No Special Classes,SW19 6QE,51.448644,-0.220297,State,Secondary,2.0,
101063,Southfields Community College,Local authority maintained schools,Secondary,Has Special Classes,SW18 5JU,51.445071,-0.197728,State,Secondary,2.0,
101064,Ibstock Place School,Independent schools,Not applicable,No Special Classes,SW15 5PY,51.454735,-0.253382,Private,Other,1.0,
101065,Merlin School,Independent schools,Not applicable,No Special Classes,SW15 2BZ,51.457147,-0.215879,Private,Other,1.0,
101066,Highfield School and Nursery,Independent schools,Not applicable,No Special Classes,SW18 3RQ,51.447866,-0.171497,Private,Other,1.0,
101067,Hurlingham School,Independent schools,Not applicable,Not applicable,SW15 2NQ,51.462968,-0.208986,Private,Other,1.0,
101068,Upper Tooting Independent High School,Independent schools,Not applicable,No Special Classes,SW17 7HL,51.441222,-0.165848,Private,Other,1.0,
101069,Willington School,Independent schools,Not applicable,No Special Classes,SW19 7QQ,51.424392,-0.205057,Private,Other,1.0,
101070,Putney Park School,Independent schools,Not applicable,No Special Classes,SW15 6PY,51.461783,-0.234053,Private,Other,1.0,
101071,Emanuel School,Independent schools,Not applicable,No Special Classes,SW11 1HS,51.456653,-0.17329,Private,Other,1.0,
101072,Putney High School,Independent schools,Not applicable,No Special Classes,SW15 6BH,51.456847,-0.218064,Private,Other,1.0,
101073,London Steiner School,Independent schools,Not applicable,No Special Classes,SW12 0LT,51.446094,-0.143418,Private,Other,1.0,
101074,Broomwood Hall School,Independent schools,Not applicable,No Special Classes,SW12 8NR,51.450123,-0.159403,Private,Other,1.0,
101075,The Roche School,Independent schools,Not applicable,No Special Classes,SW18 1HW,51.4591,-0.197737,Private,Other,1.0,
101076,Finton House School,Independent schools,Not applicable,No Special Classes,SW17 7HL,51.441222,-0.165848,Private,Other,1.0,
101077,The Dominie School Limited,Special schools,Not applicable,Has Special Classes,SW11 4DX,51.47453,-0.157716,Special,Other,1.0,
101078,Hornsby House School,Independent schools,Not applicable,No Special Classes,SW12 8RS,51.444764,-0.156553,Private,Other,1.0,
101079,Bertrum House School,Independent schools,Not applicable,No Special Classes,SW17 7AL,51.437358,-0.157974,Private,Other,1.0,
101080,Eveline Day School,Independent schools,Not applicable,No Special Classes,SW17 7BQ,51.439975,-0.154573,Private,Other,1.0,
101081,Prospect House School,Independent schools,Not applicable,No Special Classes,SW15 3NT,51.451493,-0.220805,Private,Other,1.0,
101082,Newton Preparatory School,Independent schools,Not applicable,No Special Classes,SW8 4BX,51.477213,-0.145972,Private,Other,1.0,
101083,Bright Horizon Preparatory School,Independent schools,Not applicable,No Special Classes,SW16 6NT,51.421634,-0.145129,Private,Other,1.0,
101084,Dolphin School (Incorporating Noahs Ark Nursery Schools),Independent schools,Not applicable,Has Special Classes,SW11 6QW,51.457312,-0.165952,Private,Other,1.0,
101085,South London Montessori School,Independent schools,Not applicable,No Special Classes,SW11 3DS,51.4734,-0.172276,Private,Other,1.0,
101086,Hall School Wimbledon,Independent schools,Not applicable,No Special Classes,SW20 8HF,51.414961,-0.221735,Private,Other,1.0,
101087,Hurlingham Nursery and Pre Prep,Independent schools,Not applicable,No Special Classes,SW15 6EH,51.460904,-0.222253,Private,Other,1.0,
101088,Eaton House the Manor School,Independent schools,Not applicable,No Special Classes,SW4 9RU,51.462025,-0.151136,Private,Other,1.0,
101089,Broomwood Prep - Boys,Independent schools,Not applicable,No Special Classes,SW11 6EL,51.451647,-0.165373,Private,Other,1.0,
101090,Al Risalah Secondary School,Independent schools,Not applicable,No Special Classes,SW17 7TJ,51.432025,-0.163684,Private,Other,1.0,
101091,Parkgate House School,Independent schools,Not applicable,No Special Classes,SW4 9SD,51.461528,-0.153805,Private,Other,1.0,
101092,ADT College,Independent schools,Not applicable,No Special Classes,SW15 2UT,51.456321,-0.207706,Private,Other,1.0,
101093,Linden Lodge School,Special schools,Not applicable,Has Special Classes,SW19 6JB,51.443714,-0.213064,Special,Other,1.0,
101094,Oak Lodge School,Special schools,Not applicable,Has Special Classes,SW12 8NA,51.448744,-0.158019,Special,Other,1.0,2
101097,Gideon School,Special schools,Not applicable,Has Special Classes,SW11 5TZ,,,Special,Other,1.0,
101098,Chartfield School,Special schools,Not applicable,Has Special Classes,SW15 6HL,51.458106,-0.23228,Special,Other,1.0,
101099,Greenmead School,Special schools,Not applicable,Has Special Classes,SW19 6RY,51.448304,-0.215676,Special,Other,1.0,1
101100,Beechcroft School,Special schools,Not applicable,Has Special Classes,SW17 7DF,51.44122,-0.171445,Special,Other,1.0,
101101,Susan Isaacs School,Special schools,Not applicable,Has Special Classes,SW11 5NX,51.463047,-0.154896,Special,Other,1.0,
101102,Paddock School,Special schools,Not applicable,Has Special Classes,SW15 5RT,51.463729,-0.249871,Special,Other,1.0,1
101103,Garratt Park School,Special schools,Not applicable,Has Special Classes,SW18 3TB,51.437543,-0.184858,Special,Other,1.0,2
101104,Tachbrook Nursery School,Local authority maintained schools,Nursery,,SW1V 3RT,51.486596,-0.132571,State,Other,1.0,2
101105,Dorothy Gardner Nursery School,Local authority maintained schools,Nursery,Not applicable,W9 3JY,51.5289,-0.201772,State,Other,1.0,2
101106,Mary Paterson Nursery School,Local authority maintained schools,Nursery,Not applicable,W9 3DS,51.528008,-0.202254,State,Other,1.0,1
101107,Barrow Hill Junior School,Local authority maintained schools,Primary,No Special Classes,NW8 7AL,51.5328,-0.169076,State,Primary,0.8,2
101108,Paddington Green Primary School,Local authority maintained schools,Primary,No Special Classes,W2 1SP,51.522206,-0.179433,State,Primary,0.8,
101109,Churchill Gardens Community Primary School,Local authority maintained schools,Primary,No Special Classes,SW1V 3EU,51.487195,-0.139172,State,Primary,0.8,
101110,Edward Wilson Primary School,Local authority maintained schools,Primary,No Special Classes,W2 5TL,51.521683,-0.189169,State,Primary,0.8,2
101111,Essendine Primary School,Local authority maintained schools,Primary,No Special Classes,W9 2LR,51.527596,-0.195336,State,Primary,0.8,2
101112,Gateway Primary School,Local authority maintained schools,Primary,No Special Classes,NW8 8LN,51.524684,-0.170497,State,Primary,0.8,
101113,Millbank Primary School,Local authority maintained schools,Primary,No Special Classes,SW1P 4HR,51.491418,-0.130443,State,Primary,0.8,
101114,Wilberforce Primary School,Local authority maintained schools,Primary,No Special Classes,W10 4LB,51.532012,-0.208858,State,Primary,0.8,
101115,George Eliot Primary School,Local authority maintained schools,Primary,No Special Classes,NW8 0NH,51.53646,-0.177119,State,Primary,0.8,2
101116,Hallfield Primary School,Local authority maintained schools,Primary,Has Special Classes,W2 6JJ,51.51494,-0.18641,State,Primary,0.8,2
101117,Robinsfield Infant School,Local authority maintained schools,Primary,No Special Classes,NW8 6PX,51.535182,-0.170119,State,Primary,0.8,2
101118,George Eliot Infants' School,Local authority maintained schools,Primary,No Special Classes,NW8 0NH,51.53646,-0.177119,State,Primary,0.8,
101119,Hallfield Infants' School,Local authority maintained schools,Primary,No Special Classes,W2 6JJ,51.51494,-0.18641,State,Primary,0.8,
101120,Queen's Park Primary School,Local authority maintained schools,Primary,No Special Classes,W10 4DQ,51.527468,-0.209325,State,Primary,0.8,2
101121,All Souls CofE Primary School,Local authority maintained schools,Primary,Has Special Classes,W1W 7JJ,51.519848,-0.138605,State,Primary,0.8,2
101122,Burdett-Coutts and Townshend Foundation CofE Primary School,Local authority maintained schools,Primary,Not applicable,SW1P 2QQ,51.495115,-0.135003,State,Primary,0.8,2
101123,Hampden Gurney CofE Primary School,Local authority maintained schools,Primary,No Special Classes,W1H 5HA,51.516787,-0.164054,State,Primary,0.8,2
101124,Our Lady of Dolours Catholic Primary,Local authority maintained schools,Primary,No Special Classes,W2 5SR,51.52149,-0.191282,State,Primary,0.8,2
101125,St Augustines Federated Schools: CofE Primary School,Local authority maintained schools,Primary,No Special Classes,NW6 5XA,51.534534,-0.191557,State,Primary,0.8,3
101126,St Barnabas' CofE Primary School,Local authority maintained schools,Primary,No Special Classes,SW1W 8PF,51.490585,-0.151667,State,Primary,0.8,2
101127,St Clement Danes CofE Primary School,Local authority maintained schools,Primary,No Special Classes,WC2B 5SU,51.513666,-0.119732,State,Primary,0.8,1
101128,St Edward's Catholic Primary School,Local authority maintained schools,Primary,No Special Classes,NW1 6LH,51.523332,-0.165679,State,Primary,0.8,2
101129,St Gabriel's CofE Primary School,Local authority maintained schools,Primary,No Special Classes,SW1V 3AG,51.486185,-0.141777,State,Primary,0.8,2
101130,St George's Hanover Square CofE Primary School,Local authority maintained schools,Primary,No Special Classes,W1K 2XH,51.508825,-0.150093,State,Primary,0.8,2
101131,Soho Parish CofE Primary School,Local authority maintained schools,Primary,No Special Classes,W1D 7LF,51.511741,-0.134367,State,Primary,0.8,2
101132,St James & St John Church of England Primary School,Local authority maintained schools,Primary,No Special Classes,W2 3QD,51.51295,-0.17924,State,Primary,0.8,2
101133,St Joseph's RC Primary School,Local authority maintained schools,Primary,No Special Classes,W9 1DF,51.52742,-0.182209,State,Primary,0.8,
101134,St Luke's CofE Primary School,Local authority maintained schools,Primary,No Special Classes,W9 3EJ,51.531559,-0.202763,State,Primary,0.8,1
101135,St Mary Magdalene & St Stephen's CofE Primary School,Local authority maintained schools,Primary,No Special Classes,W2 5TF,51.522466,-0.189254,State,Primary,0.8,2
101136,St Mary's Bryanston Square CofE School,Local authority maintained schools,Primary,No Special Classes,W1H 1DL,51.520422,-0.163028,State,Primary,0.8,2
101137,St. Mary of the Angels Catholic Primary School,Local authority maintained schools,Primary,No Special Classes,W2 5PR,51.518438,-0.197485,State,Primary,0.8,2
101138,"St Matthew's School, Westminster",Local authority maintained schools,Primary,No Special Classes,SW1P 2DG,51.497403,-0.131322,State,Primary,0.8,2
101139,St Peter's CofE School,Local authority maintained schools,Primary,No Special Classes,W9 2AN,51.523703,-0.195994,State,Primary,0.8,1
101140,St Peter's Eaton Square CofE Primary School,Local authority maintained schools,Primary,No Special Classes,SW1W 0NL,51.496015,-0.146391,State,Primary,0.8,3
101141,St Saviour's CofE Primary School,Local authority maintained schools,Primary,No Special Classes,W9 2JD,51.524159,-0.188221,State,Primary,0.8,2
101142,St Stephen's CofE Primary School,Local authority maintained schools,Primary,No Special Classes,W2 5QH,51.519039,-0.195025,State,Primary,0.8,
101143,St Vincent's Catholic Primary School,Local authority maintained schools,Primary,No Special Classes,W1U 4DF,51.518622,-0.152665,State,Primary,0.8,1
101144,St Vincent De Paul Catholic Primary School,Local authority maintained schools,Primary,No Special Classes,SW1P 1EP,51.495314,-0.13959,State,Primary,0.8,2
101145,Tyburn RC Infant School,Local authority maintained schools,Primary,No Special Classes,NW8 8NR,,,State,Primary,0.8,
101146,Westminster Cathedral RC Primary School,Local authority maintained schools,Primary,No Special Classes,SW1V 3SE,51.48806,-0.13192,State,Primary,0.8,
101147,Christ Church Bentinck CofE Primary School,Local authority maintained schools,Primary,No Special Classes,NW1 5NS,51.521454,-0.16636,State,Primary,0.8,1
101148,Pimlico School,Local authority maintained schools,Secondary,No Special Classes,SW1V 3AT,51.48818,-0.137173,State,Secondary,2.0,
101149,Quintin Kynaston School,Local authority maintained schools,Secondary,No Special Classes,NW8 0NL,51.537837,-0.17666,State,Secondary,2.0,
101150,North Westminster Community School,Local authority maintained schools,Secondary,No Special Classes,NW1 6RX,51.521572,-0.169281,State,Secondary,2.0,
101151,The Grey Coat Hospital,Local authority maintained schools,Secondary,No Special Classes,SW1P 2DY,51.496033,-0.134504,State,Secondary,2.0,
101152,The St Marylebone CofE School,Local authority maintained schools,Secondary,No Special Classes,W1U 5BA,51.522211,-0.152145,State,Secondary,2.0,
101153,Westminster City School,Local authority maintained schools,Secondary,No Special Classes,SW1E 5HJ,51.497967,-0.139064,State,Secondary,2.0,
101154,St Augustine's Federated Schools: CE High School,Local authority maintained schools,Secondary,No Special Classes,NW6 5SN,51.534277,-0.192418,State,Secondary,2.0,2
101155,St George's Catholic School,Local authority maintained schools,Secondary,No Special Classes,W9 1RB,51.532904,-0.187945,State,Secondary,2.0,
101156,Arnold House School,Independent schools,Not applicable,No Special Classes,NW8 0LH,51.534183,-0.177008,Private,Other,1.0,
101157,"Queen's College, London",Independent schools,Not applicable,No Special Classes,W1G 8BT,51.518461,-0.146964,Private,Other,1.0,
101158,Francis Holland School,Independent schools,Not applicable,No Special Classes,NW1 6XR,51.524819,-0.160155,Private,Other,1.0,
101159,Westminster Abbey Choir School,Independent schools,Not applicable,No Special Classes,SW1P 3NY,51.498608,-0.12963,Private,Other,1.0,
101160,Eaton House School,Independent schools,Not applicable,No Special Classes,SW1W 9BA,51.494119,-0.155083,Private,Other,1.0,
101161,Francis Holland School,Independent schools,Not applicable,No Special Classes,SW1W 8JF,51.491734,-0.153796,Private,Other,1.0,
101162,Westminster School,Independent schools,Not applicable,No Special Classes,SW1P 3PF,51.498688,-0.127884,Private,Other,1.0,
101163,Francis Holland Preparatory School,Independent schools,Not applicable,No Special Classes,SW3 6NB,51.48692,-0.171967,Private,Other,1.0,
101164,Connaught House School,Independent schools,Not applicable,No Special Classes,W2 2HL,51.513975,-0.164239,Private,Other,1.0,
101165,Westminster Under School,Independent schools,Not applicable,No Special Classes,SW1P 2NN,51.491764,-0.134102,Private,Other,1.0,
101166,Westminster Cathedral Choir School,Independent schools,Not applicable,No Special Classes,SW1P 1QH,51.495234,-0.139104,Private,Other,1.0,
101167,McCaffrey's School,Independent schools,Not applicable,No Special Classes,NW8 0LL,51.534514,-0.178668,Private,Other,1.0,
101168,The American School in London,Independent schools,Not applicable,No Special Classes,NW8 0NP,51.534663,-0.176095,Private,Other,1.0,
101169,Saint Christina's School,Independent schools,Not applicable,Not applicable,NW8 7PY,51.53586,-0.164065,Private,Other,1.0,
101170,The Urdang Academy,Independent schools,Not applicable,No Special Classes,WC2H 9JJ,51.513342,-0.125885,Private,Other,1.0,
101171,ICS London,Independent schools,Not applicable,No Special Classes,W1H 1PN,51.519598,-0.161534,Private,Other,1.0,
101172,Sylvia Young Theatre School,Independent schools,Not applicable,No Special Classes,W1H 5YZ,51.517151,-0.162612,Private,Other,1.0,
101173,Fairley House School,Special schools,Not applicable,Has Special Classes,SW1P 4AU,51.490291,-0.131354,Special,Other,1.0,
101174,St John's Wood Pre-Preparatory School,Independent schools,Not applicable,No Special Classes,NW8 7NE,51.530807,-0.168118,Private,Other,1.0,
101175,Centre Academy London,Special schools,Not applicable,Has Special Classes,SW11 1SH,51.460791,-0.175702,Special,Other,1.0,
101176,Naima Jewish Preparatory School,Independent schools,Not applicable,No Special Classes,NW6 5ED,51.534264,-0.190357,Private,Other,1.0,
101177,Abercorn School,Independent schools,Not applicable,No Special Classes,NW8 9XP,51.532723,-0.179705,Private,Other,1.0,
101178,Eaton Square Prep School,Independent schools,Not applicable,No Special Classes,SW1V 1PH,51.491626,-0.1435,Private,Other,1.0,
101179,The Hampshire School,Independent schools,Not applicable,No Special Classes,W2 3TB,51.513297,-0.186,Private,Other,1.0,
101181,Bales College,Independent schools,Not applicable,No Special Classes,W10 4AA,51.52907,-0.215851,Private,Other,1.0,
101182,College Park School,Special schools,Not applicable,Not applicable,W2 4PH,51.515082,-0.192083,Special,Other,1.0,2
101184,Queen Elizabeth II Jubilee School,Special schools,Not applicable,Not applicable,W9 3LG,51.525391,-0.202285,Special,Other,1.0,2
101252,Hampden Way Nursery School,Local authority maintained schools,Nursery,Not applicable,N14 5DJ,51.630931,-0.141921,State,Other,1.0,1
101253,Moss Hall Nursery School,Local authority maintained schools,Nursery,Not applicable,N3 1NR,51.610667,-0.186511,State,Other,1.0,1
101255,Pavilion Study Centre,Local authority maintained schools,Not applicable,Not applicable,N20 9DX,51.633897,-0.172781,State,Other,1.0,2
101257,Parkfield Primary School,Local authority maintained schools,Primary,No Special Classes,NW4 3UB,,,State,Primary,0.8,
101259,Bell Lane Primary School,Local authority maintained schools,Primary,No Special Classes,NW4 2AS,51.587079,-0.215714,State,Primary,0.8,
101262,Brookland Junior School,Local authority maintained schools,Primary,No Special Classes,NW11 6EJ,51.589937,-0.188058,State,Primary,0.8,2
101263,Brookland Infant and Nursery School,Local authority maintained schools,Primary,No Special Classes,NW11 6EJ,51.589937,-0.188058,State,Primary,0.8,2
101264,Brunswick Park Primary and Nursery School,Local authority maintained schools,Primary,No Special Classes,N14 5DU,51.630876,-0.147558,State,Primary,0.8,2
101265,Childs Hill School,Local authority maintained schools,Primary,No Special Classes,NW2 1SL,51.562269,-0.206919,State,Primary,0.8,
101267,Clitterhouse Junior School,Local authority maintained schools,Primary,No Special Classes,NW2 1AB,51.565716,-0.217691,State,Primary,0.8,
101268,Clitterhouse Infant School,Local authority maintained schools,Primary,No Special Classes,NW2 1AB,51.565716,-0.217691,State,Primary,0.8,
101269,Colindale Primary School,Local authority maintained schools,Primary,No Special Classes,NW9 6DT,51.590187,-0.246529,State,Primary,0.8,2
101270,Coppetts Wood Primary School,Local authority maintained schools,Primary,Has Special Classes,N10 1JS,51.602575,-0.153101,State,Primary,0.8,3
101271,Courtland School,Local authority maintained schools,Primary,No Special Classes,NW7 3BG,51.627239,-0.252876,State,Primary,0.8,1
101273,Deansbrook Junior School,Local authority maintained schools,Primary,No Special Classes,NW7 3ED,51.612646,-0.26203,State,Primary,0.8,
101274,Deansbrook Infant School,Local authority maintained schools,Primary,No Special Classes,NW7 3ED,51.612646,-0.26203,State,Primary,0.8,2
101275,Dollis Primary School,Local authority maintained schools,Primary,No Special Classes,NW7 2BU,51.608683,-0.224313,State,Primary,0.8,
101278,Fairway Primary School and Children's Centre,Local authority maintained schools,Primary,No Special Classes,NW7 3HS,51.627391,-0.256425,State,Primary,0.8,2
101280,Frith Manor Primary School,Local authority maintained schools,Primary,No Special Classes,N12 7BN,51.614976,-0.20178,State,Primary,0.8,2
101281,Garden Suburb Junior School,Local authority maintained schools,Primary,No Special Classes,NW11 6XU,51.585514,-0.198627,State,Primary,0.8,2
101282,Garden Suburb Infant School,Local authority maintained schools,Primary,No Special Classes,NW11 6XU,51.585514,-0.198627,State,Primary,0.8,2
101285,Hollickwood Primary School,Local authority maintained schools,Primary,No Special Classes,N10 2NL,51.604878,-0.144039,State,Primary,0.8,2
101286,Holly Park Primary School,Local authority maintained schools,Primary,No Special Classes,N11 3HG,51.616916,-0.151262,State,Primary,0.8,2
101287,Hyde Junior School,Local authority maintained schools,Primary,No Special Classes,NW9 6LE,51.583951,-0.248098,State,Primary,0.8,
101288,The Hyde Infants' School,Local authority maintained schools,Primary,No Special Classes,NW9 6LE,51.583951,-0.248098,State,Primary,0.8,
101290,Manorside Primary School,Local authority maintained schools,Primary,No Special Classes,N3 2AB,51.600899,-0.180503,State,Primary,0.8,2
101291,Martin Junior School,Local authority maintained schools,Primary,No Special Classes,N2 9JP,51.594835,-0.168185,State,Primary,0.8,
101292,Martin Infant School,Local authority maintained schools,Primary,No Special Classes,N2 9JP,51.594835,-0.168185,State,Primary,0.8,
101293,Monkfrith Primary School,Local authority maintained schools,Primary,No Special Classes,N14 5NG,51.636764,-0.146307,State,Primary,0.8,2
101294,Moss Hall Junior School,Local authority maintained schools,Primary,No Special Classes,N3 1NR,51.610667,-0.186511,State,Primary,0.8,2
101295,Moss Hall Infant School,Local authority maintained schools,Primary,No Special Classes,N12 8PE,51.609791,-0.183888,State,Primary,0.8,2
101296,Northside Primary School,Local authority maintained schools,Primary,No Special Classes,N12 8JP,51.616097,-0.179404,State,Primary,0.8,2
101297,Summerside Primary School,Local authority maintained schools,Primary,No Special Classes,N12 0QU,51.609364,-0.168625,State,Primary,0.8,
101298,Woodridge Primary School,Local authority maintained schools,Primary,No Special Classes,N12 7HE,51.623925,-0.193683,State,Primary,0.8,2
101299,Tudor Primary School,Local authority maintained schools,Primary,No Special Classes,N3 2AG,51.600605,-0.178392,State,Primary,0.8,3
101302,Wessex Gardens Junior School,Local authority maintained schools,Primary,No Special Classes,NW11 9RR,51.572028,-0.208801,State,Primary,0.8,
101303,Wessex Gardens Infant School,Local authority maintained schools,Primary,No Special Classes,NW11 9RR,51.572028,-0.208801,State,Primary,0.8,
101308,Grahame Park Junior School,Local authority maintained schools,Primary,No Special Classes,NW9 5FN,51.601013,-0.250748,State,Primary,0.8,
101309,Chalgrove Primary School,Local authority maintained schools,Primary,No Special Classes,N3 3PL,51.592511,-0.205742,State,Primary,0.8,1
101310,Grahame Park Infant School,Local authority maintained schools,Primary,No Special Classes,NW9 5FN,51.601013,-0.250748,State,Primary,0.8,
101311,Sunnyfields Primary School,Local authority maintained schools,Primary,No Special Classes,NW4 4JH,51.59153,-0.232315,State,Primary,0.8,2
101312,Queenswell Infant & Nursery School,Local authority maintained schools,Primary,No Special Classes,N20 0NQ,51.627427,-0.170181,State,Primary,0.8,2
101313,Queenswell Junior School,Local authority maintained schools,Primary,No Special Classes,N20 0NQ,51.627427,-0.170181,State,Primary,0.8,2
101315,All Saints' CofE Primary School NW2,Local authority maintained schools,Primary,No Special Classes,NW2 2TH,51.562126,-0.199927,State,Primary,0.8,2
101317,Holy Trinity CofE Primary School,Local authority maintained schools,Primary,No Special Classes,N2 8GA,51.591443,-0.169216,State,Primary,0.8,2
101319,St John's CofE Junior Mixed and Infant School,Local authority maintained schools,Primary,No Special Classes,N11 3LB,51.616587,-0.153832,State,Primary,0.8,2
101320,St John's CofE Infant School,Local authority maintained schools,Primary,No Special Classes,NW4 3SL,51.585579,-0.227696,State,Primary,0.8,
101321,St John's CofE Primary and Nursery School,Local authority maintained schools,Primary,No Special Classes,N20 0PL,51.626556,-0.178335,State,Primary,0.8,2
101322,St Mary's CofE Junior School,Local authority maintained schools,Primary,No Special Classes,NW4 3SL,51.585579,-0.227696,State,Primary,0.8,
101323,St Mary's CofE Primary School,Local authority maintained schools,Primary,No Special Classes,N3 1BT,51.603604,-0.200222,State,Primary,0.8,2
101325,St Paul's CofE Primary School N11,Local authority maintained schools,Primary,No Special Classes,N11 1NQ,51.61631,-0.144208,State,Primary,0.8,2
101326,St Paul's CofE Primary School NW7,Local authority maintained schools,Primary,No Special Classes,NW7 1QU,51.620561,-0.23139,State,Primary,0.8,2
101327,"St Andrew's CofE Voluntary Aided Primary School, Totteridge",Local authority maintained schools,Primary,No Special Classes,N20 8NX,51.629911,-0.196421,State,Primary,0.8,2
101329,All Saints' CofE Nursery and Primary School N20,Local authority maintained schools,Primary,No Special Classes,N20 9EZ,51.629603,-0.169009,State,Primary,0.8,2
101331,Our Lady of Lourdes RC School,Local authority maintained schools,Primary,No Special Classes,N12 0JP,51.605087,-0.178039,State,Primary,0.8,2
101332,St Agnes' Catholic Primary School,Local authority maintained schools,Primary,No Special Classes,NW2 1RG,51.560495,-0.210884,State,Primary,0.8,1
101334,St Vincent's Catholic Primary School,Local authority maintained schools,Primary,No Special Classes,NW7 1EJ,51.617113,-0.223406,State,Primary,0.8,2
101335,St Theresa's Catholic Primary School,Local authority maintained schools,Primary,No Special Classes,N3 2TD,51.594595,-0.18806,State,Primary,0.8,2
101336,St Joseph's RC Infant School,Local authority maintained schools,Primary,No Special Classes,NW4 4TY,51.58729,-0.231455,State,Primary,0.8,
101337,St Joseph's Catholic Primary School,Local authority maintained schools,Primary,No Special Classes,NW4 4TY,51.58729,-0.231455,State,Primary,0.8,2
101338,Sacred Heart Roman Catholic Primary School,Local authority maintained schools,Primary,No Special Classes,N20 9JU,51.630089,-0.163817,State,Primary,0.8,2
101339,Blessed Dominic Catholic Primary School,Local authority maintained schools,Primary,No Special Classes,NW9 5PE,51.600831,-0.240936,State,Primary,0.8,1
101341,Menorah Primary School for Girls,Local authority maintained schools,Primary,No Special Classes,NW11 9SP,51.574481,-0.2069,State,Primary,0.8,1
101343,Independent Jewish Day School,Local authority maintained schools,Primary,No Special Classes,NW4 2AH,51.585391,-0.214698,State,Primary,0.8,
101345,Friern Barnet School,Local authority maintained schools,Secondary,No Special Classes,N11 3LS,51.616079,-0.154705,State,Secondary,2.0,2
101346,The Ravenscroft School A Technology College,Local authority maintained schools,Secondary,Has Special Classes,N20 8AZ,51.638846,-0.200344,State,Secondary,2.0,
101347,Whitefield School,Local authority maintained schools,Secondary,No Special Classes,NW2 1TR,51.573408,-0.219136,State,Secondary,2.0,
101349,Copthall School,Local authority maintained schools,Secondary,No Special Classes,NW7 2EP,51.608485,-0.232033,State,Secondary,2.0,
101350,Christ's College Finchley,Local authority maintained schools,Secondary,No Special Classes,N2 0SE,51.591119,-0.187131,State,Secondary,2.0,
101352,The Compton School,Local authority maintained schools,Secondary,No Special Classes,N12 0QG,51.608545,-0.161047,State,Secondary,2.0,
101353,Christ Church CofE Secondary School,Local authority maintained schools,Secondary,No Special Classes,N12 9HB,51.612667,-0.168218,State,Secondary,2.0,
101354,The Henrietta Barnett School,Local authority maintained schools,Secondary,No Special Classes,NW11 7BN,51.581087,-0.189161,State,Secondary,2.0,
101355,Dollis Junior School,Local authority maintained schools,Primary,No Special Classes,NW7 2BU,51.608683,-0.224313,State,Primary,0.8,
101356,Osidge Primary School,Local authority maintained schools,Primary,No Special Classes,N14 5HD,51.634335,-0.134311,State,Primary,0.8,
101357,Hendon School,Local authority maintained schools,Secondary,Has Special Classes,NW4 2HP,51.585708,-0.217818,State,Secondary,2.0,
101359,Mill Hill County High School,Local authority maintained schools,Secondary,No Special Classes,NW7 4LL,51.627753,-0.246311,State,Secondary,2.0,
101360,St Mary's CofE High School,Local authority maintained schools,Secondary,No Special Classes,NW4 1AB,51.592209,-0.223092,State,Secondary,2.0,
101361,St Michael's Catholic Grammar School,Local authority maintained schools,Secondary,No Special Classes,N12 7NJ,51.614398,-0.180642,State,Secondary,2.0,1
101362,Finchley Catholic High School,Local authority maintained schools,Secondary,No Special Classes,N12 8TA,51.622219,-0.181615,State,Secondary,2.0,2
101363,Ashmole School,Local authority maintained schools,Secondary,No Special Classes,N14 5RJ,51.632683,-0.136127,State,Secondary,2.0,
101364,St James' Catholic High School,Local authority maintained schools,Secondary,Not applicable,NW9 5PE,51.600831,-0.240936,State,Secondary,2.0,2
101365,Bishop Douglass School Finchley,Local authority maintained schools,Secondary,No Special Classes,N2 0SQ,51.594066,-0.178293,State,Secondary,2.0,
101366,Hasmonean High School,Local authority maintained schools,Secondary,No Special Classes,NW4 1NA,51.596474,-0.214407,State,Secondary,2.0,
101367,Mill Hill School Foundation,Independent schools,Not applicable,No Special Classes,NW7 1QS,51.618981,-0.230426,Private,Other,1.0,
101368,Hendon Preparatory School,Independent schools,Not applicable,No Special Classes,NW4 1TD,51.591505,-0.217042,Private,Other,1.0,
101369,The King Alfred School,Independent schools,Not applicable,No Special Classes,NW11 7HY,51.569411,-0.184806,Private,Other,1.0,
101371,Mill Hill School,Independent schools,Not applicable,No Special Classes,NW7 1QS,51.618981,-0.230426,Private,Other,1.0,
101372,The Mount School,Independent schools,Not applicable,No Special Classes,NW7 2RX,51.615432,-0.225205,Private,Other,1.0,
101375,Annemount School,Independent schools,Not applicable,No Special Classes,N2 0QN,51.579546,-0.175583,Private,Other,1.0,
101376,Mathilda Marks-Kennedy Jewish Primary School,Local authority maintained schools,Primary,No Special Classes,NW7 3RT,51.615928,-0.255954,State,Primary,0.8,2
101377,Golders Hill School,Independent schools,Not applicable,No Special Classes,NW11 7NP,51.575077,-0.195938,Private,Other,1.0,
101378,Goodwyn School,Independent schools,Not applicable,No Special Classes,NW7 4DB,51.617438,-0.23664,Private,Other,1.0,
101379,Hasmonean Preparatory School,Independent schools,Not applicable,No Special Classes,NW4 2PD,51.582123,-0.216269,Private,Other,1.0,
101381,Kerem School,Independent schools,Not applicable,No Special Classes,N2 0RE,51.583009,-0.1739,Private,Other,1.0,
101382,Pardes House Primary School,Independent schools,Not applicable,No Special Classes,N3 1SA,51.599079,-0.197744,Private,Other,1.0,
101383,St Martin's School,Independent schools,Not applicable,No Special Classes,NW7 3RG,51.615884,-0.247563,Private,Other,1.0,
101384,The Albany College,Independent schools,Not applicable,No Special Classes,NW4 2TL,51.583723,-0.222139,Private,Other,1.0,
101385,Pardes House Grammar School,Independent schools,Not applicable,No Special Classes,N3 1SA,51.599079,-0.197744,Private,Other,1.0,
101386,Kisharon School,Special schools,Not applicable,Has Special Classes,NW11 7HB,51.578083,-0.197839,Special,Other,1.0,
101388,Beth Jacob Grammar School for Girls,Independent schools,Not applicable,No Special Classes,NW4 2AT,51.587129,-0.217849,Private,Other,1.0,
101389,Akiva School At Levy House,Independent schools,Not applicable,No Special Classes,N3 2SY,51.59528,-0.189333,Private,Other,1.0,
101390,Menorah Foundation School,Independent schools,Not applicable,No Special Classes,NW2 1RP,51.56119,-0.208116,Private,Other,1.0,
101391,Dwight School London,Independent schools,Not applicable,No Special Classes,N11 3LX,51.614534,-0.159346,Private,Other,1.0,
101392,Torah Temimah Primary School,Independent schools,Not applicable,No Special Classes,NW2 6RJ,51.559323,-0.233248,Private,Other,1.0,
101393,Brampton College,Independent schools,Not applicable,No Special Classes,NW4 4DQ,51.588633,-0.222135,Private,Other,1.0,
101394,Oak Lodge School,Special schools,Not applicable,Has Special Classes,N2 0QY,51.589674,-0.177458,Special,Other,1.0,
101395,Northway School,Special schools,Not applicable,Has Special Classes,NW7 3HS,51.627391,-0.256425,Special,Other,1.0,1
101396,Oakleigh School & Acorn Assessment Centre,Special schools,Not applicable,Has Special Classes,N20 0DH,51.625218,-0.158841,Special,Other,1.0,1
101397,Mapledown School,Special schools,Not applicable,Has Special Classes,NW2 1TR,51.573408,-0.219136,Special,Other,1.0,2
101399,The Beeches Primary Centre,Local authority maintained schools,Not applicable,Not applicable,SE2 9TA,51.494639,0.123965,State,Other,1.0,
101432,Abbey Primary School,Local authority maintained schools,Primary,Has Special Classes,SE2 9TA,51.494639,0.123965,State,Primary,0.8,
101434,Dulverton Primary School,Local authority maintained schools,Primary,No Special Classes,SE9 3RH,51.43549,0.08099,State,Primary,0.8,2
101435,Southlake Primary School,Local authority maintained schools,Primary,Has Special Classes,SE2 9XB,51.497376,0.125303,State,Primary,0.8,
101440,Jubilee Primary School,Local authority maintained schools,Primary,No Special Classes,SE28 8JB,51.505367,0.12151,State,Primary,0.8,
101444,Castilion Primary School,Local authority maintained schools,Primary,No Special Classes,SE28 8QA,51.510298,0.12135,State,Primary,0.8,
101489,Curzon Nursery School & Family Wellbeing Centre,Local authority maintained schools,Nursery,Not applicable,NW10 9SD,51.545088,-0.250039,State,Other,1.0,2
101490,Fawood Nursery School & Family Wellbeing Centre,Local authority maintained schools,Nursery,Not applicable,NW10 8DX,51.542238,-0.261022,State,Other,1.0,2
101491,College Green School and Services,Local authority maintained schools,Nursery,Not applicable,NW10 3PH,51.536922,-0.227266,State,Other,1.0,1
101492,Granville Plus Nursery School,Local authority maintained schools,Nursery,Has Special Classes,NW6 5RA,51.532733,-0.197857,State,Other,1.0,2
101495,Anson Primary School,Local authority maintained schools,Primary,No Special Classes,NW2 4AB,51.553879,-0.219899,State,Primary,0.8,2
101496,Brentfield Primary School,Local authority maintained schools,Primary,No Special Classes,NW10 0SL,51.547027,-0.263753,State,Primary,0.8,2
101498,Carlton Vale Infant School,Local authority maintained schools,Primary,No Special Classes,NW6 5PX,51.532071,-0.200983,State,Primary,0.8,2
101499,Harlesden Primary School,Local authority maintained schools,Primary,No Special Classes,NW10 8UT,51.536864,-0.25396,State,Primary,0.8,2
101503,Kingsbury Green Primary School,Local authority maintained schools,Primary,Has Special Classes,NW9 9ND,51.584318,-0.270458,State,Primary,0.8,2
101504,Leopold Primary School,Local authority maintained schools,Primary,No Special Classes,NW10 9UR,51.544587,-0.247231,State,Primary,0.8,2
101507,Malorees Infant School,Local authority maintained schools,Primary,No Special Classes,NW6 7PB,51.541398,-0.214013,State,Primary,0.8,2
101508,Northview Junior and Infant School,Local authority maintained schools,Primary,No Special Classes,NW10 1RD,51.555496,-0.246711,State,Primary,0.8,2
101511,Roe Green Junior School,Local authority maintained schools,Primary,No Special Classes,NW9 9JL,51.589977,-0.272451,State,Primary,0.8,2
101512,Roe Green Infant School,Local authority maintained schools,Primary,No Special Classes,NW9 9JL,51.589977,-0.272451,State,Primary,0.8,2
101518,Wykeham Primary School,Local authority maintained schools,Primary,No Special Classes,NW10 0EX,51.562465,-0.254522,State,Primary,0.8,1
101520,Donnington Primary School,Local authority maintained schools,Primary,No Special Classes,NW10 3TL,51.541635,-0.233832,State,Primary,0.8,2
101521,The Stonebridge School,Local authority maintained schools,Primary,No Special Classes,NW10 8NG,51.540677,-0.263649,State,Primary,0.8,3
101522,Newfield Primary School,Local authority maintained schools,Primary,No Special Classes,NW10 3UD,51.542323,-0.243136,State,Primary,0.8,2
101523,Kensal Rise Primary School,Local authority maintained schools,Primary,Has Special Classes,NW6 6HJ,51.532658,-0.215883,State,Primary,0.8,
101524,Mitchell Brook Primary School,Local authority maintained schools,Primary,No Special Classes,NW10 9BX,51.547392,-0.255056,State,Primary,0.8,2
101525,Furness Primary School,Local authority maintained schools,Primary,No Special Classes,NW10 5YT,51.533837,-0.238561,State,Primary,0.8,
101527,Salusbury Primary School,Local authority maintained schools,Primary,No Special Classes,NW6 6RG,51.537705,-0.206572,State,Primary,0.8,2
101528,Oliver Goldsmith Primary School,Local authority maintained schools,Primary,No Special Classes,NW9 0BD,51.583254,-0.258676,State,Primary,0.8,2
101529,Gladstone Park Primary School,Local authority maintained schools,Primary,No Special Classes,NW10 1LB,51.551818,-0.231072,State,Primary,0.8,
101530,Mora Primary School,Local authority maintained schools,Primary,No Special Classes,NW2 6TD,51.558704,-0.224414,State,Primary,0.8,2
101531,Fryent Primary School,Local authority maintained schools,Primary,Has Special Classes,NW9 8JD,51.577816,-0.263099,State,Primary,0.8,2
101532,Braintcroft Primary School,Local authority maintained schools,Primary,No Special Classes,NW2 7LL,51.56454,-0.244718,State,Primary,0.8,
101533,Christ Church CofE Primary School,Local authority maintained schools,Primary,No Special Classes,NW6 7TE,51.540913,-0.204081,State,Primary,0.8,2
101534,John Keble CofE Primary School,Local authority maintained schools,Primary,No Special Classes,NW10 4DR,51.537905,-0.247157,State,Primary,0.8,2
101535,Princess Frederica CofE Primary School,Local authority maintained schools,Primary,No Special Classes,NW10 5TP,51.533002,-0.22491,State,Primary,0.8,2
101536,St Andrew and St Francis CofE Primary School,Local authority maintained schools,Primary,No Special Classes,NW2 5PE,51.549193,-0.236525,State,Primary,0.8,
101537,St Mary's CofE Primary School,Local authority maintained schools,Primary,No Special Classes,NW10 9JA,51.548374,-0.252091,State,Primary,0.8,2
101538,Our Lady of Grace Catholic Junior School,Local authority maintained schools,Primary,No Special Classes,NW2 6HS,51.561147,-0.233725,State,Primary,0.8,
101540,St Mary's RC Junior School,Local authority maintained schools,Primary,No Special Classes,NW6 5ST,51.534477,-0.197774,State,Primary,0.8,
101541,St Mary's RC Infant School,Local authority maintained schools,Primary,No Special Classes,NW6 5ST,51.534477,-0.197774,State,Primary,0.8,
101542,St Mary Magdalen's Catholic Junior School,Local authority maintained schools,Primary,No Special Classes,NW2 5BB,51.54836,-0.228999,State,Primary,0.8,2
101543,St Robert Southwell Catholic Primary School,Local authority maintained schools,Primary,No Special Classes,NW9 8YD,51.582504,-0.266932,State,Primary,0.8,1
101544,Convent of Jesus and Mary RC Infant School,Local authority maintained schools,Primary,No Special Classes,NW2 5AN,51.54838,-0.226763,State,Primary,0.8,1
101545,Our Lady of Lourdes Catholic Primary School,Local authority maintained schools,Primary,No Special Classes,NW10 8PP,51.540794,-0.26487,State,Primary,0.8,2
101547,Our Lady of Grace RC Infant and Nursery School,Local authority maintained schools,Primary,No Special Classes,NW2 6EU,51.563385,-0.225905,State,Primary,0.8,
101548,St Margaret Clitherow RC Primary School,Local authority maintained schools,Primary,No Special Classes,NW10 0BG,51.561768,-0.260897,State,Primary,0.8,
101551,Willesden High School,Local authority maintained schools,Secondary,No Special Classes,NW10 3ST,51.539966,-0.232902,State,Secondary,2.0,
101553,North West London Jewish Day School,Local authority maintained schools,Primary,No Special Classes,NW6 7PP,51.544766,-0.212006,State,Primary,0.8,
101554,Malorees Junior School,Local authority maintained schools,Primary,No Special Classes,NW6 7PB,51.541398,-0.214013,State,Primary,0.8,2
101555,St Joseph's Roman Catholic Primary School,Local authority maintained schools,Primary,No Special Classes,NW10 9LS,51.544264,-0.250878,State,Primary,0.8,1
101556,The Kilburn Park School Foundation,Local authority maintained schools,Primary,Has Special Classes,NW6 5RG,51.532213,-0.199666,State,Primary,0.8,2
101559,Kingsbury High School,Local authority maintained schools,Secondary,No Special Classes,NW9 9JR,51.589732,-0.274727,State,Secondary,2.0,
101560,Queens Park Community School,Local authority maintained schools,Secondary,No Special Classes,NW6 7BQ,51.540505,-0.218576,State,Secondary,2.0,
101561,Convent of Jesus and Mary Language College,Local authority maintained schools,Secondary,No Special Classes,NW10 4EP,51.538383,-0.246086,State,Secondary,2.0,
101564,Newman Catholic College,Local authority maintained schools,Secondary,No Special Classes,NW10 3RN,51.537588,-0.239209,State,Secondary,2.0,2
101565,John Kelly Boys' Technology College,Local authority maintained schools,Secondary,No Special Classes,NW2 7SN,51.563052,-0.241991,State,Secondary,2.0,
101566,John Kelly Girls' Technology College,Local authority maintained schools,Secondary,No Special Classes,NW2 7SN,51.563052,-0.241991,State,Secondary,2.0,
101570,Gower House School,Independent schools,Not applicable,No Special Classes,NW9 8RR,51.565208,-0.263666,Private,Other,1.0,
101572,St Nicholas School,Independent schools,Not applicable,No Special Classes,NW9 8PN,51.567177,-0.266044,Private,Other,1.0,
101573,"Ysgol Gymraeg Llundain, London Welsh School",Independent schools,Not applicable,No Special Classes,W7 1PD,51.521758,-0.334481,Private,Other,1.0,
101574,Islamia Primary School,Local authority maintained schools,Primary,No Special Classes,NW6 6PE,51.539614,-0.207939,State,Primary,0.8,2
101575,Islamia School for Girls',Independent schools,Not applicable,No Special Classes,NW6 6PE,51.539614,-0.207939,Private,Other,1.0,
101576,Al-Sadiq School,Independent schools,Not applicable,No Special Classes,NW6 6TP,51.539086,-0.21044,Private,Other,1.0,
101577,Beis Yaakov Primary School,Independent schools,Not applicable,No Special Classes,NW9 6NQ,51.591773,-0.257672,Private,Other,1.0,
101578,The Swaminarayan School,Independent schools,Not applicable,No Special Classes,NW10 8HE,51.547388,-0.259571,Private,Other,1.0,
101579,Woodfield School,Special schools,Not applicable,Has Special Classes,NW9 7LY,51.571808,-0.253904,Special,Other,1.0,
101580,Grove Park School,Special schools,Not applicable,Has Special Classes,NW9 0JY,51.590802,-0.263743,Special,Other,1.0,
101581,Phoenix Arch School,Special schools,Not applicable,Has Special Classes,NW10 0NQ,51.553587,-0.262825,Special,Other,1.0,2
101582,Manor School,Special schools,Not applicable,Has Special Classes,NW10 3NT,51.5362,-0.220546,Special,Other,1.0,
101583,The Village School,Special schools,Not applicable,Has Special Classes,NW9 0JY,51.590802,-0.263743,Special,Other,1.0,
101585,Alexandra Junior School,Local authority maintained schools,Primary,No Special Classes,SE26 5DS,51.420284,-0.047107,State,Primary,0.8,
101594,Stewart Fleming Primary School,Local authority maintained schools,Primary,Has Special Classes,SE20 7YB,51.402941,-0.058226,State,Primary,0.8,
101605,Mottingham Primary School,Local authority maintained schools,Primary,No Special Classes,SE9 4LW,51.429983,0.049564,State,Primary,0.8,
101606,Castlecombe Primary School,Local authority maintained schools,Primary,No Special Classes,SE9 4AT,51.42439,0.043344,State,Primary,0.8,
101607,Dorset Road Infant School,Local authority maintained schools,Primary,No Special Classes,SE9 4QX,51.435661,0.042668,State,Primary,0.8,
101628,Anerley Primary School,Local authority maintained schools,Primary,Has Special Classes,SE20 8BW,51.410946,-0.069189,State,Primary,0.8,
101629,Malcolm Primary School,Local authority maintained schools,Primary,Has Special Classes,SE20 8RH,,,State,Primary,0.8,
101630,Royston Primary School,Local authority maintained schools,Primary,No Special Classes,SE20 7QR,51.412332,-0.048596,State,Primary,0.8,
101631,James Dixon Primary School,Local authority maintained schools,Primary,Has Special Classes,SE20 8BW,51.410946,-0.069189,State,Primary,0.8,
101650,St John's Church of England Primary School,Local authority maintained schools,Primary,No Special Classes,SE20 8HU,51.41522,-0.055174,State,Primary,0.8,
101652,St Vincent's Catholic Primary School,Local authority maintained schools,Primary,No Special Classes,SE9 4JR,51.429105,0.044174,State,Primary,0.8,
101654,St Anthony's Roman Catholic Primary School,Local authority maintained schools,Primary,No Special Classes,SE20 8ES,51.409987,-0.05902,State,Primary,0.8,
101693,Eltham College,Independent schools,Not applicable,No Special Classes,SE9 4QF,51.43797,0.03867,Private,Other,1.0,
101702,Crosfield Nursery School,Local authority maintained schools,Nursery,No Special Classes,SE25 5BD,51.393833,-0.071865,State,Other,1.0,2
101714,Cypress Junior School,Local authority maintained schools,Primary,No Special Classes,SE25 4AU,51.407317,-0.081981,State,Primary,0.8,
101715,Cypress Primary School,Local authority maintained schools,Primary,No Special Classes,SE25 4AU,51.407317,-0.081981,State,Primary,0.8,
101732,Ryelands Primary School,Local authority maintained schools,Primary,No Special Classes,SE25 4QL,51.392572,-0.059829,State,Primary,0.8,
101736,South Norwood Primary School,Local authority maintained schools,Primary,Has Special Classes,SE25 5QP,51.395412,-0.072733,State,Primary,0.8,
101768,All Saints Infant School,Local authority maintained schools,Primary,No Special Classes,SE19 3LG,51.41283,-0.086985,State,Primary,0.8,
101776,Heavers Farm Primary School,Local authority maintained schools,Primary,No Special Classes,SE25 6LT,51.394513,-0.082647,State,Primary,0.8,2
101778,Downsview Primary and Nursery School,Local authority maintained schools,Primary,No Special Classes,SE19 3XE,51.414487,-0.10203,State,Primary,0.8,2
101783,Rockmount Primary School,Local authority maintained schools,Primary,No Special Classes,SE19 3ST,51.419396,-0.089803,State,Primary,0.8,1
101785,Norbury Manor Primary School,Local authority maintained schools,Primary,No Special Classes,SW16 5QR,51.410077,-0.128096,State,Primary,0.8,2
101787,All Saints CofE Primary School,Local authority maintained schools,Primary,No Special Classes,SE19 3LG,51.41283,-0.086985,State,Primary,0.8,2
101789,St Mark's CofE Primary School,Local authority maintained schools,Primary,No Special Classes,SE25 4JD,51.399168,-0.070965,State,Primary,0.8,
101795,St Joseph's RC Junior School,Local authority maintained schools,Primary,No Special Classes,SE19 3NU,51.421829,-0.100029,State,Primary,0.8,1
101796,St Thomas Becket Catholic Primary School,Local authority maintained schools,Primary,No Special Classes,SE25 5BN,51.389162,-0.070567,State,Primary,0.8,
101802,St Chad's Catholic Primary School,Local authority maintained schools,Primary,No Special Classes,SE25 6LR,51.394463,-0.083382,State,Primary,0.8,
101803,St Joseph's RC Infant School,Local authority maintained schools,Primary,No Special Classes,SE19 3NX,51.42238,-0.099632,State,Primary,0.8,2
101805,Westwood Girls' College for Languages and Arts,Local authority maintained schools,Secondary,No Special Classes,SE19 3UG,51.413627,-0.094487,State,Secondary,2.0,
101820,St Joseph's College,Local authority maintained schools,Secondary,No Special Classes,SE19 3HL,51.420714,-0.107281,State,Secondary,2.0,
101832,Henriette Le Forestier Preparatory School,Independent schools,Not applicable,No Special Classes,SE19 1RT,51.422248,-0.092662,Private,Other,1.0,
101833,Virgo Fidelis Convent School,Independent schools,Not applicable,No Special Classes,SE19 1RS,,,Private,Other,1.0,
101850,Harris City Technology College,Independent schools,Not applicable,No Special Classes,SE19 2JH,51.411674,-0.076795,Private,Other,1.0,
101856,Priory School,Special schools,Not applicable,Has Special Classes,SE19 3QN,51.42024,-0.094687,Special,Other,1.0,2
101858,Maples Nursery School and Children's Centre,Local authority maintained schools,Nursery,Not applicable,W3 7LL,51.509292,-0.261787,State,Other,1.0,3
101861,South Acton Childrens Centre,Local authority maintained schools,Nursery,Has Special Classes,W3 8RX,51.503825,-0.273407,State,Other,1.0,1
101863,Longfield Tutorial Centre,Local authority maintained schools,Not applicable,Not applicable,W5 2DH,51.515758,-0.308599,State,Other,1.0,
101864,Lower Boston Road Tutorial Centre,Local authority maintained schools,Not applicable,Not applicable,W7 2NR,51.507591,-0.341829,State,Other,1.0,
101866,Berrymede Junior School,Local authority maintained schools,Primary,No Special Classes,W3 8SJ,51.502321,-0.272629,State,Primary,0.8,
101867,Acton Gardens Primary School,Local authority maintained schools,Primary,No Special Classes,W3 8SJ,51.502321,-0.272629,State,Primary,0.8,2
101868,East Acton Primary School,Local authority maintained schools,Primary,No Special Classes,W3 7HA,51.51142,-0.256115,State,Primary,0.8,2
101870,North Ealing Primary School,Local authority maintained schools,Primary,No Special Classes,W5 1RP,51.525911,-0.318011,State,Primary,0.8,2
101873,St John's Primary School,Local authority maintained schools,Primary,Has Special Classes,W13 0SE,51.51192,-0.323095,State,Primary,0.8,1
101874,St Mark's Primary School,Local authority maintained schools,Primary,No Special Classes,W7 2NR,51.507591,-0.341829,State,Primary,0.8,2
101875,West Twyford Primary School,Local authority maintained schools,Primary,No Special Classes,NW10 7DN,51.534087,-0.28273,State,Primary,0.8,2
101876,West Acton Primary School,Local authority maintained schools,Primary,Has Special Classes,W3 0JL,51.517488,-0.279751,State,Primary,0.8,2
101877,Mayfield Primary School,Local authority maintained schools,Primary,No Special Classes,W7 3RT,51.520457,-0.347444,State,Primary,0.8,2
101881,Drayton Green Primary School,Local authority maintained schools,Primary,Has Special Classes,W13 0LA,51.515359,-0.323415,State,Primary,0.8,3
101882,Grange Infant School,Local authority maintained schools,Primary,No Special Classes,W5 4HN,51.503898,-0.305537,State,Primary,0.8,
101883,Grange Junior School,Local authority maintained schools,Primary,No Special Classes,W5 4HN,51.503898,-0.305537,State,Primary,0.8,
101888,Hobbayne Primary School,Local authority maintained schools,Primary,No Special Classes,W7 1HA,51.516098,-0.337397,State,Primary,0.8,2
101889,John Perryn Primary School,Local authority maintained schools,Primary,No Special Classes,W3 7PD,51.51914,-0.254566,State,Primary,0.8,2
101890,Southfield Primary School,Local authority maintained schools,Primary,No Special Classes,W4 1BD,51.50133,-0.256702,State,Primary,0.8,1
101895,Derwentwater Primary School,Local authority maintained schools,Primary,No Special Classes,W3 6SA,51.509999,-0.268822,State,Primary,0.8,2
101897,Fielding Primary School,Local authority maintained schools,Primary,No Special Classes,W13 9TE,51.501403,-0.320873,State,Primary,0.8,1
101904,Little Ealing Primary School,Local authority maintained schools,Primary,No Special Classes,W5 4EA,51.498049,-0.308362,State,Primary,0.8,2
101905,Oaklands Primary School,Local authority maintained schools,Primary,No Special Classes,W7 2DP,51.504594,-0.332168,State,Primary,0.8,1
101912,Montpelier Primary School,Local authority maintained schools,Primary,No Special Classes,W5 2QT,51.523337,-0.300966,State,Primary,0.8,2
101914,Hathaway Primary School,Local authority maintained schools,Primary,No Special Classes,W13 0DH,51.522764,-0.328736,State,Primary,0.8,
101915,Brentside Primary School,Local authority maintained schools,Primary,No Special Classes,W7 1JL,51.525245,-0.339414,State,Primary,0.8,
101917,Christ Church Church of England Junior School,Local authority maintained schools,Primary,No Special Classes,W5 2XA,51.513314,-0.306225,State,Primary,0.8,
101918,St Saviour's Church of England Infant and Nursery School,Local authority maintained schools,Primary,No Special Classes,W5 5DX,51.511012,-0.302491,State,Primary,0.8,
101919,Mount Carmel Catholic Primary School,Local authority maintained schools,Primary,No Special Classes,W5 4EA,51.498049,-0.308362,State,Primary,0.8,2
101923,St Gregory's Catholic Primary School,Local authority maintained schools,Primary,No Special Classes,W5 1SL,51.524101,-0.307799,State,Primary,0.8,2
101924,St Joseph's Catholic Primary School,Local authority maintained schools,Primary,No Special Classes,W7 3HU,51.5106,-0.337785,State,Primary,0.8,2
101926,St Vincent's Catholic Primary School,Local authority maintained schools,Primary,No Special Classes,W3 9JR,51.512495,-0.273454,State,Primary,0.8,1
101932,Acton High School,Local authority maintained schools,Secondary,No Special Classes,W3 8EY,51.505615,-0.280156,State,Secondary,2.0,
101933,Twyford Church of England High School,Local authority maintained schools,Secondary,No Special Classes,W3 9PP,51.509194,-0.281361,State,Secondary,2.0,
101939,Brentside High School,Local authority maintained schools,Secondary,No Special Classes,W7 1JJ,51.524691,-0.340948,State,Secondary,2.0,2
101941,The Ellen Wilkinson School for Girls,Local authority maintained schools,Secondary,No Special Classes,W3 0HW,51.517065,-0.286484,State,Secondary,2.0,1
101942,Drayton Manor High School,Local authority maintained schools,Secondary,No Special Classes,W7 1EU,51.515905,-0.335833,State,Secondary,2.0,
101944,Durston House School,Independent schools,Not applicable,No Special Classes,W5 2DR,51.516855,-0.306684,Private,Other,1.0,
101945,Harvington Prep School,Independent schools,Not applicable,No Special Classes,W5 2DS,51.516718,-0.307151,Private,Other,1.0,
101946,St Augustine's Priory,Independent schools,Not applicable,No Special Classes,W5 2JL,51.523816,-0.29498,Private,Other,1.0,
101947,St Benedict's School,Independent schools,Not applicable,No Special Classes,W5 2ES,51.520876,-0.306795,Private,Other,1.0,
101948,Barbara Speake Schools for Performing Arts,Independent schools,Not applicable,No Special Classes,W3 7EG,51.512927,-0.251042,Private,Other,1.0,
101949,Falcons School,Independent schools,Not applicable,No Special Classes,SW15 6PY,51.461783,-0.234053,Private,Other,1.0,
101950,Ealing College Upper School,Independent schools,Not applicable,No Special Classes,W13 8JS,51.516909,-0.319827,Private,Other,1.0,
101951,Manor House School,Independent schools,Not applicable,No Special Classes,W7 3EG,51.513211,-0.33929,Private,Other,1.0,
101952,St Angelo Preparatory School,Independent schools,Not applicable,No Special Classes,W5 2QP,51.522871,-0.301704,Private,Other,1.0,
101954,Notting Hill & Ealing High School GDST,Independent schools,Not applicable,No Special Classes,W13 8AX,51.521521,-0.316025,Private,Other,1.0,
101955,Clifton Lodge School,Independent schools,Not applicable,No Special Classes,W5 5BG,51.511456,-0.308946,Private,Other,1.0,
101956,St Benedict's Junior School,Independent schools,Not applicable,No Special Classes,W5 2XP,51.521097,-0.309021,Private,Other,1.0,
101957,King Fahad Academy,Independent schools,Not applicable,No Special Classes,W3 7HD,51.512516,-0.249371,Private,Other,1.0,
101958,The Japanese School,Independent schools,Not applicable,No Special Classes,W3 9PU,51.513483,-0.281372,Private,Other,1.0,
101959,Greek Secondary School of London,Independent schools,Not applicable,No Special Classes,N22 8LB,51.601005,-0.113787,Private,Other,1.0,
101960,Crofton Hill Education Establishment,Independent schools,Not applicable,No Special Classes,W5 2HP,51.519973,-0.298425,Private,Other,1.0,
101961,Orchard House School,Independent schools,Not applicable,No Special Classes,W4 1LB,51.496583,-0.257402,Private,Other,1.0,
101962,Avenue House School,Independent schools,Not applicable,No Special Classes,W13 8LS,51.51661,-0.319089,Private,Other,1.0,
101963,Aston House School,Independent schools,Not applicable,No Special Classes,W5 2RL,51.518353,-0.302117,Private,Other,1.0,
101966,Castlebar School,Special schools,Not applicable,Has Special Classes,W13 0DH,51.522764,-0.328736,Special,Other,1.0,1
101967,Cavendish School,Special schools,Not applicable,Has Special Classes,W13 0JG,51.51745,-0.328109,Special,Other,1.0,
101970,Springhallow School,Special schools,Not applicable,Has Special Classes,W13 0JG,51.51745,-0.328109,Special,Other,1.0,2
101971,St Ann's School,Special schools,Not applicable,Has Special Classes,W7 3JP,51.510366,-0.339047,Special,Other,1.0,1
101973,Newbury Unit,Local authority maintained schools,Not applicable,Not applicable,N9 7JR,51.631584,-0.062219,State,Other,1.0,
101975,Progress Centre,Local authority maintained schools,Not applicable,Not applicable,N9 9TT,51.622398,-0.075035,State,Other,1.0,
101976,Tuition Service,Local authority maintained schools,Not applicable,Not applicable,N18 2JQ,51.613093,-0.060971,State,Other,1.0,
101977,Brettenham Junior School,Local authority maintained schools,Primary,No Special Classes,N18 2ET,51.617899,-0.059567,State,Primary,0.8,
101978,Brettenham Infant School,Local authority maintained schools,Primary,Has Special Classes,N18 2ET,51.617899,-0.059567,State,Primary,0.8,
101987,The Eldon Federation Eldon Junior School,Local authority maintained schools,Primary,Has Special Classes,N9 8LG,51.629121,-0.049754,State,Primary,0.8,
101988,Eldon Primary School,Local authority maintained schools,Primary,Has Special Classes,N9 8LG,51.629121,-0.049754,State,Primary,0.8,
101989,Firs Farm Primary School,Local authority maintained schools,Primary,No Special Classes,N13 5QP,51.624025,-0.084314,State,Primary,0.8,2
101990,Fleecefield Primary School,Local authority maintained schools,Primary,No Special Classes,N18 2ES,51.618157,-0.059975,State,Primary,0.8,
101991,Galliard Primary School,Local authority maintained schools,Primary,Has Special Classes,N9 7PE,51.637812,-0.059237,State,Primary,0.8,
101992,Garfield Primary School,Local authority maintained schools,Primary,No Special Classes,N11 1BH,51.614,-0.136936,State,Primary,0.8,2
101995,Hazelbury Primary School,Local authority maintained schools,Primary,No Special Classes,N9 9TT,51.622398,-0.075035,State,Primary,0.8,
101996,Hazelwood Junior School,Local authority maintained schools,Primary,No Special Classes,N13 5HE,51.617784,-0.102027,State,Primary,0.8,2
101997,Hazelwood Infant School,Local authority maintained schools,Primary,No Special Classes,N13 5HE,51.617784,-0.102027,State,Primary,0.8,2
102000,Oakthorpe Junior School,Local authority maintained schools,Primary,No Special Classes,N13 6BY,51.61451,-0.090911,State,Primary,0.8,
102001,Oakthorpe Infants' School,Local authority maintained schools,Primary,No Special Classes,N13 6BY,51.61451,-0.090911,State,Primary,0.8,
102006,Tottenhall Infant School,Local authority maintained schools,Primary,No Special Classes,N13 6HX,51.611042,-0.10771,State,Primary,0.8,2
102007,Walker Primary School,Local authority maintained schools,Primary,No Special Classes,N14 7EG,51.625024,-0.126704,State,Primary,0.8,
102008,Highfield Junior School,Local authority maintained schools,Primary,No Special Classes,N21 3HE,51.62944,-0.094344,State,Primary,0.8,
102009,Highfield Infant School,Local authority maintained schools,Primary,No Special Classes,N21 3HE,51.62944,-0.094344,State,Primary,0.8,
102010,Hazelbury Junior School,Local authority maintained schools,Primary,No Special Classes,N9 9TT,51.622398,-0.075035,State,Primary,0.8,
102011,Houndsfield Primary School,Local authority maintained schools,Primary,Has Special Classes,N9 7RE,51.634865,-0.054536,State,Primary,0.8,
102013,Wilbury Primary School,Local authority maintained schools,Primary,Has Special Classes,N18 1DE,51.612867,-0.084972,State,Primary,0.8,
102016,Grange Park Primary School,Local authority maintained schools,Primary,No Special Classes,N21 1PP,51.647207,-0.108717,State,Primary,0.8,
102018,Cuckoo Hall Primary School,Local authority maintained schools,Primary,No Special Classes,N9 8DR,51.635974,-0.042292,State,Primary,0.8,
102019,Churchfield Primary School,Local authority maintained schools,Primary,No Special Classes,N9 9PL,51.630225,-0.066482,State,Primary,0.8,
102021,Bowes Primary School,Local authority maintained schools,Primary,Has Special Classes,N11 2HL,51.613738,-0.125566,State,Primary,0.8,
102022,De Bohun Primary School,Local authority maintained schools,Primary,Has Special Classes,N14 4AD,51.64335,-0.14137,State,Primary,0.8,2
102023,Raynham Primary School,Local authority maintained schools,Primary,Has Special Classes,N18 2JQ,51.613093,-0.060971,State,Primary,0.8,
102025,Eversley Primary School,Local authority maintained schools,Primary,No Special Classes,N21 1PD,51.643372,-0.112866,State,Primary,0.8,1
102026,St Michael at Bowes CofE Junior School,Local authority maintained schools,Primary,No Special Classes,N13 6JB,51.611057,-0.103636,State,Primary,0.8,2
102030,St Andrew's Southgate Primary School (CE),Local authority maintained schools,Primary,No Special Classes,N14 6JA,51.634182,-0.128089,State,Primary,0.8,2
102032,St John and St James CofE Primary School,Local authority maintained schools,Primary,No Special Classes,N18 2TL,51.610856,-0.067652,State,Primary,0.8,2
102035,St Paul's CofE Primary School,Local authority maintained schools,Primary,No Special Classes,N21 2RA,51.634597,-0.099633,State,Primary,0.8,2
102037,St Edmund's Catholic Primary School,Local authority maintained schools,Primary,No Special Classes,N9 7HJ,51.629281,-0.055657,State,Primary,0.8,2
102039,St Monica's RC Primary School,Local authority maintained schools,Primary,No Special Classes,N14 7HE,51.623053,-0.120414,State,Primary,0.8,2
102040,Our Lady of Lourdes Catholic Primary School,Local authority maintained schools,Primary,No Special Classes,N11 1RD,51.61547,-0.137772,State,Primary,0.8,2
102041,Latymer All Saints CofE Primary School,Local authority maintained schools,Primary,No Special Classes,N9 9RS,51.625124,-0.07021,State,Primary,0.8,2
102042,Wolfson Hillel Primary School,Local authority maintained schools,Primary,No Special Classes,N14 4LG,51.639852,-0.12839,State,Primary,0.8,
102045,Winchmore School,Local authority maintained schools,Secondary,No Special Classes,N21 3HS,51.629203,-0.091392,State,Secondary,2.0,2
102046,The Gladys Aylward School,Local authority maintained schools,Secondary,Has Special Classes,N18 1NB,51.618243,-0.08216,State,Secondary,2.0,
102051,Turin Grove School,Local authority maintained schools,Secondary,Has Special Classes,N9 8DQ,51.63286,-0.045894,State,Secondary,2.0,
102053,St Anne's Catholic High School for Girls,Local authority maintained schools,Secondary,No Special Classes,N13 5TY,51.616307,-0.107967,State,Secondary,2.0,1
102055,The Latymer School,Local authority maintained schools,Secondary,No Special Classes,N9 9TN,51.626025,-0.074116,State,Secondary,2.0,2
102056,Laurel Park School,Local authority maintained schools,Secondary,No Special Classes,N14 7HY,51.615057,-0.124254,State,Secondary,2.0,3
102060,Keble Preparatory School,Independent schools,Not applicable,No Special Classes,N21 1BG,51.635525,-0.103091,Private,Other,1.0,
102061,Palmers Green High School,Independent schools,Not applicable,No Special Classes,N21 3LJ,51.626092,-0.104179,Private,Other,1.0,
102062,Grange Park Preparatory School,Independent schools,Not applicable,No Special Classes,N21 2EA,51.641042,-0.095577,Private,Other,1.0,
102063,Salcombe Preparatory School,Independent schools,Not applicable,No Special Classes,N14 4PL,51.638013,-0.139984,Private,Other,1.0,
102064,Vita Et Pax School,Independent schools,Not applicable,No Special Classes,N14 4AT,51.644745,-0.138075,Private,Other,1.0,
102067,West Lea School,Special schools,Not applicable,Not applicable,N9 9TU,51.62345,-0.077245,Special,Other,1.0,1
102069,Oaktree School,Special schools,Not applicable,Has Special Classes,N14 4HN,51.643088,-0.14589,Special,Other,1.0,2
102071,Pembury House Nursery School,Local authority maintained schools,Nursery,Not applicable,N17 9XE,51.59848,-0.066416,State,Other,1.0,1
102072,Rowland Hill Nursery School,Local authority maintained schools,Nursery,Not applicable,N17 7LT,51.606262,-0.089683,State,Other,1.0,1
102073,Woodlands Park Nursery School and Childrens Centre,Local authority maintained schools,Nursery,Not applicable,N15 3SD,51.582069,-0.096081,State,Other,1.0,1
102074,Stroud Green Pre-School Centre,Local authority maintained schools,Nursery,Not applicable,N4 3HD,51.567889,-0.107842,State,Other,1.0,
102075,Haringey Pupil Referral Unit,Local authority maintained schools,Not applicable,Not applicable,N22 8DZ,51.60182,-0.114692,State,Other,1.0,
102076,Alexandra Junior School,Local authority maintained schools,Primary,No Special Classes,N22 6UH,51.595376,-0.116041,State,Primary,0.8,
102077,Alexandra Infant School,Local authority maintained schools,Primary,No Special Classes,N22 6UH,51.595376,-0.116041,State,Primary,0.8,
102078,Belmont Junior School,Local authority maintained schools,Primary,No Special Classes,N22 6RA,51.592766,-0.093627,State,Primary,0.8,2
102079,Belmont Infant School,Local authority maintained schools,Primary,No Special Classes,N22 6RA,51.592766,-0.093627,State,Primary,0.8,2
102080,Bounds Green Junior School,Local authority maintained schools,Primary,No Special Classes,N11 2QG,51.606178,-0.123985,State,Primary,0.8,2
102081,Bounds Green Infant School,Local authority maintained schools,Primary,No Special Classes,N11 2QG,51.606178,-0.123985,State,Primary,0.8,1
102082,Bruce Grove Junior School,Local authority maintained schools,Primary,No Special Classes,N17 6UH,51.593458,-0.072159,State,Primary,0.8,
102083,Bruce Grove Infant School,Local authority maintained schools,Primary,No Special Classes,N17 6UH,51.593458,-0.072159,State,Primary,0.8,
102084,Campsbourne Junior School,Local authority maintained schools,Primary,No Special Classes,N8 7AF,51.590473,-0.122091,State,Primary,0.8,2
102085,Campsbourne Infant School,Local authority maintained schools,Primary,No Special Classes,N8 7AF,51.590473,-0.122091,State,Primary,0.8,2
102086,Coleraine Park Primary School,Local authority maintained schools,Primary,Has Special Classes,N17 9XT,51.598425,-0.058174,State,Primary,0.8,
102087,The Devonshire Hill Nursery &  Primary School,Local authority maintained schools,Primary,No Special Classes,N17 8LB,51.606221,-0.081626,State,Primary,0.8,2
102088,Downhills Junior School,Local authority maintained schools,Primary,No Special Classes,N15 4AB,51.587646,-0.085729,State,Primary,0.8,
102089,Downhills Infant School,Local authority maintained schools,Primary,No Special Classes,N15 4AB,51.587646,-0.085729,State,Primary,0.8,
102090,Down Lane Junior School,Local authority maintained schools,Primary,No Special Classes,N17 9RB,51.595744,-0.066301,State,Primary,0.8,
102091,Earlsmead Primary School,Local authority maintained schools,Primary,No Special Classes,N15 4PW,51.583941,-0.068722,State,Primary,0.8,2
102092,Highgate Primary School,Local authority maintained schools,Primary,No Special Classes,N6 4ED,51.579854,-0.155018,State,Primary,0.8,1
102093,Lancasterian Junior School,Local authority maintained schools,Primary,No Special Classes,N17 8NN,51.601572,-0.071786,State,Primary,0.8,
102094,Lancasterian Primary School,Local authority maintained schools,Primary,No Special Classes,N17 8NN,51.601572,-0.071786,State,Primary,0.8,2
102095,Lordship Lane Junior School,Local authority maintained schools,Primary,No Special Classes,N22 5DD,51.598309,-0.094435,State,Primary,0.8,
102096,Lordship Lane Infant School,Local authority maintained schools,Primary,No Special Classes,N22 5DD,51.598309,-0.094435,State,Primary,0.8,
102097,Coldfall Primary School,Local authority maintained schools,Primary,No Special Classes,N10 1HS,51.597106,-0.153005,State,Primary,0.8,1
102098,Tetherdown Primary School,Local authority maintained schools,Primary,No Special Classes,N10 3BP,51.588279,-0.150389,State,Primary,0.8,2
102099,Noel Park Junior School,Local authority maintained schools,Primary,No Special Classes,N22 6LH,51.596048,-0.101951,State,Primary,0.8,
102100,Noel Park Infant School,Local authority maintained schools,Primary,No Special Classes,N22 6LH,51.596048,-0.101951,State,Primary,0.8,
102101,North Harringay Junior School,Local authority maintained schools,Primary,No Special Classes,N8 0NU,51.585713,-0.10625,State,Primary,0.8,
102102,North Harringay Infant School,Local authority maintained schools,Primary,No Special Classes,N8 0NU,51.585713,-0.10625,State,Primary,0.8,
102103,Parkhurst Infant School,Local authority maintained schools,Primary,No Special Classes,N17 9RB,51.595744,-0.066301,State,Primary,0.8,
102104,Risley Avenue Junior School,Local authority maintained schools,Primary,No Special Classes,N17 7AB,51.599143,-0.076669,State,Primary,0.8,
102105,Risley Avenue Infant School,Local authority maintained schools,Primary,No Special Classes,N17 7AB,51.599143,-0.076669,State,Primary,0.8,
102106,Rokesly Junior School,Local authority maintained schools,Primary,No Special Classes,N8 8NH,51.583053,-0.119149,State,Primary,0.8,2
102107,Rokesly Infant & Nursery School,Local authority maintained schools,Primary,No Special Classes,N8 8NH,51.583053,-0.119149,State,Primary,0.8,2
102108,Seven Sisters Junior School,Local authority maintained schools,Primary,Has Special Classes,N15 5QE,51.582884,-0.082652,State,Primary,0.8,
102109,Seven Sisters Infant School,Local authority maintained schools,Primary,No Special Classes,N15 5QE,51.582884,-0.082652,State,Primary,0.8,
102110,South Harringay Junior School,Local authority maintained schools,Primary,No Special Classes,N4 1BA,51.580566,-0.100445,State,Primary,0.8,1
102111,South Harringay Infant School,Local authority maintained schools,Primary,No Special Classes,N4 1BA,51.580566,-0.100445,State,Primary,0.8,2
102112,Stamford Hill Primary School,Local authority maintained schools,Primary,No Special Classes,N15 6HD,51.575655,-0.083808,State,Primary,0.8,
102113,Stroud Green Junior School,Local authority maintained schools,Primary,Has Special Classes,N4 3EX,51.567771,-0.107183,State,Primary,0.8,
102114,Stroud Green Infant School,Local authority maintained schools,Primary,No Special Classes,N4 3EX,51.567771,-0.107183,State,Primary,0.8,
102115,West Green Primary School,Local authority maintained schools,Primary,Has Special Classes,N15 3RT,51.584764,-0.093702,State,Primary,0.8,2
102116,Earlham Junior School,Local authority maintained schools,Primary,No Special Classes,N22 5HJ,51.602998,-0.110239,State,Primary,0.8,
102117,Earlham Infant School,Local authority maintained schools,Primary,No Special Classes,N22 5HJ,51.602998,-0.110239,State,Primary,0.8,
102118,Woodlands Park Junior School,Local authority maintained schools,Primary,No Special Classes,N15 3TD,51.58167,-0.092605,State,Primary,0.8,
102119,Woodlands Park Infant School,Local authority maintained schools,Primary,No Special Classes,N15 3TD,51.58167,-0.092605,State,Primary,0.8,
102120,Tiverton Primary School,Local authority maintained schools,Primary,No Special Classes,N15 6SP,51.577429,-0.08395,State,Primary,0.8,3
102121,Coleridge Primary School,Local authority maintained schools,Primary,No Special Classes,N8 8DN,51.576417,-0.12648,State,Primary,0.8,1
102122,Muswell Hill Junior School,Local authority maintained schools,Primary,No Special Classes,N10 3ST,51.591019,-0.141096,State,Primary,0.8,
102123,Muswell Hill Infant School,Local authority maintained schools,Primary,No Special Classes,N10 3ST,51.591019,-0.141096,State,Primary,0.8,
102124,Welbourne Primary School,Local authority maintained schools,Primary,No Special Classes,N15 4EA,51.587826,-0.067099,State,Primary,0.8,3
102125,Lea Valley Primary School,Local authority maintained schools,Primary,No Special Classes,N17 0PT,51.604237,-0.060511,State,Primary,0.8,2
102126,Nightingale Primary School,Local authority maintained schools,Primary,No Special Classes,N22 8ES,51.600389,-0.113466,State,Primary,0.8,
102127,Ferry Lane Primary School,Local authority maintained schools,Primary,No Special Classes,N17 9PP,51.586745,-0.059364,State,Primary,0.8,2
102128,Rhodes Avenue Primary School,Local authority maintained schools,Primary,No Special Classes,N22 7UT,51.600756,-0.137016,State,Primary,0.8,1
102129,Crowland Primary School,Local authority maintained schools,Primary,No Special Classes,N15 6UX,51.580626,-0.06726,State,Primary,0.8,1
102130,Weston Park Primary School,Local authority maintained schools,Primary,No Special Classes,N8 9WP,51.580592,-0.11264,State,Primary,0.8,1
102131,The Willow Primary School,Local authority maintained schools,Primary,No Special Classes,N17 6HW,51.596068,-0.08217,State,Primary,0.8,1
102132,St Aidan's Voluntary Controlled Primary School,Local authority maintained schools,Primary,No Special Classes,N4 4RR,51.575812,-0.110688,State,Primary,0.8,1
102133,St Paul's and All Hallows CofE Infant School,Local authority maintained schools,Primary,No Special Classes,N17 0HH,51.602715,-0.063695,State,Primary,0.8,
102134,The Green CofE Primary School,Local authority maintained schools,Primary,No Special Classes,N17 9EJ,51.589644,-0.069346,State,Primary,0.8,
102135,St Michael's CofE Voluntary Aided Primary School,Local authority maintained schools,Primary,No Special Classes,N6 4BG,51.573474,-0.150716,State,Primary,0.8,1
102136,St James Church of England Primary School,Local authority maintained schools,Primary,No Special Classes,N10 3JA,51.587232,-0.148454,State,Primary,0.8,2
102137,St Ann's CofE Primary School,Local authority maintained schools,Primary,No Special Classes,N15 5JG,51.582408,-0.084895,State,Primary,0.8,
102138,St Mary's CofE Junior School,Local authority maintained schools,Primary,No Special Classes,N8 7QN,51.587721,-0.121468,State,Primary,0.8,
102139,St Mary's CofE Primary School,Local authority maintained schools,Primary,No Special Classes,N8 7BU,51.58585,-0.115281,State,Primary,0.8,2
102140,St Michael's CofE Primary School,Local authority maintained schools,Primary,No Special Classes,N22 8HE,51.599307,-0.112774,State,Primary,0.8,
102141,St Paul's and All Hallows CofE Junior School,Local authority maintained schools,Primary,No Special Classes,N17 0TU,51.60548,-0.064472,State,Primary,0.8,
102142,Our Lady of Muswell Catholic Primary School,Local authority maintained schools,Primary,No Special Classes,N10 1PS,51.594426,-0.149591,State,Primary,0.8,1
102143,St Francis de Sales RC Junior School,Local authority maintained schools,Primary,No Special Classes,N17 8AZ,51.602964,-0.068969,State,Primary,0.8,2
102144,St Ignatius RC Primary School,Local authority maintained schools,Primary,No Special Classes,N15 6ND,51.576387,-0.07304,State,Primary,0.8,2
102145,St Mary's Priory RC Junior School,Local authority maintained schools,Primary,No Special Classes,N15 5RE,51.580487,-0.085654,State,Primary,0.8,2
102146,St Paul's Catholic Primary School,Local authority maintained schools,Primary,No Special Classes,N22 7SZ,51.597051,-0.114499,State,Primary,0.8,2
102147,St Mary's Priory RC Infant School,Local authority maintained schools,Primary,No Special Classes,N15 5RE,51.580487,-0.085654,State,Primary,0.8,2
102148,St Peter-in-Chains RC Infant School,Local authority maintained schools,Primary,No Special Classes,N8 9AJ,51.576262,-0.118506,State,Primary,0.8,2
102149,St Francis de Sales RC Infant School,Local authority maintained schools,Primary,No Special Classes,N17 8AZ,51.602964,-0.068969,State,Primary,0.8,2
102150,St Martin of Porres Catholic Primary School,Local authority maintained schools,Primary,No Special Classes,N11 2AF,51.607883,-0.133389,State,Primary,0.8,2
102151,St Gildas' Catholic Junior School,Local authority maintained schools,Primary,No Special Classes,N8 9EP,51.57577,-0.120373,State,Primary,0.8,2
102152,St John Vianney RC Primary School,Local authority maintained schools,Primary,No Special Classes,N15 3HD,51.585672,-0.096999,State,Primary,0.8,1
102153,Hornsey School for Girls,Local authority maintained schools,Secondary,No Special Classes,N8 9JF,51.581869,-0.114897,State,Secondary,2.0,2
102154,Highgate Wood Secondary School,Local authority maintained schools,Secondary,No Special Classes,N8 8RN,51.58203,-0.132831,State,Secondary,2.0,2
102155,Northumberland Park Community School,Local authority maintained schools,Secondary,No Special Classes,N17 0PG,51.604912,-0.063312,State,Secondary,2.0,
102156,Fortismere School,Local authority maintained schools,Secondary,No Special Classes,N10 1NE,51.592783,-0.150899,State,Secondary,2.0,2
102157,Gladesmore Community School,Local authority maintained schools,Secondary,No Special Classes,N15 6EB,51.580125,-0.065261,State,Secondary,2.0,1
102158,"Woodside High School, A Business & Enterprise Specialist School",Local authority maintained schools,Secondary,No Special Classes,N22 5QJ,51.603504,-0.100933,State,Secondary,2.0,
102159,The Langham School,Local authority maintained schools,Secondary,No Special Classes,N15 3RB,,,State,Secondary,2.0,
102160,St David and St Katharine CofE Secondary School,Local authority maintained schools,Secondary,No Special Classes,N8 7DT,51.586719,-0.117294,State,Secondary,2.0,
102161,St Thomas More Catholic School,Local authority maintained schools,Secondary,No Special Classes,N22 5HN,51.604294,-0.107499,State,Secondary,2.0,
102162,Channing School,Independent schools,Not applicable,No Special Classes,N6 5HF,51.570458,-0.143132,Private,Other,1.0,
102163,Highgate School,Independent schools,Not applicable,No Special Classes,N6 4AY,51.572041,-0.149417,Private,Other,1.0,
102164,Highfield School,Independent schools,Not applicable,No Special Classes,N6 4ET,51.577409,-0.14881,Private,Other,1.0,
102165,Norfolk House School,Independent schools,Not applicable,No Special Classes,N10 2EG,51.595447,-0.143066,Private,Other,1.0,
102166,Parkside Preparatory School,Independent schools,Not applicable,No Special Classes,N17 7AA,51.600257,-0.076607,Private,Other,1.0,
102167,The John Loughborough School,Local authority maintained schools,Secondary,No Special Classes,N17 9AD,51.589141,-0.055235,State,Secondary,2.0,
102168,Sunrise Primary School,Independent schools,Not applicable,No Special Classes,N17 0EX,51.607276,-0.064338,Private,Other,1.0,
102169,North London Rudolf Steiner School,Independent schools,Not applicable,No Special Classes,N8 7PN,51.588057,-0.120025,Private,Other,1.0,
102170,Montessori House,Independent schools,Not applicable,No Special Classes,N10 3LS,51.590725,-0.145829,Private,Other,1.0,
102171,Beis Chinuch Lebonos Girls School,Independent schools,Not applicable,No Special Classes,N4 2SH,51.571203,-0.090907,Private,Other,1.0,
102172,Woodstar School,Special schools,Not applicable,Has Special Classes,N10 1JP,51.603334,-0.154514,Special,Other,1.0,
102173,Limewood School,Special schools,Not applicable,Has Special Classes,N6 5AW,51.577635,-0.136908,Special,Other,1.0,
102174,Excelsior College,Independent schools,Not applicable,No Special Classes,N17 8JN,51.605779,-0.077703,Private,Other,1.0,
102175,Blanche Nevile School,Special schools,Not applicable,Not applicable,N10 1NJ,51.594208,-0.151173,Special,Other,1.0,2
102176,Vale School,Special schools,Not applicable,Has Special Classes,N17 0PG,51.604912,-0.063312,Special,Other,1.0,2
102177,The Brook Special Primary School,Special schools,Not applicable,Not applicable,N17 6HW,51.596068,-0.08217,Special,Other,1.0,1
102178,Riverside School,Special schools,Not applicable,Has Special Classes,N22 5QJ,51.603504,-0.100933,Special,Other,1.0,2
102179,Greenfields School,Special schools,Not applicable,Has Special Classes,N10 1JP,51.603334,-0.154514,Special,Other,1.0,
102470,Belmont Primary School,Local authority maintained schools,Primary,No Special Classes,W4 5UL,51.492916,-0.263606,State,Primary,0.8,2
102472,Cavendish Primary School,Local authority maintained schools,Primary,No Special Classes,W4 2RG,51.482203,-0.256092,State,Primary,0.8,2
102485,Grove Park Primary School,Local authority maintained schools,Primary,No Special Classes,W4 3JN,51.484743,-0.27217,State,Primary,0.8,Not judged
102503,Strand-on-the-Green Junior School,Local authority maintained schools,Primary,Has Special Classes,W4 3NX,51.48734,-0.281218,State,Primary,0.8,2
102504,Strand-on-the-Green Infant and Nursery School,Local authority maintained schools,Primary,Has Special Classes,W4 3NX,51.48734,-0.281218,State,Primary,0.8,2
102521,Hogarth Primary School,Local authority maintained schools,Primary,No Special Classes,W4 2JR,51.48807,-0.256963,State,Primary,0.8,
102529,"St Mary's Catholic Primary School ,Chiswick",Local authority maintained schools,Primary,No Special Classes,W4 2DF,51.488933,-0.258169,State,Primary,0.8,2
102532,Chiswick Community School,Local authority maintained schools,Secondary,No Special Classes,W4 3UN,51.481907,-0.259805,State,Secondary,2.0,
102547,Orchard House School,Independent schools,Not applicable,No Special Classes,W4 1LB,51.496583,-0.257402,Private,Other,1.0,
102550,International School of London,Independent schools,Not applicable,No Special Classes,W3 8LG,51.495763,-0.282904,Private,Other,1.0,
102551,ArtsEd Day School & Sixth Form,Independent schools,Not applicable,No Special Classes,W4 1LY,51.495961,-0.252412,Private,Other,1.0,
102573,Robin Hood Primary School,Local authority maintained schools,Primary,No Special Classes,SW15 3QL,51.42768,-0.26093,State,Primary,0.8,
102628,Dundonald Primary School,Local authority maintained schools,Primary,No Special Classes,SW19 3QH,51.416766,-0.207988,State,Primary,0.8,2
102629,Garfield Primary School,Local authority maintained schools,Primary,No Special Classes,SW19 8SB,51.422212,-0.184934,State,Primary,0.8,2
102633,Hollymount School,Local authority maintained schools,Primary,No Special Classes,SW20 0SQ,51.413278,-0.232356,State,Primary,0.8,2
102634,Joseph Hood Primary School,Local authority maintained schools,Primary,No Special Classes,SW20 9NS,51.406349,-0.215426,State,Primary,0.8,2
102635,Links Primary School,Local authority maintained schools,Primary,No Special Classes,SW17 9EH,51.42015,-0.155976,State,Primary,0.8,2
102638,Merton Abbey Primary School,Local authority maintained schools,Primary,No Special Classes,SW19 2JY,51.413668,-0.190118,State,Primary,0.8,2
102639,Merton Park Primary School,Local authority maintained schools,Primary,No Special Classes,SW19 3HQ,51.409739,-0.201303,State,Primary,0.8,1
102642,Pelham Primary School,Local authority maintained schools,Primary,No Special Classes,SW19 1NU,51.416435,-0.197574,State,Primary,0.8,2
102644,Poplar Primary School,Local authority maintained schools,Primary,No Special Classes,SW19 3JZ,51.403724,-0.199583,State,Primary,0.8,2
102647,Singlegate Primary School,Local authority maintained schools,Primary,No Special Classes,SW19 2NT,51.417616,-0.176213,State,Primary,0.8,1
102648,Wimbledon Park Primary School,Local authority maintained schools,Primary,No Special Classes,SW19 8EJ,51.438831,-0.196045,State,Primary,0.8,1
102651,Harland First School,Local authority maintained schools,Primary,No Special Classes,SW19 2UN,,,State,Primary,0.8,
102652,West Wimbledon Primary School,Local authority maintained schools,Primary,Has Special Classes,SW20 0BZ,51.405656,-0.236762,State,Primary,0.8,2
102659,Park House Middle School,Local authority maintained schools,Middle deemed primary,No Special Classes,SW19 7DZ,51.429982,-0.207197,State,Other,1.0,
102660,Stanford Primary School,Local authority maintained schools,Primary,No Special Classes,SW16 5HB,51.409859,-0.135856,State,Primary,0.8,
102662,Wimbledon Chase Primary School,Local authority maintained schools,Primary,Has Special Classes,SW19 3QB,51.412537,-0.213129,State,Primary,0.8,2
102663,All Saints' CofE Primary School,Local authority maintained schools,Primary,No Special Classes,SW19 1EB,51.418905,-0.183972,State,Primary,0.8,2
102664,St Matthew's CofE Primary School,Local authority maintained schools,Primary,No Special Classes,SW20 0SX,51.414211,-0.245378,State,Primary,0.8,2
102665,Holy Trinity CofE Primary School,Local authority maintained schools,Primary,No Special Classes,SW19 8PW,51.422466,-0.194978,State,Primary,0.8,1
102666,Bishop Gilpin CofE Primary School,Local authority maintained schools,Primary,No Special Classes,SW19 7EP,51.427372,-0.207041,State,Primary,0.8,1
102670,St Mary's Catholic Primary School,Local authority maintained schools,Primary,No Special Classes,SW19 1QL,51.41768,-0.200732,State,Primary,0.8,2
102671,St John Fisher RC Primary School,Local authority maintained schools,Primary,No Special Classes,SW20 9NA,51.397101,-0.228796,State,Primary,0.8,2
102672,The Priory CofE School,Local authority maintained schools,Primary,No Special Classes,SW19 8LX,51.424978,-0.1917,State,Primary,0.8,2
102673,Ricards Lodge High School,Local authority maintained schools,Secondary,Has Special Classes,SW19 7HB,51.428148,-0.206046,State,Secondary,2.0,1
102674,Raynes Park High School,Local authority maintained schools,Secondary,No Special Classes,SW20 0JL,51.403137,-0.239662,State,Secondary,2.0,2
102677,Rowan High School,Local authority maintained schools,Secondary,No Special Classes,SW16 5JF,51.409199,-0.142411,State,Secondary,2.0,
102679,Rutlish School,Local authority maintained schools,Secondary,Has Special Classes,SW20 9AD,51.409356,-0.208594,State,Secondary,2.0,Not judged
102681,Wimbledon College,Local authority maintained schools,Secondary,No Special Classes,SW19 4NS,51.418667,-0.221792,State,Secondary,2.0,2
102682,St Catherine's Catholic Middle School,Local authority maintained schools,Middle deemed secondary,No Special Classes,SW20 9NA,51.397101,-0.228796,State,Other,1.0,
102683,Ursuline High School Wimbledon,Local authority maintained schools,Secondary,No Special Classes,SW20 8HA,51.414024,-0.222821,State,Secondary,2.0,2
102684,King's College School,Independent schools,Not applicable,No Special Classes,SW19 4TT,51.42153,-0.226154,Private,Other,1.0,
102685,The Rowans School,Independent schools,Not applicable,No Special Classes,SW20 0EG,51.419251,-0.239662,Private,Other,1.0,
102686,Ursuline Preparatory School,Independent schools,Not applicable,No Special Classes,SW20 8HR,51.416213,-0.221859,Private,Other,1.0,
102687,Donhead Preparatory School,Independent schools,Not applicable,No Special Classes,SW19 4ND,51.420877,-0.219865,Private,Other,1.0,
102688,Hazelhurst School for Girls,Independent schools,Not applicable,No Special Classes,SW20 8HF,51.414961,-0.221735,Private,Other,1.0,
102689,The Study Preparatory School,Independent schools,Not applicable,No Special Classes,SW19 4UN,51.426563,-0.230735,Private,Other,1.0,
102690,Wimbledon Common Preparatory School,Independent schools,Not applicable,No Special Classes,SW19 4TA,51.419904,-0.222737,Private,Other,1.0,
102691,Wimbledon House School,Independent schools,Not applicable,No Special Classes,SW19 3EY,51.41296,-0.201953,Private,Other,1.0,
102692,Wimbledon High School GDST,Independent schools,Not applicable,No Special Classes,SW19 4AB,51.422475,-0.210842,Private,Other,1.0,
102693,Norwegian School in London,Independent schools,Not applicable,No Special Classes,SW20 8AH,51.415981,-0.225521,Private,Other,1.0,
102695,St Matthew's Montessori School,Independent schools,Not applicable,No Special Classes,SW20 0QN,51.411727,-0.235608,Private,Other,1.0,
102696,Cambridge House School,Special schools,Not applicable,Has Special Classes,SW20 8NP,51.41422,-0.229817,Special,Other,1.0,
102700,Edith Kerrison Nursery School,Local authority maintained schools,Nursery,Not applicable,E16 3PB,51.515424,0.027311,State,Other,1.0,2
102701,Kay Rowe Nursery School,Local authority maintained schools,Nursery,Not applicable,E7 0PH,51.548746,0.028172,State,Other,1.0,1
102702,Rebecca Cheetham Nursery and Children's Centre,Local authority maintained schools,Nursery,Not applicable,E15 3JT,51.535544,0.009907,State,Other,1.0,1
102703,Ronald Openshaw Nursery School,Local authority maintained schools,Nursery,Not applicable,E15 1JP,51.548843,0.000526,State,Other,1.0,1
102704,St Stephen's Nursery School,Local authority maintained schools,Nursery,Not applicable,E6 1AS,51.537641,0.037916,State,Other,1.0,1
102705,Sheringham Nursery School & Children's Centre,Local authority maintained schools,Nursery,Not applicable,E12 5PB,51.553434,0.05948,State,Other,1.0,1
102706,Oliver Thomas Nursery School,Local authority maintained schools,Nursery,Not applicable,E6 6BU,51.52872,0.06419,State,Other,1.0,1
102707,Oasis Nursery School,Local authority maintained schools,Nursery,Not applicable,E16 1ET,51.515528,0.01296,State,Other,1.0,
102708,Tunmarsh School,Local authority maintained schools,Not applicable,Not applicable,E13 9NB,51.525375,0.031703,State,Other,1.0,2
102709,Altmore Infant School,Local authority maintained schools,Primary,No Special Classes,E6 2BX,51.536351,0.057743,State,Primary,0.8,2
102710,Avenue Primary School,Local authority maintained schools,Primary,No Special Classes,E12 6AR,51.550731,0.050487,State,Primary,0.8,2
102711,Brampton Primary School,Local authority maintained schools,Primary,Has Special Classes,E6 3LB,51.524769,0.04589,State,Primary,0.8,1
102712,Carpenters Primary School,Local authority maintained schools,Primary,No Special Classes,E15 2JQ,51.536686,-0.005861,State,Primary,0.8,2
102713,Central Park Junior School,Local authority maintained schools,Primary,No Special Classes,E6 3DW,51.528696,0.042447,State,Primary,0.8,
102714,Central Park Infant School,Local authority maintained schools,Primary,No Special Classes,E6 3DW,51.528696,0.042447,State,Primary,0.8,
102715,Curwen Primary and Nursery School,Local authority maintained schools,Primary,No Special Classes,E13 0AG,51.530239,0.020861,State,Primary,0.8,
102716,Dersingham Primary School,Local authority maintained schools,Primary,No Special Classes,E12 5QJ,51.550678,0.061722,State,Primary,0.8,2
102717,Drew Primary School,Local authority maintained schools,Primary,No Special Classes,E16 2DP,51.502877,0.047085,State,Primary,0.8,
102718,Earlham Primary School,Local authority maintained schools,Primary,No Special Classes,E7 9AW,51.547112,0.016517,State,Primary,0.8,
102719,Elmhurst Primary School,Local authority maintained schools,Primary,No Special Classes,E7 8JY,51.539978,0.031272,State,Primary,0.8,
102720,Gainsborough Primary School,Local authority maintained schools,Primary,Has Special Classes,E15 3AF,51.524636,0.005693,State,Primary,0.8,
102721,Godwin Junior School,Local authority maintained schools,Primary,No Special Classes,E7 0JW,51.552108,0.030283,State,Primary,0.8,2
102722,Woodgrange Infant School,Local authority maintained schools,Primary,No Special Classes,E7 0NJ,51.550856,0.028323,State,Primary,0.8,2
102723,Grange Primary School,Local authority maintained schools,Primary,No Special Classes,E13 0HE,51.524821,0.016931,State,Primary,0.8,2
102724,Hallsville Primary School,Local authority maintained schools,Primary,No Special Classes,E16 1LN,51.512484,0.016861,State,Primary,0.8,
102725,Keir Hardie Primary School,Local authority maintained schools,Primary,No Special Classes,E16 1FZ,51.516474,0.02067,State,Primary,0.8,1
102726,Hartley Primary School,Local authority maintained schools,Primary,No Special Classes,E6 1NT,51.533176,0.049526,State,Primary,0.8,
102727,Kensington Primary School,Local authority maintained schools,Primary,No Special Classes,E12 6NN,51.542529,0.057214,State,Primary,0.8,
102728,Lathom Junior School,Local authority maintained schools,Primary,No Special Classes,E6 2DU,51.538067,0.052701,State,Primary,0.8,2
102729,Stratford Manor Primary School & Nursery,Local authority maintained schools,Primary,No Special Classes,E15 3BA,51.532701,0.007403,State,Primary,0.8,2
102730,Maryland Primary School,Local authority maintained schools,Primary,No Special Classes,E15 1SL,51.550689,0.009348,State,Primary,0.8,2
102731,Monega Primary School,Local authority maintained schools,Primary,No Special Classes,E12 6TT,51.545172,0.042363,State,Primary,0.8,
102732,Ranelagh Primary School,Local authority maintained schools,Primary,No Special Classes,E15 3DN,51.531673,0.009116,State,Primary,0.8,
102733,Nelson Primary School,Local authority maintained schools,Primary,No Special Classes,E6 2SE,51.533107,0.061187,State,Primary,0.8,
102734,New City Primary School,Local authority maintained schools,Primary,No Special Classes,E13 9NE,51.524633,0.037148,State,Primary,0.8,
102735,Odessa Infant School,Local authority maintained schools,Primary,No Special Classes,E7 9BY,51.550157,0.017792,State,Primary,0.8,2
102736,Park Primary School,Local authority maintained schools,Primary,No Special Classes,E15 4AE,51.54231,0.014416,State,Primary,0.8,2
102737,Portway Junior School,Local authority maintained schools,Primary,No Special Classes,E13 0JW,51.533615,0.019079,State,Primary,0.8,
102739,Ravenscroft Primary School,Local authority maintained schools,Primary,No Special Classes,E16 4BD,51.519794,0.022676,State,Primary,0.8,
102740,Roman Road Primary School,Local authority maintained schools,Primary,No Special Classes,E6 3SQ,51.520969,0.046138,State,Primary,0.8,2
102741,Rosetta Primary School,Local authority maintained schools,Primary,No Special Classes,E16 3PB,51.515424,0.027311,State,Primary,0.8,
102742,Salisbury Primary School,Local authority maintained schools,Primary,No Special Classes,E12 6TH,51.549121,0.047934,State,Primary,0.8,2
102743,Sandringham Infant School,Local authority maintained schools,Primary,No Special Classes,E7 8ED,51.546771,0.034675,State,Primary,0.8,
102744,Shaftesbury Primary School,Local authority maintained schools,Primary,No Special Classes,E7 8PF,51.53983,0.037697,State,Primary,0.8,
102745,William Davies Primary School,Local authority maintained schools,Primary,No Special Classes,E7 8NL,51.542057,0.039945,State,Primary,0.8,2
102746,Star Primary School,Local authority maintained schools,Primary,No Special Classes,E16 4NH,51.521471,0.007284,State,Primary,0.8,2
102747,Storey Primary School,Local authority maintained schools,Primary,No Special Classes,E16 2LS,51.501224,0.06495,State,Primary,0.8,
102748,St Stephen's Primary School,Local authority maintained schools,Primary,No Special Classes,E6 1AS,51.537641,0.037916,State,Primary,0.8,1
102749,Tollgate Primary School,Local authority maintained schools,Primary,Has Special Classes,E13 8SA,51.519729,0.0337,State,Primary,0.8,
102750,Upton Cross Primary School,Local authority maintained schools,Primary,No Special Classes,E13 0RJ,51.536247,0.029635,State,Primary,0.8,
102751,Winsor Primary School,Local authority maintained schools,Primary,No Special Classes,E6 5NA,51.509461,0.062959,State,Primary,0.8,2
102752,Colegrave Primary School,Local authority maintained schools,Primary,No Special Classes,E15 1JY,51.548404,0.001474,State,Primary,0.8,1
102753,Sheringham Primary School,Local authority maintained schools,Primary,No Special Classes,E12 5PB,51.553434,0.05948,State,Primary,0.8,
102754,Selwyn Primary School,Local authority maintained schools,Primary,No Special Classes,E13 0LX,51.536136,0.023083,State,Primary,0.8,
102755,Southern Road Primary School,Local authority maintained schools,Primary,No Special Classes,E13 9JH,51.530613,0.029399,State,Primary,0.8,2
102756,Sandringham Junior School,Local authority maintained schools,Primary,No Special Classes,E7 8ED,51.546771,0.034675,State,Primary,0.8,
102757,Scott Wilkie Primary School,Local authority maintained schools,Primary,No Special Classes,E16 3HD,51.512127,0.037469,State,Primary,0.8,
102758,Calverton Primary School,Local authority maintained schools,Primary,Has Special Classes,E16 3ET,51.511047,0.041672,State,Primary,0.8,3
102759,Ellen Wilkinson Primary School,Local authority maintained schools,Primary,No Special Classes,E6 5UP,51.516007,0.045022,State,Primary,0.8,2
102760,Cleves Primary School,Local authority maintained schools,Primary,No Special Classes,E6 1QP,51.533297,0.043144,State,Primary,0.8,
102761,North Beckton Primary School,Local authority maintained schools,Primary,No Special Classes,E6 5XG,51.51694,0.056436,State,Primary,0.8,
102762,Vicarage Primary School,Local authority maintained schools,Primary,No Special Classes,E6 6AD,51.526811,0.060744,State,Primary,0.8,
102763,Essex Primary School,Local authority maintained schools,Primary,Has Special Classes,E12 6QX,51.54609,0.055673,State,Primary,0.8,1
102764,St James' CofE Junior School,Local authority maintained schools,Primary,No Special Classes,E7 9DA,51.54992,0.017421,State,Primary,0.8,2
102765,West Ham Church Primary School,Local authority maintained schools,Primary,No Special Classes,E15 3QG,51.537054,0.01156,State,Primary,0.8,2
102766,St Luke's Primary School,Local authority maintained schools,Primary,No Special Classes,E16 1JB,51.513319,0.013771,State,Primary,0.8,2
102767,St Antony's RC Junior School,Local authority maintained schools,Primary,No Special Classes,E7 9QB,51.539076,0.026256,State,Primary,0.8,
102768,St Antony's Infant School,Local authority maintained schools,Primary,No Special Classes,E7 9QB,51.539076,0.026256,State,Primary,0.8,
102769,St Edward's Catholic Primary School,Local authority maintained schools,Primary,No Special Classes,E13 9AX,51.53311,0.036849,State,Primary,0.8,
102770,St Francis' Catholic Primary School,Local authority maintained schools,Primary,No Special Classes,E15 1HD,51.548597,0.005982,State,Primary,0.8,
102771,St Helen's Catholic Primary School,Local authority maintained schools,Primary,No Special Classes,E13 8DW,51.522589,0.017049,State,Primary,0.8,
102772,St Joachim's RC Primary School,Local authority maintained schools,Primary,No Special Classes,E16 3DT,51.511747,0.03088,State,Primary,0.8,
102773,St Michael's Catholic Primary School,Local authority maintained schools,Primary,No Special Classes,E6 6EE,51.530222,0.058,State,Primary,0.8,
102774,St Winefride's RC Primary School,Local authority maintained schools,Primary,No Special Classes,E12 6HB,51.548569,0.057919,State,Primary,0.8,
102775,Forest Gate Community School,Local authority maintained schools,Secondary,No Special Classes,E7 9BB,51.549362,0.022184,State,Secondary,2.0,
102776,Little Ilford School,Local authority maintained schools,Secondary,No Special Classes,E12 6JB,51.547269,0.061279,State,Secondary,2.0,2
102777,Rokeby School,Local authority maintained schools,Secondary,No Special Classes,E16 4DD,51.518739,0.015524,State,Secondary,2.0,
102778,Lister Community School,Local authority maintained schools,Secondary,No Special Classes,E13 9AE,51.531432,0.024706,State,Secondary,2.0,
102779,Woodside Community School,Local authority maintained schools,Secondary,Has Special Classes,E13 8RX,51.521849,0.032815,State,Secondary,2.0,
102780,Langdon School,Local authority maintained schools,Middle deemed secondary,Has Special Classes,E6 2PS,51.53228,0.065259,State,Other,1.0,
102781,Brampton Manor School,Local authority maintained schools,Secondary,No Special Classes,E6 3SQ,51.520969,0.046138,State,Secondary,2.0,
102782,Plashet School,Local authority maintained schools,Secondary,No Special Classes,E6 1DG,51.539728,0.049777,State,Secondary,2.0,2
102783,The Cumberland School,Local authority maintained schools,Secondary,No Special Classes,E13 8SJ,51.520523,0.033044,State,Secondary,2.0,
102784,Eastlea Community School,Local authority maintained schools,Secondary,Has Special Classes,E16 4NP,51.52383,0.010256,State,Secondary,2.0,
102785,Sarah Bonnell School,Local authority maintained schools,Secondary,No Special Classes,E15 4LP,51.542979,0.007408,State,Secondary,2.0,
102786,St Angela's Ursuline School,Local authority maintained schools,Secondary,No Special Classes,E7 8HU,51.542111,0.029636,State,Secondary,2.0,1
102787,St Bonaventure's RC School,Local authority maintained schools,Secondary,No Special Classes,E7 9QD,51.53864,0.025473,State,Secondary,2.0,1
102788,Stratford School,Local authority maintained schools,Secondary,No Special Classes,E7 9PR,51.54075,0.023057,State,Secondary,2.0,
102789,Grangewood Independent School,Independent schools,Not applicable,Has Special Classes,E7 8QT,51.540025,0.042003,Private,Other,1.0,
102790,The Cedar School,Independent schools,Not applicable,No Special Classes,E7 8NL,51.542057,0.039945,Private,Other,1.0,
102791,John F Kennedy Special School,Special schools,Not applicable,Has Special Classes,E15 4RZ,51.53818,0.003548,Special,Other,1.0,
102792,Beckton Special School,Special schools,Not applicable,Has Special Classes,E16 3LQ,51.516947,0.038535,Special,Other,1.0,
102793,Eleanor Smith School,Special schools,Not applicable,Has Special Classes,E13 9HN,51.529715,0.025134,Special,Other,1.0,
102823,Aldersbrook Primary School,Local authority maintained schools,Primary,Not applicable,E12 5HL,51.564393,0.037005,State,Primary,0.8,1
102824,Churchfields Junior School,Local authority maintained schools,Primary,No Special Classes,E18 2RB,51.598288,0.027027,State,Primary,0.8,
102825,Churchfields Infants' School,Local authority maintained schools,Primary,No Special Classes,E18 2RB,51.598288,0.027027,State,Primary,0.8,
102826,Oakdale Junior School,Local authority maintained schools,Primary,No Special Classes,E18 1JX,51.592625,0.032579,State,Primary,0.8,
102827,Oakdale Infants' School,Local authority maintained schools,Primary,No Special Classes,E18 1JU,51.592971,0.031324,State,Primary,0.8,
102832,Snaresbrook Primary School,Local authority maintained schools,Primary,No Special Classes,E18 2EN,51.586056,0.022932,State,Primary,0.8,2
102839,Nightingale Primary School,Local authority maintained schools,Primary,No Special Classes,E18 1PL,51.585181,0.032998,State,Primary,0.8,2
102841,Wanstead Church School,Local authority maintained schools,Primary,No Special Classes,E11 2SS,51.578564,0.023538,State,Primary,0.8,2
102843,Our Lady of Lourdes RC Primary School,Local authority maintained schools,Primary,No Special Classes,E11 2TA,51.574659,0.02055,State,Primary,0.8,
102851,Wanstead High School,Local authority maintained schools,Secondary,No Special Classes,E11 2JZ,51.575655,0.035762,State,Secondary,2.0,2
102865,St Joseph's Convent School,Independent schools,Not applicable,No Special Classes,E11 2PR,51.573912,0.022668,Private,Other,1.0,
102871,Snaresbrook Prep School,Independent schools,Not applicable,No Special Classes,E18 2EA,51.591633,0.022876,Private,Other,1.0,
102885,East Sheen Primary School,Local authority maintained schools,Primary,Has Special Classes,SW14 8ED,51.464956,-0.254388,State,Primary,0.8,1
102892,Lowther Primary School,Local authority maintained schools,Primary,No Special Classes,SW13 9AE,51.483469,-0.239697,State,Primary,0.8,2
102897,Sheen Mount Primary School,Local authority maintained schools,Primary,No Special Classes,SW14 7RT,51.461097,-0.275596,State,Primary,0.8,2
102902,Barnes Primary School,Local authority maintained schools,Primary,No Special Classes,SW13 0QQ,51.469444,-0.250185,State,Primary,0.8,1
102909,St Mary Magdalen's Catholic Primary School,Local authority maintained schools,Primary,No Special Classes,SW14 8HE,51.468592,-0.261204,State,Primary,0.8,2
102919,St Osmund's Catholic Primary School,Local authority maintained schools,Primary,No Special Classes,SW13 9HQ,51.474272,-0.245306,State,Primary,0.8,
102927,Shene School,Local authority maintained schools,Secondary,No Special Classes,SW14 8RG,51.463153,-0.25771,State,Secondary,2.0,
102937,Tower House School,Independent schools,Not applicable,No Special Classes,SW14 8LF,51.462571,-0.26817,Private,Other,1.0,
102942,St Paul's School,Independent schools,Not applicable,No Special Classes,SW13 9JT,51.487697,-0.237417,Private,Other,1.0,
102947,The Royal Ballet School,Independent schools,Not applicable,No Special Classes,WC2E 9DA,51.513208,-0.123166,Private,Other,1.0,
102948,The Swedish School,Independent schools,Not applicable,No Special Classes,SW13 9JS,51.486396,-0.237049,Private,Other,1.0,
102949,The Montessori Pavilion School,Independent schools,Not applicable,No Special Classes,SW13 0NE,51.466644,-0.248176,Private,Other,1.0,
102950,The Harrodian School,Independent schools,Not applicable,No Special Classes,SW13 9QN,51.480612,-0.247123,Private,Other,1.0,
103027,Low Hall Nursery School,Local authority maintained schools,Nursery,Not applicable,E17 8BE,51.577732,-0.030578,State,Other,1.0,1
103028,Church Hill Nursery School,Local authority maintained schools,Nursery,Not applicable,E17 9SB,51.58474,-0.014758,State,Other,1.0,1
103029,College Gardens Nursery,Local authority maintained schools,Nursery,Not applicable,E4 6XQ,51.62539,-0.013952,State,Other,1.0,
103030,Acacia Nursery,Local authority maintained schools,Nursery,Not applicable,E11 3HF,51.559651,0.010566,State,Other,1.0,1
103031,Chase Lane Junior School,Local authority maintained schools,Primary,No Special Classes,E4 8LA,51.614683,-0.022653,State,Primary,0.8,
103032,Chase Lane Primary School,Local authority maintained schools,Primary,No Special Classes,E4 8LA,51.614683,-0.022653,State,Primary,0.8,2
103033,Larkswood Junior School,Local authority maintained schools,Primary,No Special Classes,E4 8ET,51.617135,-0.013966,State,Primary,0.8,
103034,Larkswood Infants' School,Local authority maintained schools,Primary,No Special Classes,E4 8ET,51.617135,-0.013966,State,Primary,0.8,
103035,Longshaw Primary School,Local authority maintained schools,Primary,No Special Classes,E4 6LH,51.620292,0.004561,State,Primary,0.8,
103036,Whitehall Primary School,Local authority maintained schools,Primary,Has Special Classes,E4 6ES,51.626109,0.011421,State,Primary,0.8,2
103037,Yardley Primary School,Local authority maintained schools,Primary,No Special Classes,E4 7PH,51.640667,-0.006449,State,Primary,0.8,
103038,Barclay Junior School,Local authority maintained schools,Primary,No Special Classes,E10 6EJ,51.575756,-0.000933,State,Primary,0.8,
103039,Barclay Infants' School,Local authority maintained schools,Primary,No Special Classes,E10 6EJ,51.575756,-0.000933,State,Primary,0.8,
103040,Church Mead Junior School,Local authority maintained schools,Primary,No Special Classes,E10 7BH,51.565052,-0.020376,State,Primary,0.8,
103041,Davies Lane Junior School,Local authority maintained schools,Primary,No Special Classes,E11 3DR,51.564475,0.011904,State,Primary,0.8,
103042,Davies Lane Primary School,Local authority maintained schools,Primary,Has Special Classes,E11 3DR,51.564475,0.011904,State,Primary,0.8,
103043,Downsell Junior School,Local authority maintained schools,Primary,Has Special Classes,E15 2BS,51.553626,0.000578,State,Primary,0.8,
103044,Downsell Primary School,Local authority maintained schools,Primary,No Special Classes,E15 2BS,51.553626,0.000578,State,Primary,0.8,2
103045,Mayville Junior School,Local authority maintained schools,Primary,No Special Classes,E11 4PJ,51.561123,0.005523,State,Primary,0.8,
103046,Mayville Infants' School,Local authority maintained schools,Primary,No Special Classes,E11 4PZ,51.560702,0.004884,State,Primary,0.8,
103047,Newport Junior School,Local authority maintained schools,Primary,No Special Classes,E10 6PJ,51.564213,-0.002752,State,Primary,0.8,
103048,Newport School,Local authority maintained schools,Primary,No Special Classes,E10 6PJ,51.564213,-0.002752,State,Primary,0.8,1
103049,Sybourn Junior School,Local authority maintained schools,Primary,No Special Classes,E17 8HA,51.570777,-0.027155,State,Primary,0.8,
103050,Sybourn Primary School,Local authority maintained schools,Primary,No Special Classes,E17 8HA,51.570777,-0.027155,State,Primary,0.8,
103051,Chapel End Junior School,Local authority maintained schools,Primary,No Special Classes,E17 4LS,51.598143,-0.013914,State,Primary,0.8,
103052,Chapel End Infant School and Early Years Centre,Local authority maintained schools,Primary,No Special Classes,E17 4LN,51.599371,-0.013687,State,Primary,0.8,2
103053,Edinburgh Primary School,Local authority maintained schools,Primary,No Special Classes,E17 8QR,51.578701,-0.022973,State,Primary,0.8,2
103054,Greenleaf Primary School,Local authority maintained schools,Primary,No Special Classes,E17 6QW,51.588854,-0.025132,State,Primary,0.8,2
103055,Henry Maynard Junior School,Local authority maintained schools,Primary,No Special Classes,E17 9LT,51.582454,-0.009343,State,Primary,0.8,
103056,Roger Ascham Primary School,Local authority maintained schools,Primary,Has Special Classes,E17 5HU,51.598755,-0.026248,State,Primary,0.8,
103057,Selwyn Primary School,Local authority maintained schools,Primary,No Special Classes,E4 9NG,51.605361,-0.006898,State,Primary,0.8,
103058,Selwyn Infants' School,Local authority maintained schools,Primary,No Special Classes,E4 9NE,51.606223,-0.007872,State,Primary,0.8,
103059,Handsworth Primary School,Local authority maintained schools,Primary,No Special Classes,E4 9PJ,51.608547,0.003495,State,Primary,0.8,2
103060,Thorpe Hall Primary School,Local authority maintained schools,Primary,No Special Classes,E17 4DP,51.598046,-0.000836,State,Primary,0.8,2
103061,The Winns Primary School,Local authority maintained schools,Primary,No Special Classes,E17 5ET,51.595079,-0.024718,State,Primary,0.8,2
103062,Woodside Junior School,Local authority maintained schools,Primary,No Special Classes,E17 3JX,51.589575,-0.003994,State,Primary,0.8,
103063,Woodside Nursery and Infant School,Local authority maintained schools,Primary,No Special Classes,E17 3JX,51.589575,-0.003994,State,Primary,0.8,
103064,Chingford Hall Primary School,Local authority maintained schools,Primary,No Special Classes,E4 8YJ,51.608668,-0.023232,State,Primary,0.8,
103065,Edward Redhead Infant and Nursery School,Local authority maintained schools,Primary,No Special Classes,E17 6ED,51.592213,-0.033967,State,Primary,0.8,
103066,Edward Redhead Junior School,Local authority maintained schools,Primary,No Special Classes,E17 6ED,51.592213,-0.033967,State,Primary,0.8,
103067,Riverley Primary School,Local authority maintained schools,Primary,No Special Classes,E10 7BZ,51.566642,-0.019211,State,Primary,0.8,
103070,Henry Maynard Primary School,Local authority maintained schools,Primary,No Special Classes,E17 9JE,51.581488,-0.006441,State,Primary,0.8,2
103071,The Beaumont School,Local authority maintained schools,Primary,Has Special Classes,E10 5AZ,51.568948,-0.014695,State,Primary,0.8,
103072,South Grove Primary School,Local authority maintained schools,Primary,Has Special Classes,E17 8PW,51.578071,-0.027764,State,Primary,0.8,1
103073,Dawlish Primary School,Local authority maintained schools,Primary,No Special Classes,E10 6NN,51.56589,-0.00933,State,Primary,0.8,2
103074,Gwyn Jones Primary School,Local authority maintained schools,Primary,No Special Classes,E11 1EU,51.573087,0.003192,State,Primary,0.8,2
103075,George Tomlinson Primary School,Local authority maintained schools,Primary,No Special Classes,E11 4QN,51.567113,0.008586,State,Primary,0.8,2
103076,Thomas Gamuel Primary School,Local authority maintained schools,Primary,No Special Classes,E17 8LG,51.575143,-0.022045,State,Primary,0.8,
103077,Mission Grove Primary School,Local authority maintained schools,Primary,No Special Classes,E17 7EJ,51.583841,-0.031845,State,Primary,0.8,2
103078,Coppermill Primary School,Local authority maintained schools,Primary,Not applicable,E17 6PB,51.58255,-0.040143,State,Primary,0.8,2
103079,Stoneydown Park School,Local authority maintained schools,Primary,No Special Classes,E17 6JY,51.585799,-0.03547,State,Primary,0.8,2
103080,Buxton School,Local authority maintained schools,All-through,Has Special Classes,E11 3NN,51.557453,0.016556,State,Other,1.0,2
103081,Parkside Primary School,Local authority maintained schools,Primary,No Special Classes,E4 6RE,51.624046,-0.014257,State,Primary,0.8,2
103082,The Jenny Hammond Primary School,Local authority maintained schools,Primary,No Special Classes,E11 3JH,51.55573,0.007984,State,Primary,0.8,2
103083,Chingford CofE Voluntary Controlled Junior School,Local authority maintained schools,Primary,No Special Classes,E4 7BP,51.629887,0.004016,State,Primary,0.8,
103084,Chingford CofE Primary School,Local authority maintained schools,Primary,No Special Classes,E4 7EY,51.628668,0.002186,State,Primary,0.8,2
103085,St Mary's Catholic Primary School,Local authority maintained schools,Primary,No Special Classes,E4 7BJ,51.631162,0.00361,State,Primary,0.8,2
103086,St Joseph's Catholic Junior School,Local authority maintained schools,Primary,No Special Classes,E10 5DX,51.568924,-0.016413,State,Primary,0.8,2
103087,St Mary's Catholic Junior School,Local authority maintained schools,Primary,No Special Classes,E17 3EA,51.589132,-0.007536,State,Primary,0.8,
103088,St Patrick's Catholic Primary School,Local authority maintained schools,Primary,No Special Classes,E17 7DP,51.584911,-0.036115,State,Primary,0.8,2
103089,St Saviour's Church of England Primary School,Local authority maintained schools,Primary,No Special Classes,E17 8ER,51.57426,-0.029992,State,Primary,0.8,
103090,St Joseph's Catholic Infant School,Local authority maintained schools,Primary,No Special Classes,E10 7BL,51.564644,-0.023914,State,Primary,0.8,2
103091,St Helen's Catholic Infant School,Local authority maintained schools,Primary,No Special Classes,E17 9HU,51.582786,-0.007178,State,Primary,0.8,
103092,St Mary's Walthamstow CofE Voluntary Aided Primary School,Local authority maintained schools,Primary,No Special Classes,E17 9HJ,51.583437,-0.003151,State,Primary,0.8,
103093,Tom Hood Community Science College,Local authority maintained schools,Secondary,Has Special Classes,E11 3NT,51.558624,0.013853,State,Secondary,2.0,
103094,Frederick Bremer School,Local authority maintained schools,Secondary,Has Special Classes,E17 4EY,51.59452,-0.003936,State,Secondary,2.0,2
103095,Connaught School for Girls,Local authority maintained schools,Secondary,No Special Classes,E11 4AB,51.565648,0.004337,State,Secondary,2.0,
103096,George Mitchell School,Local authority maintained schools,All-through,No Special Classes,E10 5DN,51.568196,-0.013299,State,Other,1.0,
103097,Heathcote School & Science College,Local authority maintained schools,Secondary,Has Special Classes,E4 6ES,51.626109,0.011421,State,Secondary,2.0,2
103098,Norlington School and 6th Form,Local authority maintained schools,Secondary,No Special Classes,E10 6JZ,51.567455,-0.003029,State,Secondary,2.0,
103099,Warwick School for Boys,Local authority maintained schools,Secondary,No Special Classes,E17 3ND,51.585182,-0.002093,State,Secondary,2.0,
103100,Willowfield School,Local authority maintained schools,Secondary,Has Special Classes,E17 6ND,51.585657,-0.039345,State,Secondary,2.0,2
103101,Leytonstone School,Local authority maintained schools,Secondary,No Special Classes,E11 1JD,51.574432,0.007595,State,Secondary,2.0,2
103102,The McEntee School,Local authority maintained schools,Secondary,No Special Classes,E17 5DP,51.599489,-0.02444,State,Secondary,2.0,
103103,Walthamstow School for Girls,Local authority maintained schools,Secondary,No Special Classes,E17 9RZ,51.585208,-0.013727,State,Secondary,2.0,1
103104,Rush Croft Sports College,Local authority maintained schools,Secondary,Has Special Classes,E4 8SG,51.604231,-0.014486,State,Secondary,2.0,
103105,Kelmscott School,Local authority maintained schools,Secondary,No Special Classes,E17 8DN,51.575572,-0.028348,State,Secondary,2.0,2
103106,Holy Family Catholic School,Local authority maintained schools,Secondary,No Special Classes,E17 3EA,51.589132,-0.007536,State,Secondary,2.0,2
103107,Highams Park School,Local authority maintained schools,Secondary,Has Special Classes,E4 9PJ,51.608547,0.003495,State,Secondary,2.0,
103108,Chingford Foundation School,Local authority maintained schools,Secondary,Has Special Classes,E4 7LT,51.630015,-0.007205,State,Secondary,2.0,
103109,Whitefield Schools and Centre,Special schools,Not applicable,Has Special Classes,E17 4AZ,51.595235,-0.003169,Special,Other,1.0,
103110,Forest School,Independent schools,Not applicable,No Special Classes,E17 3PY,51.585588,0.009357,Private,Other,1.0,
103111,Hyland House School,Independent schools,Not applicable,No Special Classes,N17 9AB,51.592587,-0.06785,Private,Other,1.0,
103112,Normanhurst School,Independent schools,Not applicable,No Special Classes,E4 7BA,51.632732,0.006945,Private,Other,1.0,
103113,Forest Preparatory School,Independent schools,Not applicable,No Special Classes,E17 3PY,51.585588,0.009357,Private,Other,1.0,
103114,Joseph Clarke School,Special schools,Not applicable,Has Special Classes,E4 9PP,51.606256,0.002875,Special,Other,1.0,
103115,Hawkswood School and Centre,Special schools,Not applicable,Has Special Classes,E4 7RT,51.643143,-0.006615,Special,Other,1.0,
103116,Lea Green School (Special Needs),Special schools,Not applicable,Has Special Classes,E10 6DB,51.576694,-0.007964,Special,Other,1.0,
103118,William Morris School,Special schools,Not applicable,Has Special Classes,E17 5NT,51.601056,-0.033686,Special,Other,1.0,
103119,St Mary's and St John's CofE School,Local authority maintained schools,All-through,Not applicable,NW4 4QR,51.592732,-0.226161,State,Other,1.0,2
105135,St Paul's Academy,Academies,Secondary,Not applicable,SE2 9PX,51.49251,0.105412,State,Secondary,2.0,3
108892,Wandsworth Hospital and Home Tuition Service,Local authority maintained schools,Not applicable,Not applicable,SW17 0YG,51.435746,-0.169894,State,Other,1.0,1
109775,The Olive School,Local authority maintained schools,Not applicable,Not applicable,SW9 8ND,51.460651,-0.109502,State,Other,1.0,
121792,Springfield Community Primary School,Local authority maintained schools,Primary,Not applicable,N16 6DH,51.575164,-0.064317,State,Primary,0.8,1
126566,St Christopher's Nursery School,Local authority maintained schools,Nursery,Not applicable,NW1 1QR,51.532372,-0.134446,State,Other,1.0,
126567,Primrose Hill Infant School,Local authority maintained schools,Primary,Not applicable,NW1 8JL,51.539175,-0.151775,State,Primary,0.8,
126570,Hampstead Hill Pre-Preparatory School,Independent schools,Not applicable,Not applicable,NW3 1SB,51.555398,-0.173664,Private,Other,1.0,
126571,Davies College,Independent schools,Not applicable,Not applicable,WC1B 4BY,,,Private,Other,1.0,
126572,The Learning Centre School,Independent schools,Not applicable,Not applicable,NW1 7PP,51.537213,-0.145409,Private,Other,1.0,
126573,The Swan Phoenix School,Independent schools,Not applicable,Not applicable,NW3 5TH,51.549679,-0.178855,Private,Other,1.0,
126574,Holly Court School,Special schools,Not applicable,Has Special Classes,N6 6NA,51.567354,-0.155019,Special,Other,1.0,
126575,Franklin Delano Roosevelt School,Special schools,Not applicable,Has Special Classes,NW8 6HX,51.540902,-0.171317,Special,Other,1.0,
126576,John Keats Special School,Special schools,Not applicable,Has Special Classes,NW3 3NT,51.543075,-0.171735,Special,Other,1.0,
126579,Charlton Manor Junior School,Local authority maintained schools,Primary,Not applicable,SE7 7BE,51.478001,0.037401,State,Primary,0.8,
126580,Charlton Manor Infant School,Local authority maintained schools,Primary,Not applicable,SE7 7BE,51.478001,0.037401,State,Primary,0.8,
126581,Mulgrave Junior School,Local authority maintained schools,Primary,Not applicable,SE18 7QA,51.484891,0.08334,State,Primary,0.8,
126582,Wyborne Infant School,Local authority maintained schools,Primary,Not applicable,SE9 2EH,51.439851,0.070381,State,Primary,0.8,
126583,Horn Park Infant School,Local authority maintained schools,Primary,Not applicable,SE12 9BT,51.444131,0.026669,State,Primary,0.8,
126584,Mulgrave Infant and Nursery School,Local authority maintained schools,Primary,Not applicable,SE18 5DA,51.48926,0.06052,State,Primary,0.8,
126585,Foxfield Infant School,Local authority maintained schools,Primary,Not applicable,SE18 7EX,51.487143,0.076024,State,Primary,0.8,
126587,Rose Cottage School,Special schools,Not applicable,Has Special Classes,SE18 2JD,51.472839,0.091027,Special,Other,1.0,
126589,Hawthorn Cottage School,Special schools,Not applicable,Has Special Classes,SE18 2JD,51.472839,0.091027,Special,Other,1.0,
126590,Manormead School,Special schools,Not applicable,Has Special Classes,SE2 0HY,51.487045,0.101732,Special,Other,1.0,
126591,Amherst Junior School,Local authority maintained schools,Primary,Not applicable,E8 1AS,51.548766,-0.062451,State,Primary,0.8,
126592,Amherst Infant School,Local authority maintained schools,Primary,Not applicable,E8 1AS,51.548766,-0.062451,State,Primary,0.8,
126593,Berger Junior School,Local authority maintained schools,Primary,Not applicable,E9 6HB,51.546491,-0.04511,State,Primary,0.8,
126594,Berger Infant School,Local authority maintained schools,Primary,Not applicable,E9 6HB,51.546491,-0.04511,State,Primary,0.8,
126595,Daubeney Infant School,Local authority maintained schools,Primary,Not applicable,E5 0EG,51.552359,-0.037848,State,Primary,0.8,
126596,De Beauvoir Junior School,Local authority maintained schools,Primary,Not applicable,N1 4BZ,51.54536,-0.077321,State,Primary,0.8,
126597,De Beauvoir Infant School,Local authority maintained schools,Primary,Not applicable,N1 4BZ,51.54536,-0.077321,State,Primary,0.8,
126598,Millfields Junior School,Local authority maintained schools,Primary,Not applicable,E5 0SH,51.555869,-0.05094,State,Primary,0.8,
126599,Millfields Infant School,Local authority maintained schools,Primary,Not applicable,E5 0SH,51.555869,-0.05094,State,Primary,0.8,
126600,Northwold Junior School,Local authority maintained schools,Primary,Not applicable,E5 8RN,51.562658,-0.065035,State,Primary,0.8,
126601,Northwold Infants' School,Local authority maintained schools,Primary,Not applicable,E5 8RN,51.562658,-0.065035,State,Primary,0.8,
126602,Princess May Junior School,Local authority maintained schools,Primary,Not applicable,N16 8AJ,51.552397,-0.07649,State,Primary,0.8,
126603,Princess May Infants' School,Local authority maintained schools,Primary,Not applicable,N16 8AJ,51.552397,-0.07649,State,Primary,0.8,
126604,Shacklewell Junior School,Local authority maintained schools,Primary,Not applicable,E8 2EA,51.552827,-0.071496,State,Primary,0.8,
126605,Shacklewell Infants' School,Local authority maintained schools,Primary,Not applicable,E8 2EA,51.552827,-0.071496,State,Primary,0.8,
126606,Hackney Free and Parochial Junior School,Local authority maintained schools,Primary,Not applicable,E9 6DX,51.548073,-0.049932,State,Primary,0.8,
126607,Hackney Free and Parochial Infant School,Local authority maintained schools,Primary,Not applicable,E9 6DU,51.547587,-0.050457,State,Primary,0.8,
126609,Beis Ahaion School,Independent schools,Not applicable,Not applicable,N16 5ED,51.570796,-0.081415,Private,Other,1.0,
126610,Stoke Newington Mission Paradigm School,Independent schools,Not applicable,Not applicable,N16 7NY,51.559995,-0.073718,Private,Other,1.0,
126611,The Home School of Stoke Newington,Independent schools,Not applicable,Not applicable,N16 7AA,51.563783,-0.069446,Private,Other,1.0,
126614,Special Learning Centre Secondary Base,Local authority maintained schools,Not applicable,Not applicable,W6 9JJ,51.491896,-0.231406,State,Other,1.0,
126615,Canberra Infant School,Local authority maintained schools,Primary,Not applicable,W12 7PT,51.512593,-0.22935,State,Primary,0.8,
126616,Beaufort House School,Local authority maintained schools,Primary,Not applicable,SW6 1UF,51.485643,-0.199888,State,Primary,0.8,
126617,Harwood School,Local authority maintained schools,Primary,Not applicable,SW6 2HL,51.47827,-0.190587,State,Primary,0.8,
126618,Munster School,Local authority maintained schools,Primary,Not applicable,SW6 6AS,51.48187,-0.213633,State,Primary,0.8,
126619,Sherbrooke School,Local authority maintained schools,Primary,Not applicable,SW6 7QN,51.480293,-0.209906,State,Primary,0.8,
126621,St Thoma's RC Infant School,Local authority maintained schools,Primary,Not applicable,SW6 7HB,51.481763,-0.206652,State,Primary,0.8,
126622,St Edmund's School,Local authority maintained schools,Secondary,Not applicable,W6 8RB,51.489433,-0.217212,State,Secondary,2.0,
126623,St Mark's CofE School,Local authority maintained schools,Secondary,Not applicable,SW6 6ED,51.472859,-0.21361,State,Secondary,2.0,
126624,Carroll School,Independent schools,Not applicable,Not applicable,W14 9BU,51.491713,-0.211634,Private,Other,1.0,
126625,Marist Convent School,Independent schools,Not applicable,Not applicable,SW6 5NU,,,Private,Other,1.0,
126626,March Hare Montessori School,Independent schools,Not applicable,Not applicable,SW6 7EU,51.482729,-0.202207,Private,Other,1.0,
126627,John Aird School,Special schools,Not applicable,Has Special Classes,W12 9LB,51.503751,-0.248382,Special,Other,1.0,
126630,North Croft School,Special schools,Not applicable,Has Special Classes,W12 9QG,51.505219,-0.240732,Special,Other,1.0,
126631,Elizabeth Burgwin School,Special schools,Not applicable,Has Special Classes,W6 0LB,51.494763,-0.230704,Special,Other,1.0,
126632,Wedgwood School,Special schools,Not applicable,Has Special Classes,W14 9LY,51.488771,-0.204447,Special,Other,1.0,
126633,Hungerford Junior School,Local authority maintained schools,Primary,Not applicable,N7 9LF,51.548694,-0.126566,State,Primary,0.8,
126634,Hungerford Infant School,Local authority maintained schools,Primary,Not applicable,N7 9EB,51.549737,-0.122095,State,Primary,0.8,
126635,Newcourt Centre Christian School,Independent schools,Not applicable,Not applicable,N4 3PT,51.568996,-0.114,Private,Other,1.0,
126636,Classes Francophones De Londres,Independent schools,Not applicable,Not applicable,N19 3SZ,51.573188,-0.127565,Private,Other,1.0,
126638,Special Learning Centre,Other types,Not applicable,Not applicable,N7 9QJ,51.545124,-0.119848,State,Other,1.0,
126639,St Mary's RC Junior School,Local authority maintained schools,Primary,Not applicable,W10 5AW,51.525081,-0.210774,State,Primary,0.8,
126640,St Mary's RC Infant School,Local authority maintained schools,Primary,Not applicable,W10 5AW,51.525081,-0.210774,State,Primary,0.8,
126643,The American International School,Independent schools,Not applicable,Not applicable,W11 3BU,51.510309,-0.19808,Private,Other,1.0,
126644,Milestone College,Independent schools,Not applicable,Not applicable,SW7 5BW,51.494857,-0.182137,Private,Other,1.0,
126645,Greek Embassy School,Independent schools,Not applicable,Not applicable,W3 9JP,51.51332,-0.273942,Private,Other,1.0,
126646,Dolphin School,Independent schools,Not applicable,Not applicable,SW7 1JA,51.497875,-0.169814,Private,Other,1.0,
126647,L'Ecole Des Petits,Independent schools,Not applicable,Not applicable,SW6 2NB,51.471923,-0.190737,Private,Other,1.0,
126648,Prowess School,Independent schools,Not applicable,Not applicable,SW7 5PD,,,Private,Other,1.0,
126650,St Mary's RC Junior Girls' and Mixed Infant School,Local authority maintained schools,Primary,Not applicable,SW4 9QJ,51.45925,-0.138293,State,Primary,0.8,
126651,St Mary's RC Junior Boys' School,Local authority maintained schools,Primary,Not applicable,SW4 7AS,51.460284,-0.137718,State,Primary,0.8,
126652,Dick Sheppard School,Local authority maintained schools,Secondary,Not applicable,SW2 2QA,,,State,Secondary,2.0,
126653,Oakdale Preparatory School,Independent schools,Not applicable,Not applicable,SW16 2HL,51.426468,-0.125643,Private,Other,1.0,
126654,Hyde Farm School,Special schools,Not applicable,Has Special Classes,SW12 0HW,51.442731,-0.137741,Special,Other,1.0,
126655,Elfrida Infant School,Local authority maintained schools,Primary,Not applicable,SE6 3EN,51.428627,-0.023921,State,Primary,0.8,
126656,Gordonbrock Infant School,Local authority maintained schools,Primary,Not applicable,SE4 1JB,51.45468,-0.027143,State,Primary,0.8,
126657,Lee Manor Infant School,Local authority maintained schools,Primary,Not applicable,SE13 5LS,51.452352,0.001471,State,Primary,0.8,
126658,Marvels Lane Infant School,Local authority maintained schools,Primary,Not applicable,SE12 9RA,51.429178,0.032755,State,Primary,0.8,
126659,Turnham Infant School,Local authority maintained schools,Primary,Not applicable,SE4 2HH,51.459809,-0.042901,State,Primary,0.8,
126660,Catford School,Local authority maintained schools,Secondary,Not applicable,SE6 1AB,,,State,Secondary,2.0,
126661,Haberdashers Askes School,Local authority maintained schools,Secondary,Not applicable,SE14 5SF,51.467333,-0.043241,State,Secondary,2.0,
126662,Haberdashers Askes School,Local authority maintained schools,Secondary,Not applicable,SE14 5NY,51.473367,-0.041068,State,Secondary,2.0,
126663,St Theresa's RC School,Local authority maintained schools,Secondary,Not applicable,SE13 5DZ,,,State,Secondary,2.0,
126665,Hillcrest Community School,Independent schools,Not applicable,Not applicable,SE12 0PW,51.44478,0.014063,Private,Other,1.0,
126666,Alma Junior School,Local authority maintained schools,Primary,Not applicable,SE16 3XF,51.492771,-0.066382,State,Primary,0.8,
126667,Alma Infant School,Local authority maintained schools,Primary,Not applicable,SE16 3XF,51.492771,-0.066382,State,Primary,0.8,
126668,Oliver Goldsmith Junior School,Local authority maintained schools,Primary,Not applicable,SE5 8UH,51.474002,-0.081087,State,Primary,0.8,
126669,Oliver Goldsmith Infant School,Local authority maintained schools,Primary,Not applicable,SE5 8UH,51.474002,-0.081087,State,Primary,0.8,
126670,Surrey Square Junior School,Local authority maintained schools,Primary,Not applicable,SE17 2JY,51.488745,-0.082974,State,Primary,0.8,
126672,St Francis Infant School,Local authority maintained schools,Primary,Not applicable,SE15 1RQ,51.480031,-0.067051,State,Primary,0.8,
126673,Scott Lidgett School,Local authority maintained schools,Secondary,Not applicable,SE16 4EE,51.496107,-0.062553,State,Secondary,2.0,
126675,Woodstock School,Special schools,Not applicable,Has Special Classes,SE15 4DY,51.463094,-0.071769,Special,Other,1.0,
126676,St Bernard's School,Local authority maintained schools,Secondary,Not applicable,E2 6ET,51.524494,-0.066682,State,Secondary,2.0,
126677,St Philip Howard School,Local authority maintained schools,Secondary,Not applicable,E14 6ER,,,State,Secondary,2.0,
126678,Community College London for 2000,Independent schools,Not applicable,Not applicable,E1 1BY,51.519554,-0.059467,Private,Other,1.0,
126679,Broadwater Infant School,Local authority maintained schools,Primary,Not applicable,SW17 0DZ,51.430885,-0.173628,State,Primary,0.8,
126680,Eardley Infant School,Local authority maintained schools,Primary,Not applicable,SW16 6DH,51.421856,-0.140416,State,Primary,0.8,
126681,Falconbrook Infant School,Local authority maintained schools,Primary,Not applicable,SW11 2LX,51.468491,-0.17469,State,Primary,0.8,
126682,Hearnville Primary School,Local authority maintained schools,Primary,Not applicable,SW17 8RS,51.434895,-0.15344,State,Primary,0.8,
126683,Huntingfield School,Local authority maintained schools,Primary,Not applicable,SW15 5ER,51.456482,-0.240317,State,Primary,0.8,
126684,Latchmere Primary School,Local authority maintained schools,Primary,Not applicable,SW11 5AD,51.471392,-0.162364,State,Primary,0.8,
126685,Latchmere Infant School,Local authority maintained schools,Primary,Not applicable,SW11 4LR,51.472468,-0.163314,State,Primary,0.8,
126686,Sellincourt Infant School,Local authority maintained schools,Primary,Not applicable,SW17 9SA,51.423173,-0.167534,State,Primary,0.8,
126687,Earlsfield Infant School,Local authority maintained schools,Primary,Not applicable,SW18 3QQ,51.441436,-0.185942,State,Primary,0.8,
126688,Roehampton Gate School,Local authority maintained schools,Primary,Not applicable,SW15 4PD,51.452758,-0.253486,State,Primary,0.8,
126689,Beavers Holt Primary School,Local authority maintained schools,Primary,Not applicable,SW15 3EQ,51.437062,-0.243595,State,Primary,0.8,
126690,Danebury Primary School,Local authority maintained schools,Primary,Not applicable,SW15 4EG,,,State,Primary,0.8,
126691,Southmead Infant School,Local authority maintained schools,Primary,Not applicable,SW19 6QT,51.445216,-0.216056,State,Primary,0.8,
126692,Granard Infant School,Local authority maintained schools,Primary,Not applicable,SW15 6XA,51.455652,-0.232951,State,Primary,0.8,
126693,Heathmere Infant School,Local authority maintained schools,Primary,Not applicable,SW15 4LJ,51.444673,-0.24139,State,Primary,0.8,
126694,Joseph Tritton Infant School,Local authority maintained schools,Primary,Not applicable,SW11 2TY,,,State,Primary,0.8,
126695,Holy Trinity CofE Infant School,Local authority maintained schools,Primary,Not applicable,SW17 7SQ,51.437991,-0.162769,State,Primary,0.8,
126696,Walsingham School,Local authority maintained schools,Secondary,Not applicable,SW4 9AW,51.455671,-0.132062,State,Secondary,2.0,
126697,John Archer Boys' School,Local authority maintained schools,Secondary,Not applicable,SW18 3SB,,,State,Secondary,2.0,
126699,Montessori Nursery,Independent schools,Not applicable,Not applicable,SW19 8LR,51.422919,-0.201648,Private,Other,1.0,
126700,Classes Francophones De Londres,Independent schools,Not applicable,Not applicable,SW15 1PN,51.464233,-0.221174,Private,Other,1.0,
126701,Classes Francophones De Londres,Independent schools,Not applicable,Not applicable,SW11 5UW,51.468766,-0.156609,Private,Other,1.0,
126702,Wycliffe School,Special schools,Not applicable,Has Special Classes,SW11 5QS,51.469663,-0.154139,Special,Other,1.0,
126703,Meadway School,Special schools,Not applicable,Has Special Classes,SW18 3TB,51.437543,-0.184858,Special,Other,1.0,
126704,The Dragon Hospital School,Special schools,Not applicable,Has Special Classes,SW17 0QT,51.426682,-0.175694,Special,Other,1.0,
126706,Maryfields Tutorial Centre,Local authority maintained schools,Not applicable,Not applicable,W9 3AB,51.526675,-0.204483,State,Other,1.0,
126707,Queens Park Junior School,Local authority maintained schools,Primary,Not applicable,W10 4DQ,51.527468,-0.209325,State,Primary,0.8,
126708,Queens Park Infant School,Local authority maintained schools,Primary,Not applicable,W10 4DQ,51.527468,-0.209325,State,Primary,0.8,
126710,Eaton and Wallis School,Independent schools,Not applicable,Not applicable,W9 1DT,51.524143,-0.183132,Private,Other,1.0,
126711,Hyde Park School,Independent schools,Not applicable,Not applicable,W2 2AX,51.513923,-0.166648,Private,Other,1.0,
126728,Finchley Manorhill School,Local authority maintained schools,Secondary,Not applicable,N12 0QG,51.608545,-0.161047,State,Secondary,2.0,
126732,Friern Barnet Grammar School,Independent schools,Not applicable,Not applicable,N11 3DR,51.613655,-0.154904,Private,Other,1.0,
126735,Beis Yaakov Primary School,Independent schools,Not applicable,Not applicable,NW9 6NQ,51.591773,-0.257672,Private,Other,1.0,
126737,Royal School,Independent schools,Not applicable,Not applicable,NW3 5UD,51.554462,-0.174726,Private,Other,1.0,
126739,Partingdale School,Independent schools,Not applicable,Not applicable,NW7 1PS,51.611222,-0.203243,Private,Other,1.0,
126741,Mapledown School,Special schools,Not applicable,Has Special Classes,NW2 1TR,51.573408,-0.219136,Special,Other,1.0,
126742,Oakleigh School,Special schools,Not applicable,Has Special Classes,N20 0DH,51.625218,-0.158841,Special,Other,1.0,
126743,Barnet Special Tuition Service,Special schools,Not applicable,Has Special Classes,N12 9RU,51.622013,-0.175296,Special,Other,1.0,
126758,Braintcroft Junior School,Local authority maintained schools,Primary,Not applicable,NW2 7LL,51.56454,-0.244718,State,Primary,0.8,
126759,Braintcroft Infant School,Local authority maintained schools,Primary,Not applicable,NW2 7LL,51.56454,-0.244718,State,Primary,0.8,
126760,Bridge Junior School,Local authority maintained schools,Primary,Not applicable,NW10 9BX,51.547392,-0.255056,State,Primary,0.8,
126761,Bridge Infant School,Local authority maintained schools,Primary,Not applicable,NW10 9BX,51.547392,-0.255056,State,Primary,0.8,
126762,Mora Junior School,Local authority maintained schools,Primary,Not applicable,NW2 6TD,51.558704,-0.224414,State,Primary,0.8,
126763,Mora Infant School,Local authority maintained schools,Primary,Not applicable,NW2 6TD,51.558704,-0.224414,State,Primary,0.8,
126764,Furness Junior School,Local authority maintained schools,Primary,Not applicable,NW10 5YT,51.533837,-0.238561,State,Primary,0.8,
126765,Furness Infant School,Local authority maintained schools,Primary,Not applicable,NW10 5YT,51.533837,-0.238561,State,Primary,0.8,
126766,Fryent Junior School,Local authority maintained schools,Primary,Not applicable,NW9 8JD,51.577816,-0.263099,State,Primary,0.8,
126767,Fryent Infant School,Local authority maintained schools,Primary,Not applicable,NW9 8JD,51.577816,-0.263099,State,Primary,0.8,
126768,Gladstone Park Junior School,Local authority maintained schools,Primary,Not applicable,NW10 1LB,51.551818,-0.231072,State,Primary,0.8,
126769,Gladstone Park Infant School,Local authority maintained schools,Primary,Not applicable,NW10 1LB,51.551818,-0.231072,State,Primary,0.8,
126770,Oliver Goldsmith Junior School,Local authority maintained schools,Primary,Not applicable,NW9 0BD,51.583254,-0.258676,State,Primary,0.8,
126771,Oliver Goldsmith Infant School,Local authority maintained schools,Primary,Not applicable,NW9 0BD,51.583254,-0.258676,State,Primary,0.8,
126772,Salusbury Junior School,Local authority maintained schools,Primary,Not applicable,NW6 6RG,51.537705,-0.206572,State,Primary,0.8,
126773,Salusbury Infant School,Local authority maintained schools,Primary,Not applicable,NW6 6RG,51.537705,-0.206572,State,Primary,0.8,
126774,Stonebridge Junior School,Local authority maintained schools,Primary,Not applicable,NW10 8NG,51.540677,-0.263649,State,Primary,0.8,
126775,Stonebridge Infant School,Local authority maintained schools,Primary,Not applicable,NW10 8NG,51.540677,-0.263649,State,Primary,0.8,
126778,Chamberlayne Wood Junior and Infant School,Local authority maintained schools,Primary,Not applicable,NW10 3NT,51.5362,-0.220546,State,Primary,0.8,
126779,Aylestone Community School,Local authority maintained schools,Secondary,Not applicable,NW6 7BQ,51.540505,-0.218576,State,Secondary,2.0,
126780,Sladebrook High School,Local authority maintained schools,Secondary,Not applicable,NW10 8HE,51.547388,-0.259571,State,Secondary,2.0,
126781,South Kilburn School,Local authority maintained schools,Secondary,Not applicable,NW6 5RS,51.53107,-0.196135,State,Secondary,2.0,
126782,William Gladstone Community School,Local authority maintained schools,Secondary,Not applicable,NW2 6RJ,51.559323,-0.233248,State,Secondary,2.0,
126783,Brondesbury and Kilburn School,Local authority maintained schools,Secondary,Not applicable,NW6 6PE,51.539614,-0.207939,State,Secondary,2.0,
126784,Neasden High School,Local authority maintained schools,Secondary,Not applicable,NW10 0BG,51.561768,-0.260897,State,Secondary,2.0,
126785,Scott House School,Independent schools,Not applicable,Not applicable,NW10 4UE,51.534895,-0.24857,Private,Other,1.0,
126787,Coles Green School,Special schools,Not applicable,Has Special Classes,NW2 6HD,51.562386,-0.234182,Special,Other,1.0,
126788,Kingsbury Day School,Special schools,Not applicable,Has Special Classes,NW9 0JY,51.590802,-0.263743,Special,Other,1.0,
126810,Norbury Manor Junior School,Local authority maintained schools,Primary,Not applicable,SW16 5QR,51.410077,-0.128096,State,Primary,0.8,
126811,Norbury Manor Infant School,Local authority maintained schools,Primary,Not applicable,SW16 5QR,51.410077,-0.128096,State,Primary,0.8,
126825,Brentside Middle School,Local authority maintained schools,Middle deemed primary,Not applicable,W7 1JL,51.525245,-0.339414,State,Other,1.0,
126826,Brentside First School,Local authority maintained schools,Primary,Not applicable,W7 1LB,51.511474,-0.335361,State,Primary,0.8,
126829,Oaklands Middle School,Local authority maintained schools,Middle deemed primary,Not applicable,W7 2DP,51.504594,-0.332168,State,Other,1.0,
126830,Oaklands First School,Local authority maintained schools,Primary,Not applicable,W7 2DP,51.504594,-0.332168,State,Primary,0.8,
126831,Compton First School,Local authority maintained schools,Primary,Not applicable,W13 0JG,51.51745,-0.328109,State,Primary,0.8,
126832,Gurnell Middle School,Local authority maintained schools,Middle deemed primary,Not applicable,W13 0DH,51.522764,-0.328736,State,Other,1.0,
126835,Derwentwater First School,Local authority maintained schools,Primary,Not applicable,W3 6SA,51.509999,-0.268822,State,Primary,0.8,
126836,Derwentwater Middle School,Local authority maintained schools,Middle deemed primary,Not applicable,W3 6SA,51.509999,-0.268822,State,Other,1.0,
126839,Fielding First School,Local authority maintained schools,Primary,Not applicable,W13 9TE,51.501403,-0.320873,State,Primary,0.8,
126840,Fielding Middle School,Local authority maintained schools,Middle deemed primary,Not applicable,W13 9TE,51.501403,-0.320873,State,Other,1.0,
126849,Little Ealing First School,Local authority maintained schools,Primary,Not applicable,W5 4EA,51.498049,-0.308362,State,Primary,0.8,
126850,Little Ealing Middle School,Local authority maintained schools,Middle deemed primary,Not applicable,W5 4EA,51.498049,-0.308362,State,Other,1.0,
126851,Montpelier First School,Local authority maintained schools,Primary,Not applicable,W5 2RA,51.523772,-0.302492,State,Primary,0.8,
126852,Montpelier Middle School,Local authority maintained schools,Middle deemed primary,Not applicable,W5 2RA,51.523772,-0.302492,State,Other,1.0,
126870,Acton Green County First and Middle School,Local authority maintained schools,Middle deemed primary,Not applicable,W4 5AW,51.502213,-0.265933,State,Other,1.0,
126877,Ealing Green High School,Local authority maintained schools,Secondary,Not applicable,W5 5EW,51.510292,-0.306813,State,Secondary,2.0,
126878,The Ealing Dean Anglo-French School,Independent schools,Not applicable,Not applicable,W5 5BG,51.511456,-0.308946,Private,Other,1.0,
126879,Ealing and Hanwell Preparatory Education Trust,Independent schools,Not applicable,Not applicable,W13 8QH,51.51342,-0.316698,Private,Other,1.0,
126882,Bowes Junior School,Local authority maintained schools,Primary,Not applicable,N11 2HL,51.613738,-0.125566,State,Primary,0.8,
126883,Bowes Infant School,Local authority maintained schools,Primary,Not applicable,N11 2HL,51.613738,-0.125566,State,Primary,0.8,
126886,De Bohun Junior School,Local authority maintained schools,Primary,Not applicable,N14 4AD,51.64335,-0.14137,State,Primary,0.8,
126887,De Bohun Infant School,Local authority maintained schools,Primary,Not applicable,N14 4AD,51.64335,-0.14137,State,Primary,0.8,
126888,Eversley Junior School,Local authority maintained schools,Primary,Not applicable,N21 1PD,51.643372,-0.112866,State,Primary,0.8,
126889,Eversley Infant School,Local authority maintained schools,Primary,Not applicable,N21 1PD,51.643372,-0.112866,State,Primary,0.8,
126890,Raynham Junior School,Local authority maintained schools,Primary,Not applicable,N18 2JQ,51.613093,-0.060971,State,Primary,0.8,
126891,Raynham Infant School,Local authority maintained schools,Primary,Not applicable,N18 2JQ,51.613093,-0.060971,State,Primary,0.8,
126893,St Angela's RC School for Girls,Local authority maintained schools,Secondary,Not applicable,N13 5TY,51.616307,-0.107967,State,Secondary,2.0,
126895,Newriver Christian School,Independent schools,Not applicable,Not applicable,N13 4RS,51.610898,-0.116093,Private,Other,1.0,
126896,New Rainbow School,Independent schools,Not applicable,Not applicable,N13 4RS,51.610898,-0.116093,Private,Other,1.0,
126897,The Hornsey Centre for Children,Independent schools,Not applicable,Not applicable,N10 2PT,51.591956,-0.140653,Private,Other,1.0,
126899,Crowland Junior School,Local authority maintained schools,Primary,Not applicable,N15 6UX,51.580626,-0.06726,State,Primary,0.8,
126900,Crowland Infant School,Local authority maintained schools,Primary,Not applicable,N15 6UX,51.580626,-0.06726,State,Primary,0.8,
126901,Highgate Infant School,Local authority maintained schools,Primary,Not applicable,N6 4ED,51.579854,-0.155018,State,Primary,0.8,
126902,Broadwater Farm Infant School,Local authority maintained schools,Primary,Not applicable,N17 6HZ,51.596854,-0.080173,State,Primary,0.8,
126903,Welbourne Infant School,Local authority maintained schools,Primary,Not applicable,N17 9PB,51.588603,-0.065146,State,Primary,0.8,
126904,Coleridge Infant School,Local authority maintained schools,Primary,Not applicable,N8 8AT,51.575378,-0.128457,State,Primary,0.8,
126905,Broadwater Farm Junior School,Local authority maintained schools,Primary,Not applicable,N17 6HW,51.596068,-0.08217,State,Primary,0.8,
126906,Somerset School,Local authority maintained schools,Secondary,Not applicable,N17 8HL,51.607014,-0.078459,State,Secondary,2.0,
126908,Whittingham School,Independent schools,Not applicable,Not applicable,N10 3NH,51.588879,-0.145673,Private,Other,1.0,
126912,Beehive School,Independent schools,Not applicable,Not applicable,N22 8PA,51.60244,-0.116356,Private,Other,1.0,
126943,Hogarth Junior School,Local authority maintained schools,Primary,Not applicable,W4 2JR,51.48807,-0.256963,State,Primary,0.8,
126944,Hogarth Infant School,Local authority maintained schools,Primary,Not applicable,W4 2JR,51.48807,-0.256963,State,Primary,0.8,
126956,Bushey County Middle School,Local authority maintained schools,Middle deemed secondary,Not applicable,SW20 0BZ,51.405656,-0.236762,State,Other,1.0,
126960,Park House Middle School,Local authority maintained schools,Middle deemed secondary,Not applicable,SW19 7DZ,51.429982,-0.207197,State,Other,1.0,
126962,Wimbledon Chase County Middle School,Local authority maintained schools,Middle deemed secondary,Not applicable,SW19 3QB,51.412537,-0.213129,State,Other,1.0,
126963,Stanford County Middle School,Local authority maintained schools,Middle deemed secondary,Not applicable,SW16 5HB,51.409859,-0.135856,State,Other,1.0,
126969,The Pre-Preparatory School,Independent schools,Not applicable,Not applicable,SW19 7PR,51.426395,-0.211409,Private,Other,1.0,
126970,St Matthew's Montessori School,Independent schools,Not applicable,Not applicable,SW20 0QN,51.411727,-0.235608,Private,Other,1.0,
126971,Emmanuel Home School,Independent schools,Not applicable,Not applicable,SW19 3QR,51.416084,-0.207525,Private,Other,1.0,
126973,William Wilberforce School,Special schools,Not applicable,Has Special Classes,SW19 4UN,51.426563,-0.230735,Special,Other,1.0,
126974,Avenue Infant School,Local authority maintained schools,Primary,Not applicable,E12 6AR,51.550731,0.050487,State,Primary,0.8,
126975,Brampton Infant School,Local authority maintained schools,Primary,Not applicable,E6 3LB,51.524769,0.04589,State,Primary,0.8,
126976,Curwen Infant School,Local authority maintained schools,Primary,Not applicable,E13 0AG,51.530239,0.020861,State,Primary,0.8,
126977,Elmhurst Infant School,Local authority maintained schools,Primary,Not applicable,E7 9PG,51.540166,0.027141,State,Primary,0.8,
126978,Essex Infant School,Local authority maintained schools,Primary,Not applicable,E12 6QX,51.54609,0.055673,State,Primary,0.8,
126979,Essex Junior School,Local authority maintained schools,Primary,Not applicable,E12 6QX,51.54609,0.055673,State,Primary,0.8,
126980,Hallsville Infant School,Local authority maintained schools,Primary,Not applicable,E16 1LN,51.512484,0.016861,State,Primary,0.8,
126981,Keir Hardie Infant School,Local authority maintained schools,Primary,Not applicable,E16 1PZ,51.516339,0.018589,State,Primary,0.8,
126982,Hartley Infant School,Local authority maintained schools,Primary,Not applicable,E6 1NT,51.533176,0.049526,State,Primary,0.8,
126983,Maryland Infant School,Local authority maintained schools,Primary,Not applicable,E15 1SL,51.550689,0.009348,State,Primary,0.8,
126984,Nelson Infant School,Local authority maintained schools,Primary,Not applicable,E6 2SE,51.533107,0.061187,State,Primary,0.8,
126985,Park Infant School,Local authority maintained schools,Primary,Not applicable,E15 4AB,51.542476,0.015217,State,Primary,0.8,
126986,Ravenscroft Infant School,Local authority maintained schools,Primary,Not applicable,E16 4BD,51.519794,0.022676,State,Primary,0.8,
126987,Salisbury Infant School,Local authority maintained schools,Primary,Not applicable,E12 5AF,51.549822,0.045946,State,Primary,0.8,
126988,Star Infant School,Local authority maintained schools,Primary,Not applicable,E16 4NH,51.521471,0.007284,State,Primary,0.8,
126990,Tollgate Infant School,Local authority maintained schools,Primary,Not applicable,E13 8SA,51.519729,0.0337,State,Primary,0.8,
126991,Vicarage Junior School,Local authority maintained schools,Primary,Not applicable,E6 4AD,,,State,Primary,0.8,
126992,Vicarage Infant School,Local authority maintained schools,Primary,Not applicable,E6 4AD,,,State,Primary,0.8,
126994,Selwyn Infant School,Local authority maintained schools,Primary,Not applicable,E13 0LX,51.536136,0.023083,State,Primary,0.8,
126995,Southern Road Infant School,Local authority maintained schools,Primary,Not applicable,E13 9JD,51.530514,0.031975,State,Primary,0.8,
126996,Colegrave Infant School,Local authority maintained schools,Primary,Not applicable,E15 1JY,51.548404,0.001474,State,Primary,0.8,
126998,St Francis' RC Infant School,Local authority maintained schools,Primary,Not applicable,E15 1HB,51.547527,0.00755,State,Primary,0.8,
126999,Trinity School,Local authority maintained schools,Secondary,Not applicable,E16 4DD,51.518739,0.015524,State,Secondary,2.0,
127000,St John's Catholic School,Local authority maintained schools,Secondary,Not applicable,E13 9AX,51.53311,0.036849,State,Secondary,2.0,
127004,Elizabeth Fry School,Special schools,Not applicable,Has Special Classes,E16 3HQ,,,Special,Other,1.0,
127005,Gurney School,Special schools,Not applicable,Has Special Classes,E7 9HW,51.543814,0.017468,Special,Other,1.0,
127006,Lansbury School,Special schools,Not applicable,Has Special Classes,E6 2PN,51.529833,0.064283,Special,Other,1.0,
127007,Tunmarsh School and Centre,Special schools,Not applicable,Has Special Classes,E13 9NB,51.525375,0.031703,Special,Other,1.0,
127008,Regent School,Special schools,Not applicable,Has Special Classes,E16 3HX,51.511704,0.033343,Special,Other,1.0,
127015,Sir Winston Churchill Secondary School,Independent schools,Not applicable,Not applicable,E18 2QZ,51.598621,0.027533,Private,Other,1.0,
127025,St Paul's Preparatory School,Independent schools,Not applicable,Not applicable,SW13 9JT,51.487697,-0.237417,Private,Other,1.0,
127032,Cann Hall Junior School,Local authority maintained schools,Primary,Not applicable,E11 3NN,51.557453,0.016556,State,Primary,0.8,
127033,Cann Hall Infants' School,Local authority maintained schools,Primary,Not applicable,E11 3NN,51.557453,0.016556,State,Primary,0.8,
127044,Waltham Forest School,Special schools,Not applicable,Has Special Classes,E4 6DT,51.629143,0.014936,Special,Other,1.0,
127045,Grosvenor House School,Special schools,Not applicable,Has Special Classes,E17 9AA,51.577666,-0.017043,Special,Other,1.0,
129649,The Elmgreen School,Local authority maintained schools,Secondary,Has Special Classes,SE27 9BZ,51.438563,-0.103824,State,Secondary,2.0,
129762,Park Campus,Local authority maintained schools,Not applicable,Not applicable,SE27 9NP,51.428296,-0.097934,State,Other,1.0,
130236,Rosetta Infant School,Local authority maintained schools,Primary,Not applicable,E16 3PB,51.515424,0.027311,State,Primary,0.8,
130239,Thomas's Fulham,Independent schools,Not applicable,Not applicable,SW6 3ES,51.467041,-0.193104,Private,Other,1.0,
130240,The Avenue,Independent schools,Not applicable,Not applicable,NW6 7YG,51.541964,-0.210472,Private,Other,1.0,
130243,The Children's House School,Independent schools,Not applicable,Not applicable,N1 4PB,51.54728,-0.081408,Private,Other,1.0,
130276,Thomas Francis Independent School,Independent schools,Not applicable,Not applicable,SE5 7LL,51.474218,-0.087169,Private,Other,1.0,
130282,Lollipops School (At Bramble House),Independent schools,Not applicable,Not applicable,SE9 3QT,51.436508,0.069209,Private,Other,1.0,
130302,Rushmore Primary School,Local authority maintained schools,Primary,Not applicable,E5 0LE,51.555282,-0.046464,State,Primary,0.8,2
130303,Gayhurst Community School,Local authority maintained schools,Primary,Not applicable,E8 3EN,51.542366,-0.062578,State,Primary,0.8,1
130322,Scott House School,Independent schools,Not applicable,Not applicable,NW10 4SD,51.533247,-0.241784,Private,Other,1.0,
130342,Christopher Hatton Primary School,Local authority maintained schools,Primary,Not applicable,EC1R 4PQ,51.522751,-0.112625,State,Primary,0.8,1
130343,Ainslie Wood Primary School,Local authority maintained schools,Primary,Not applicable,E4 9DD,51.612366,-0.011647,State,Primary,0.8,2
130352,Arnhem Wharf Primary School,Local authority maintained schools,Primary,Not applicable,E14 3RP,51.495317,-0.026526,State,Primary,0.8,2
130358,Alexandra Primary School,Local authority maintained schools,Primary,Not applicable,N22 6UH,51.595376,-0.116041,State,Primary,0.8,2
130365,Ravenstone House School,Independent schools,Not applicable,Not applicable,W2 2AX,51.513923,-0.166648,Private,Other,1.0,
130366,The Pardes House and Beis Yaakov Primary School,Local authority maintained schools,Primary,Not applicable,NW9 6NQ,51.591773,-0.257672,State,Primary,0.8,
130369,Headstart Montessori School,Independent schools,Not applicable,Not applicable,SE15 3UE,51.4613,-0.059004,Private,Other,1.0,
130381,Sandringham Primary School,Local authority maintained schools,Primary,Not applicable,E7 8ED,51.546771,0.034675,State,Primary,0.8,1
130387,Stoke Newington Mission Paradigm Primary School,Independent schools,Not applicable,Not applicable,N16 7NY,51.559995,-0.073718,Private,Other,1.0,
130398,Thomas's Clapham,Independent schools,Not applicable,Not applicable,SW11 6JZ,51.455078,-0.158786,Private,Other,1.0,
130401,City Lit,Colleges,16 plus,Not applicable,WC2B 4BA,51.515177,-0.119179,State,Sixth Form,3.0,
130402,Kingsway College,Colleges,16 plus,Not applicable,WC1H 8JB,,,State,Sixth Form,3.0,
130403,WM College,Colleges,16 plus,Not applicable,NW1 1TR,51.535239,-0.13603,State,Sixth Form,3.0,
130404,The Mary Ward Centre (AE Centre),Colleges,16 plus,Not applicable,WC1N 3AQ,51.520866,-0.121784,State,Sixth Form,3.0,
130405,Greenwich Community College at Plumstead Centre,Colleges,16 plus,Not applicable,SE18 7DQ,,,State,Sixth Form,3.0,
130406,Cordwainers College,Colleges,16 plus,Not applicable,E8 3RE,51.541123,-0.054872,State,Sixth Form,3.0,
130407,Hackney Community College,Colleges,16 plus,Not applicable,N1 6HQ,51.530735,-0.079278,State,Sixth Form,3.0,
130408,"Ealing, Hammersmith and West London College",Colleges,16 plus,Not applicable,W14 9BL,51.491866,-0.214005,State,Sixth Form,3.0,
130409,City and Islington College,Colleges,16 plus,Not applicable,N7 0RN,51.556574,-0.118294,State,Sixth Form,3.0,
130410,Kensington and Chelsea College,Colleges,16 plus,Not applicable,SW10 0QS,51.481736,-0.185625,State,Sixth Form,3.0,
130411,St Charles Catholic Sixth Form College,Colleges,16 plus,Not applicable,W10 6EY,51.520274,-0.21582,State,Sixth Form,3.0,
130412,Morley College London,Colleges,16 plus,Not applicable,SE1 7HT,51.497879,-0.109951,State,Sixth Form,3.0,
130413,Lambeth College,Colleges,16 plus,Not applicable,SW4 9BL,51.458706,-0.14141,State,Sixth Form,3.0,
130414,The Marine Society College of the Sea,Colleges,16 plus,Not applicable,SE1 7JY,51.495468,-0.11662,State,Sixth Form,3.0,
130415,LeSoCo,Colleges,16 plus,Not applicable,SE4 1UT,51.46822,-0.025911,State,Sixth Form,3.0,
130416,Christ The King Sixth Form College,Colleges,16 plus,Not applicable,SE13 5GE,51.463789,-0.002679,State,Sixth Form,3.0,
130417,Southwark College,Colleges,16 plus,Not applicable,SE16 4EE,51.496107,-0.062553,State,Sixth Form,3.0,
130418,New City College,Colleges,16 plus,Not applicable,E14 0AF,51.508546,-0.016948,State,Sixth Form,3.0,
130419,Workers' Educational Association,Colleges,16 plus,Not applicable,EC2A 4XW,,,State,Sixth Form,3.0,
130420,South Thames College,Colleges,16 plus,Not applicable,SW18 2PP,51.456149,-0.190051,State,Sixth Form,3.0,
130421,Capital City College Group,Colleges,16 plus,Not applicable,WC1X 8RA,51.526906,-0.118768,State,Sixth Form,3.0,
130422,St Francis Xavier Sixth Form College,Colleges,16 plus,Not applicable,SW12 8EN,51.451151,-0.149258,State,Sixth Form,3.0,
130423,United Colleges Group,Colleges,16 plus,Not applicable,W2 1NB,51.521034,-0.174579,State,Sixth Form,3.0,
130426,Hendon College,Colleges,16 plus,Not applicable,NW9 5RA,51.605644,-0.248881,State,Sixth Form,3.0,
130427,Woodhouse College,Colleges,16 plus,Not applicable,N12 9EY,51.61148,-0.168771,State,Sixth Form,3.0,
130429,The College of North West London,Colleges,16 plus,Not applicable,NW10 2XD,51.551718,-0.243005,State,Sixth Form,3.0,
130435,Ealing Tertiary College,Colleges,16 plus,Not applicable,W3 8UX,51.507128,-0.275992,State,Sixth Form,3.0,
130436,Southgate College,Colleges,16 plus,Not applicable,N14 6BS,51.63041,-0.129501,State,Sixth Form,3.0,
130439,"The College of Haringey, Enfield and North East London",Colleges,16 plus,Not applicable,N15 4RU,51.586214,-0.072393,State,Sixth Form,3.0,
130451,Newham College of Further Education,Colleges,16 plus,Not applicable,E6 6ER,51.531752,0.054868,State,Sixth Form,3.0,
130452,Newham Sixth Form College,Colleges,16 plus,Not applicable,E13 8SG,51.520069,0.031726,State,Sixth Form,3.0,
130456,Waltham Forest College,Colleges,16 plus,Not applicable,E17 4JB,51.591437,-0.010351,State,Sixth Form,3.0,
130457,Leyton Sixth Form College,Colleges,16 plus,Not applicable,E10 6EQ,51.576068,-0.002868,State,Sixth Form,3.0,
130458,Sir George Monoux College,Colleges,16 plus,Not applicable,E17 5AA,51.59703,-0.014583,State,Sixth Form,3.0,
130856,Abbey Manor College,Local authority maintained schools,Not applicable,Not applicable,SE12 8JP,51.454842,0.024567,State,Other,1.0,2
130876,Sewardstone College of Education,Independent schools,Not applicable,Not applicable,E4 7SD,51.648297,-0.010942,Private,Other,1.0,
130879,Westminster Academy,Independent schools,Not applicable,Not applicable,SW1P 1SB,51.496523,-0.135349,Private,Other,1.0,
130912,Paddington Academy,Academies,Secondary,Not applicable,W9 2DR,51.525352,-0.192123,State,Secondary,2.0,1
130917,Peckham Park Primary School,Local authority maintained schools,Primary,Not applicable,SE15 5TD,51.476214,-0.065744,State,Primary,0.8,
130918,Bessemer Grange Primary School,Local authority maintained schools,Primary,Not applicable,SE5 8HP,51.458744,-0.086779,State,Primary,0.8,2
130921,Middle Park Primary School,Local authority maintained schools,Primary,Not applicable,SE9 5RX,51.444304,0.037945,State,Primary,0.8,2
130922,Timbercroft Primary School,Local authority maintained schools,Primary,Not applicable,SE18 2SG,51.476793,0.0902,State,Primary,0.8,
130932,William Patten Primary School,Local authority maintained schools,Primary,Not applicable,N16 0NX,51.561805,-0.074925,State,Primary,0.8,1
130933,Brettenham Primary School,Local authority maintained schools,Primary,Not applicable,N18 2ET,51.617899,-0.059567,State,Primary,0.8,
130935,The Hyde School,Local authority maintained schools,Primary,Not applicable,NW9 7EY,51.582551,-0.248224,State,Primary,0.8,
130995,Central Park Primary School,Local authority maintained schools,Primary,Not applicable,E6 3DW,51.528696,0.042447,State,Primary,0.8,2
130998,Hasmonean Primary School,Local authority maintained schools,Primary,Not applicable,NW4 2PD,51.582123,-0.216269,State,Primary,0.8,2
130999,Rock Small School,Independent schools,Not applicable,Not applicable,W5 2UP,51.516464,-0.303283,Private,Other,1.0,
131011,Whittingham Community Primary School,Local authority maintained schools,Primary,Not applicable,E17 5QX,51.598457,-0.0353,State,Primary,0.8,
131023,Stephen Hawking School,Special schools,Not applicable,Has Special Classes,E14 7LL,51.513185,-0.037716,Special,Other,1.0,1
131024,Elsley School,Special schools,Not applicable,Has Special Classes,SW17 7DF,51.44122,-0.171445,Special,Other,1.0,
131026,Beis Soroh Schneirer,Independent schools,Not applicable,Has Special Classes,NW9 6AX,51.580091,-0.239485,Private,Other,1.0,
131031,Promised Land Academy,Independent schools,Not applicable,Not applicable,E13 8SR,51.523493,0.021485,Private,Other,1.0,
131050,Mulberry Bush Kindergarten of St Paul's Steiner Programme,Independent schools,Not applicable,Not applicable,N1 2QH,51.546445,-0.087558,Private,Other,1.0,
131054,Twynholm School,Independent schools,Not applicable,Not applicable,SW6 7PP,51.482775,-0.214044,Private,Other,1.0,
131057,Barn Croft Primary School,Local authority maintained schools,Primary,Not applicable,E17 8SB,51.575629,-0.033888,State,Primary,0.8,3
131058,Amina Hatun Islamic School At the Annexe,Independent schools,Not applicable,Not applicable,N15 5RG,51.580567,-0.083962,Private,Other,1.0,
131059,Brondesbury College London,Independent schools,Not applicable,Not applicable,NW6 7BT,51.543241,-0.214041,Private,Other,1.0,
131062,The Excelsior Academy,Academies,Secondary,Not applicable,E8 2EY,51.551707,-0.071716,State,Secondary,2.0,2
131092,Chartswood Education Centre,Independent schools,Not applicable,Not applicable,SE24 9DE,51.448885,-0.100374,Private,Other,1.0,
131096,Stroud Green Primary School,Local authority maintained schools,Primary,Not applicable,N4 3EX,51.567771,-0.107183,State,Primary,0.8,2
131101,Futures Ahead Pre-Preparatory and Preparatory School,Independent schools,Not applicable,Not applicable,SW19 4ED,51.419929,-0.210194,Private,Other,1.0,
131109,Discovery Primary School,Local authority maintained schools,Primary,No Special Classes,SE28 0JN,51.500283,0.094647,State,Primary,0.8,2
131114,Brockwell Primary School,Local authority maintained schools,Primary,Not applicable,SW2 2EH,,,State,Primary,0.8,
131121,Talmud Torah Tiferes Shlomo,Independent schools,Not applicable,Not applicable,NW4 2NB,51.583398,-0.213159,Private,Other,1.0,
131128,Finchley and Acton Yochien School,Independent schools,Not applicable,No Special Classes,N3 1UE,51.599565,-0.203081,Private,Other,1.0,
131141,Hoxton Garden Primary,Local authority maintained schools,Primary,Not applicable,N1 5JD,51.533779,-0.080649,State,Primary,0.8,2
131142,Orchard Centre,Local authority maintained schools,Not applicable,Not applicable,SW2 2ES,51.449781,-0.114686,State,Other,1.0,
131143,Kennington Park Bridge To School,Local authority maintained schools,Not applicable,Not applicable,SE11 4AX,51.482845,-0.106136,State,Other,1.0,
131144,Grange Primary School,Local authority maintained schools,Primary,Not applicable,W5 4HN,51.503898,-0.305537,State,Primary,0.8,2
131165,The Fulham Prep School Ltd,Independent schools,Not applicable,Not applicable,W14 9SD,51.486642,-0.210508,Private,Other,1.0,
131166,Blackheath High School,Independent schools,Not applicable,Not applicable,SE3 0TF,51.467132,0.010612,Private,Other,1.0,
131170,Beis Aharon School,Independent schools,Not applicable,Not applicable,N16 5ED,51.570796,-0.081415,Private,Other,1.0,
131179,Hillcrest Norwood,Special schools,Not applicable,Has Special Classes,SE19 1BY,51.420977,-0.090255,Special,Other,1.0,
131183,South Rise Primary School,Local authority maintained schools,Primary,Not applicable,SE18 7PX,51.48617,0.081223,State,Primary,0.8,
131198,Green Gables Montessori Primary School,Independent schools,Not applicable,Not applicable,E1W 2RG,51.509361,-0.058633,Private,Other,1.0,
131211,Behaviour Support Service,Local authority maintained schools,Not applicable,Not applicable,N14 4AL,51.643,-0.137452,State,Other,1.0,
131218,Montem Primary School,Local authority maintained schools,Primary,Not applicable,N7 7QT,51.560973,-0.115068,State,Primary,0.8,
131220,The Blue Sky Academy of Education and Arts,Independent schools,Not applicable,Not applicable,W12 0RH,51.513168,-0.241881,Private,Other,1.0,
131237,Cavendish School,Special schools,Not applicable,Has Special Classes,SE16 2PA,51.492178,-0.050662,Special,Other,1.0,
131244,Excel Preparatory School,Independent schools,Not applicable,Not applicable,SW9 6AH,51.471721,-0.112875,Private,Other,1.0,
131246,James Wolfe Primary School and Centre for the Deaf,Local authority maintained schools,Primary,Has Special Classes,SE10 8RZ,51.476862,-0.008847,State,Primary,0.8,2
131247,Bonneville Primary School,Local authority maintained schools,Primary,Not applicable,SW4 9LB,51.453249,-0.140365,State,Primary,0.8,1
131261,Barnet Hill Academy,Independent schools,Not applicable,Not applicable,NW4 3ES,51.579892,-0.235812,Private,Other,1.0,
131262,Westminster Academy,Academies,Secondary,Not applicable,W2 5EZ,51.52112,-0.192911,State,Secondary,2.0,2
131264,Dolphin School 2,Independent schools,Not applicable,Not applicable,SE11 4PW,51.481458,-0.112185,Private,Other,1.0,
131266,Phil Edwards Pupil Referral Unit,Local authority maintained schools,Not applicable,Not applicable,SE19 2RU,51.410881,-0.076699,State,Other,1.0,
131267,St James Independent School for Boys (Junior Department),Independent schools,Not applicable,Not applicable,W14 8SH,51.495211,-0.208703,Private,Other,1.0,
131268,St James Preparatory School,Independent schools,Not applicable,Not applicable,W14 8SH,51.495211,-0.208703,Private,Other,1.0,
131269,Mill Hill Pre-Preparatory School,Independent schools,Not applicable,Not applicable,NW7 1QR,51.6176,-0.228847,Private,Other,1.0,
131280,Virgo Fidelis Convent Senior School,Local authority maintained schools,Secondary,Not applicable,SE19 1RS,,,State,Secondary,2.0,
131288,WENTWORTH COLLEGE,Independent schools,Not applicable,Not applicable,NW11 9LH,51.580111,-0.213476,Private,Other,1.0,
131291,The Academy School,Independent schools,Not applicable,Not applicable,NW3 1NG,51.555367,-0.173377,Private,Other,1.0,
131308,Victory Day School,Independent schools,Not applicable,Not applicable,SW11 4NB,51.474335,-0.157321,Private,Other,1.0,
131310,Elthorne Park High School,Local authority maintained schools,Secondary,Not applicable,W7 2AH,51.500263,-0.329834,State,Secondary,2.0,1
131317,Surrey Square Infant School,Local authority maintained schools,Primary,Not applicable,SE17 2JY,51.488745,-0.082974,State,Primary,0.8,
131318,Surrey Square Primary School,Local authority maintained schools,Primary,Not applicable,SE17 2JY,51.488745,-0.082974,State,Primary,0.8,
131325,Newington Green Primary School,Local authority maintained schools,Primary,Not applicable,N16 8NP,51.551921,-0.083636,State,Primary,0.8,1
131335,Rosendale Primary School,Local authority maintained schools,Primary,Not applicable,SE21 8LR,51.445351,-0.098765,State,Primary,0.8,
131340,Hill Mead Primary School,Local authority maintained schools,Primary,Not applicable,SW9 8UE,51.461964,-0.107303,State,Primary,0.8,3
131342,Beis Trana Girls' School,Independent schools,Not applicable,Not applicable,E5 9DH,51.567018,-0.060031,Private,Other,1.0,
131343,The Lyceum,Independent schools,Not applicable,Not applicable,EC2A 2DU,51.522217,-0.084148,Private,Other,1.0,
131344,Kensington International School,Independent schools,Not applicable,Not applicable,SW7 2DZ,,,Private,Other,1.0,
131362,St Paul's Steiner School,Independent schools,Not applicable,Not applicable,N1 2QH,51.546445,-0.087558,Private,Other,1.0,
131387,Belcanto London Academy Theatre School,Independent schools,Not applicable,Not applicable,SE9 5DQ,51.449946,0.05374,Private,Other,1.0,
131388,Jamiatul Ummah School,Independent schools,Not applicable,Not applicable,E1 2ND,51.512678,-0.058549,Private,Other,1.0,
131399,First Steps Pre-Preparatory and Preparatory School,Independent schools,Not applicable,Not applicable,SE3 9JL,51.465656,0.013326,Private,Other,1.0,
131403,Tiferes High School,Independent schools,Not applicable,Not applicable,NW4 2TA,51.585143,-0.22383,Private,Other,1.0,
131406,Bellerbys College London,Independent schools,Not applicable,Not applicable,W14 9RY,,,Private,Other,1.0,
131407,Oakthorpe Primary School,Local authority maintained schools,Primary,No Special Classes,N13 6BY,51.61451,-0.090911,State,Primary,0.8,2
131418,St Mary's RC Primary School,Local authority maintained schools,Primary,Not applicable,NW6 5ST,51.534477,-0.197774,State,Primary,0.8,
131438,Mustard School,Independent schools,Not applicable,Not applicable,N1 5LR,51.534485,-0.077649,Private,Other,1.0,
131440,Carmena Christian Preparatory School,Independent schools,Not applicable,Not applicable,SW16 6NW,51.428153,-0.133759,Private,Other,1.0,
131472,Futures Ahead Independent School,Independent schools,Not applicable,Not applicable,SW16 6NW,51.428153,-0.133759,Private,Other,1.0,
131478,Earlham Primary School,Local authority maintained schools,Primary,Not applicable,N22 5HJ,51.602998,-0.110239,State,Primary,0.8,2
131482,Tansib Independent School,Independent schools,Not applicable,Not applicable,SE4 2BQ,51.457589,-0.036518,Private,Other,1.0,
131489,JMU Islamic Institute Uk,Independent schools,Not applicable,Not applicable,E13 8AA,51.528994,0.023718,Private,Other,1.0,
131509,L'Ecole Des Benjamins,Independent schools,Not applicable,Not applicable,SW12 8PP,51.448528,-0.148904,Private,Other,1.0,
131517,Barclay Primary School,Local authority maintained schools,Primary,Not applicable,E10 6EJ,51.575756,-0.000933,State,Primary,0.8,
131520,"Sacred Heart Catholic Primary School, Battersea",Local authority maintained schools,Primary,Has Special Classes,SW11 2TD,51.469378,-0.166951,State,Primary,0.8,2
131524,Iqra Independent School,Independent schools,Not applicable,Not applicable,SW9 7PH,51.46527,-0.112666,Private,Other,1.0,
131555,Primary Pupil Referral Unit,Local authority maintained schools,Not applicable,Not applicable,SW6 2LG,51.472219,-0.188911,State,Other,1.0,
131576,Willow Brook Primary School,Local authority maintained schools,Primary,Not applicable,E10 7BH,51.565052,-0.020376,State,Primary,0.8,
131584,Haringey Learning Partnership,Local authority maintained schools,Not applicable,Not applicable,N22 8DZ,51.60182,-0.114692,State,Other,1.0,2
131594,Nightingale Community Academy,Special schools,Not applicable,Has Special Classes,SW17 7DF,51.44122,-0.171445,Special,Other,1.0,
131595,Lordship Lane Primary School,Local authority maintained schools,Primary,Not applicable,N22 5PS,51.598785,-0.094949,State,Primary,0.8,2
131598,Ian Mikardo School,Special schools,Not applicable,Has Special Classes,E3 3LF,51.525153,-0.013054,Special,Other,1.0,
131608,The Cherry Trees School,Special schools,Not applicable,Has Special Classes,E3 4EA,51.525283,-0.020199,Special,Other,1.0,
131609,The Bridge Academy,Academies,Secondary,Not applicable,E2 8BA,51.535661,-0.072639,State,Secondary,2.0,2
131613,Britannia Village Primary School,Local authority maintained schools,Primary,Not applicable,E16 2AW,51.503534,0.025861,State,Primary,0.8,
131615,Iqra Independent School (Girls'),Independent schools,Not applicable,Not applicable,SW9 7PH,51.46527,-0.112666,Private,Other,1.0,
131617,Wessex Gardens Primary School,Local authority maintained schools,Primary,No Special Classes,NW11 9RR,51.572028,-0.208801,State,Primary,0.8,3
131634,Church of God In Trinity (Orthodox),Independent schools,Not applicable,Not applicable,N18 1DY,51.61054,-0.083437,Private,Other,1.0,
131650,Holborn College,Independent schools,Not applicable,Not applicable,SE7 8LN,,,Private,Other,1.0,
131657,West Grove Primary,Local authority maintained schools,Primary,Not applicable,N14 4LR,51.636727,-0.125845,State,Primary,0.8,2
131662,Chelsea Hall School,Special schools,Not applicable,Not applicable,SW18 3QG,51.440632,-0.18511,Special,Other,1.0,
131663,New Mind School,Independent schools,Not applicable,Not applicable,SW9 7JP,51.468895,-0.111566,Private,Other,1.0,
131667,Christian Hearts Academy,Independent schools,Not applicable,Not applicable,E3 2SJ,51.529189,-0.01667,Private,Other,1.0,
131675,Burlington House School,Special schools,Not applicable,Has Special Classes,SW6 6EG,51.472642,-0.214727,Special,Other,1.0,
131680,London Meridian Primary and Secondary School,Independent schools,Not applicable,Not applicable,N7 6BU,51.560066,-0.115668,Private,Other,1.0,
131688,Thomas Francis School,Independent schools,Not applicable,Not applicable,SW9 8RP,51.463574,-0.105609,Private,Other,1.0,
131690,Arts and Media School Islington,Local authority maintained schools,Secondary,Not applicable,N4 3LS,51.567108,-0.115752,State,Secondary,2.0,2
131697,Belmont Park School,Special schools,Not applicable,No Special Classes,E10 6DB,51.576694,-0.007964,Special,Other,1.0,2
131703,Charles Edward Brooke Refugee Centre Co Charles Edward Brooke CofE School,Local authority maintained schools,Not applicable,Not applicable,SW9 6UL,51.475977,-0.102388,State,Other,1.0,
131706,Betty Layward Primary School,Local authority maintained schools,Primary,Not applicable,N16 9EX,51.557889,-0.084583,State,Primary,0.8,2
131708,Treehouse School,Special schools,Not applicable,Has Special Classes,N10 3JA,51.587232,-0.148454,Special,Other,1.0,
131709,Muhammad School of Islam,Independent schools,Not applicable,Not applicable,W12 9DL,51.50654,-0.243058,Private,Other,1.0,
131724,Selhurst Nursery School and Children's Centre,Local authority maintained schools,Nursery,Not applicable,SE25 5PL,51.390293,-0.089593,State,Other,1.0,2
131731,Bruce Grove Primary School,Local authority maintained schools,Primary,Not applicable,N17 6UH,51.593458,-0.072159,State,Primary,0.8,2
131732,Beehive School,Independent schools,Not applicable,Not applicable,N19 3SZ,51.573188,-0.127565,Private,Other,1.0,
131736,Colebrooke Pupil Referral Unit,Local authority maintained schools,Not applicable,Not applicable,N1 8AF,51.535127,-0.101587,State,Other,1.0,
131737,Harry Gosling Primary School,Local authority maintained schools,Primary,Not applicable,E1 1NT,51.513891,-0.066136,State,Primary,0.8,2
131740,Rotherfield Primary School,Local authority maintained schools,Primary,Not applicable,N1 3EE,51.538501,-0.090055,State,Primary,0.8,2
131741,Pooles Park Primary School,Local authority maintained schools,Primary,Not applicable,N4 3NW,51.564922,-0.112308,State,Primary,0.8,4
131742,Side By Side Nursery,Independent schools,Not applicable,Not applicable,N16 6UA,51.573648,-0.070024,Private,Other,1.0,
131745,Darul Hadis Latifiah,Independent schools,Not applicable,Not applicable,E2 0HW,51.526016,-0.053786,Private,Other,1.0,
131747,Harris Academy Bermondsey,Academies,Secondary,No Special Classes,SE16 3TZ,51.493259,-0.0709,State,Secondary,2.0,1
131750,Claremont Primary School,Local authority maintained schools,Primary,Not applicable,NW2 1AB,51.565716,-0.217691,State,Primary,0.8,
131752,Ark Burlington Danes Academy,Academies,Secondary,No Special Classes,W12 0HR,51.518923,-0.229868,State,Secondary,2.0,2
131753,Ealing Alternative Provision,Local authority maintained schools,Not applicable,Not applicable,W13 0LR,51.519238,-0.329283,State,Other,1.0,2
131755,London Bunka Yochien,Independent schools,Not applicable,Not applicable,W3 0BP,51.518241,-0.266751,Private,Other,1.0,
131757,Park View School,Local authority maintained schools,Secondary,Not applicable,N15 3QR,51.586526,-0.089789,State,Secondary,2.0,2
131758,Alexandra Park School,Local authority maintained schools,Secondary,Not applicable,N11 2AZ,51.602146,-0.136237,State,Secondary,2.0,
131763,Willoughby Hall Dyslexia Centre,Special schools,Not applicable,Has Special Classes,NW3 1RP,51.555927,-0.174105,Special,Other,1.0,
131773,Canonbury Primary School,Local authority maintained schools,Primary,Not applicable,N1 2UT,51.545009,-0.101565,State,Primary,0.8,2
131778,Tabernacle School,Independent schools,Not applicable,Not applicable,W11 4RS,51.507237,-0.214744,Private,Other,1.0,
131779,Dulwich College (Ducks) Kindergarten and Infant School,Independent schools,Not applicable,Not applicable,SE21 7HH,51.435544,-0.079735,Private,Other,1.0,
131788,Greek Primary School of London,Independent schools,Not applicable,No Special Classes,W3 9JR,51.512495,-0.273454,Private,Other,1.0,
131797,Telegraph Hill School,Local authority maintained schools,Secondary,Not applicable,SE4 2NY,,,State,Secondary,2.0,
131804,One World Pre-School,Special schools,Not applicable,Has Special Classes,SW9 6HY,51.477228,-0.108068,Special,Other,1.0,
131812,The Charter School,Local authority maintained schools,Secondary,Not applicable,SE24 9JH,51.456411,-0.089266,State,Secondary,2.0,
131824,Hitherfield Primary School,Local authority maintained schools,Primary,No Special Classes,SW16 2JQ,51.435479,-0.115563,State,Primary,0.8,2
131833,The Vines School,Special schools,Not applicable,Has Special Classes,SW11 5NX,51.463047,-0.154896,Special,Other,1.0,
131841,Alexander McLeod Primary School,Local authority maintained schools,Primary,Not applicable,SE2 0QS,51.486497,0.11372,State,Primary,0.8,2
131842,Hugh Myddelton Primary School,Local authority maintained schools,Primary,Not applicable,EC1R 1YJ,51.527772,-0.106117,State,Primary,0.8,1
131843,Brunswick Park Primary School,Local authority maintained schools,Primary,Has Special Classes,SE5 7QH,51.47758,-0.090398,State,Primary,0.8,2
131846,Portway Primary School,Local authority maintained schools,Primary,Not applicable,E13 0JW,51.533615,0.019079,State,Primary,0.8,
131858,Old Ford Primary School,Local authority maintained schools,Primary,Not applicable,E3 5LD,51.533593,-0.030941,State,Primary,0.8,
131871,Muswell Hill Primary School,Local authority maintained schools,Primary,Not applicable,N10 3ST,51.591019,-0.141096,State,Primary,0.8,2
131874,Henry Fawcett Primary School,Local authority maintained schools,Primary,Not applicable,SE11 5BZ,51.484709,-0.111864,State,Primary,0.8,2
131879,Risley Avenue Primary School,Local authority maintained schools,Primary,Not applicable,N17 7AB,51.599143,-0.076669,State,Primary,0.8,2
131881,Noel Park Primary School,Local authority maintained schools,Primary,No Special Classes,N22 6LH,51.596048,-0.101951,State,Primary,0.8,
131890,Gallions Primary School,Local authority maintained schools,Primary,Not applicable,E6 6WG,51.512582,0.068029,State,Primary,0.8,
131899,Kisharon College,Other types,Not applicable,Has Special Classes,NW4 1TP,51.593539,-0.218291,State,Other,1.0,
131911,Leap Service -  the National Autistics Society,Other types,Not applicable,Has Special Classes,W3 8RR,51.506991,-0.274671,State,Other,1.0,
131916,Avigdor Hirsch Torah Temimah Primary School,Local authority maintained schools,Primary,Not applicable,NW2 6RJ,51.559323,-0.233248,State,Primary,0.8,2
131926,St Antony's Catholic Primary School,Local authority maintained schools,Primary,Not applicable,E7 9PN,51.540673,0.024366,State,Primary,0.8,
131929,Royal Docks Academy,Local authority maintained schools,Secondary,Not applicable,E16 3HS,51.510992,0.035026,State,Secondary,2.0,
131936,St Mary and St Michael Primary School,Local authority maintained schools,Primary,Not applicable,E1 0BD,51.513708,-0.052899,State,Primary,0.8,2
131970,The Orion Primary School,Local authority maintained schools,Primary,Has Special Classes,NW7 2AL,51.608402,-0.246305,State,Primary,0.8,1
131972,Thomas Francis Independent School,Independent schools,Not applicable,Not applicable,SW9 8RP,51.463574,-0.105609,Private,Other,1.0,
131978,Maria Montessori School,Independent schools,Not applicable,Not applicable,NW3 5NW,51.552306,-0.171422,Private,Other,1.0,
131994,People's Trust Preparatory School,Independent schools,Not applicable,Not applicable,N16 8BY,51.553926,-0.077075,Private,Other,1.0,
132012,Schiller International School,Independent schools,Not applicable,Not applicable,SE1 8TX,51.505312,-0.113029,Private,Other,1.0,
132017,Crawford Upper School,Independent schools,Not applicable,Not applicable,W1H 1PL,51.519746,-0.160663,Private,Other,1.0,
132022,Goose Green Primary School,Local authority maintained schools,Primary,Has Special Classes,SE22 8HG,51.461472,-0.077034,State,Primary,0.8,
132024,Crawford Upper School,Independent schools,Not applicable,No Special Classes,W1H 1PN,51.519598,-0.161534,Private,Other,1.0,
132041,Getters Talmud Torah,Independent schools,Not applicable,Not applicable,N16 5AR,51.574927,-0.083853,Private,Other,1.0,
132058,Kingsford Community School,Local authority maintained schools,Secondary,Not applicable,E6 5JG,51.514387,0.055399,State,Secondary,2.0,2
132061,Ravenstone House,Independent schools,Not applicable,Not applicable,SW7 2DR,51.494266,-0.17768,Private,Other,1.0,
132065,Rosemary Works School,Independent schools,Not applicable,Not applicable,N1 5PH,51.537209,-0.084773,Private,Other,1.0,
132066,Greenwich Waldorf School,Independent schools,Not applicable,Not applicable,SE3 7SE,51.480166,0.017248,Private,Other,1.0,
132068,Sakutu Organisation Montessori,Independent schools,Not applicable,Not applicable,NW2 6HL,51.564565,-0.224864,Private,Other,1.0,
132070,Westbridge Primary School,Local authority maintained schools,Primary,Not applicable,SW11 3NE,51.477062,-0.171871,State,Primary,0.8,
132077,Victoria Drive Primary Pupil Referral Unit,Local authority maintained schools,Not applicable,Not applicable,SW19 6HR,51.442312,-0.217291,State,Other,1.0,1
132110,Springfield Christian School,Independent schools,Not applicable,Not applicable,SE6 4LP,51.434754,-0.034764,Private,Other,1.0,
132124,Thomas Francis School,Independent schools,Not applicable,Not applicable,SW9 8RP,51.463574,-0.105609,Private,Other,1.0,
132129,St John's Education Centre,Local authority maintained schools,Not applicable,Not applicable,N16 9EX,51.557889,-0.084583,State,Other,1.0,
132137,St John and St James CofE Primary School,Local authority maintained schools,Primary,Not applicable,E9 6DX,51.548073,-0.049932,State,Primary,0.8,1
132151,Portman Early Childhood Centre,Local authority maintained schools,Nursery,Has Special Classes,NW8 8DE,51.522923,-0.168881,State,Other,1.0,1
132173,"Saint Cecilia's, Wandsworth Church of England School",Local authority maintained schools,Secondary,Not applicable,SW18 5JR,51.446964,-0.208576,State,Secondary,2.0,
132203,Highfield Primary School,Local authority maintained schools,Primary,Not applicable,N21 3HE,51.62944,-0.094344,State,Primary,0.8,1
132237,Thames Christian School,Independent schools,Not applicable,Not applicable,SW11 2FR,51.465125,-0.172751,Private,Other,1.0,
132245,Kingsgate Primary School,Local authority maintained schools,Primary,Not applicable,NW6 4LB,51.543471,-0.196741,State,Primary,0.8,1
132252,Downhills Primary School,Local authority maintained schools,Primary,Not applicable,N15 4AB,51.587646,-0.085729,State,Primary,0.8,
132253,South Grove Primary School,Local authority maintained schools,Primary,Not applicable,N15 5QE,51.582884,-0.082652,State,Primary,0.8,2
132256,Highlands School,Local authority maintained schools,Secondary,Not applicable,N21 1QQ,51.648727,-0.108134,State,Secondary,2.0,1
132552,Panaga School,Other types,Not applicable,Not applicable,E14 9TS,51.499196,-0.01283,State,Other,1.0,
132553,Al Kafilah Damascus Shell School,Other types,Not applicable,Not applicable,E14 9TS,51.499196,-0.01283,State,Other,1.0,
132557,Pdo Oman School,Other types,Not applicable,Not applicable,E14 9TS,51.499196,-0.01283,State,Other,1.0,
132572,Kristiansund School,Other types,Not applicable,Not applicable,E14 9TS,51.499196,-0.01283,State,Other,1.0,
132573,Ecole Yenzi,Other types,Not applicable,Not applicable,E14 9TS,51.499196,-0.01283,State,Other,1.0,
132574,Oman Lng LLC School,Other types,Not applicable,Not applicable,E14 9TS,51.499196,-0.01283,State,Other,1.0,
132575,Rumukoroshe School,Other types,Not applicable,Not applicable,E14 9TS,51.499196,-0.01283,State,Other,1.0,
132590,Ogunu School,Other types,Not applicable,Not applicable,E14 9TS,51.499196,-0.01283,State,Other,1.0,
132591,OSA School,Other types,Not applicable,Not applicable,E14 9TS,51.499196,-0.01283,State,Other,1.0,
132593,Piasau School,Other types,Not applicable,Not applicable,E14 9TS,51.499196,-0.01283,State,Other,1.0,
132639,Tabangao School,Other types,Not applicable,Not applicable,E14 9TS,51.499196,-0.01283,State,Other,1.0,
132640,Bonny Island School,Other types,Not applicable,Not applicable,E14 9TS,51.499196,-0.01283,State,Other,1.0,
132674,The British School of Teheran,Other types,Not applicable,Not applicable,E14 9TS,51.499196,-0.01283,State,Other,1.0,
132678,Sakhalin International School,Other types,Not applicable,Not applicable,E14 9TS,51.499196,-0.01283,State,Other,1.0,
132711,Harris Girls' Academy East Dulwich,Academies,Secondary,Not applicable,SE22 0NR,51.457501,-0.054947,State,Secondary,2.0,1
132727,Walthamstow Academy,Academies,Secondary,No Special Classes,E17 5DP,51.599489,-0.02444,State,Secondary,2.0,2
132736,"Tawhid Boys School, Tawhid Educational Trust",Independent schools,Not applicable,Not applicable,N16 6PA,51.56487,-0.071016,Private,Other,1.0,
132777,Schoolhouse Education,Independent schools,Not applicable,Not applicable,SE2 9LZ,51.491446,0.106083,Private,Other,1.0,
132788,The Lloyd Williamson School Foundation,Independent schools,Not applicable,Not applicable,W10 6EB,51.52172,-0.213918,Private,Other,1.0,
132789,Sir John Heron Primary School,Local authority maintained schools,Primary,Not applicable,E12 5PY,51.551278,0.055229,State,Primary,0.8,2
132790,Holland Park Pre-Preparatory School,Independent schools,Not applicable,Not applicable,W14 8HJ,51.497338,-0.207207,Private,Other,1.0,
132791,Rosemary Works School,Independent schools,Not applicable,Not applicable,N1 5PH,51.537209,-0.084773,Private,Other,1.0,
132797,London Islamic School,Independent schools,Not applicable,Not applicable,E1 2HX,51.515938,-0.056148,Private,Other,1.0,
132798,Flames Academy,Independent schools,Not applicable,Not applicable,SW16 2BP,51.42912,-0.126167,Private,Other,1.0,
132800,Conway Primary School,Local authority maintained schools,Primary,Not applicable,SE18 1QY,51.487588,0.089469,State,Primary,0.8,2
132812,Plaistow Primary School,Local authority maintained schools,Primary,Not applicable,E13 9DQ,51.531708,0.029534,State,Primary,0.8,2
132813,Kaizen Primary School,Local authority maintained schools,Primary,Not applicable,E13 8LH,51.522187,0.026285,State,Primary,0.8,
132827,Eglinton Primary School,Local authority maintained schools,Primary,Not applicable,SE18 3PY,51.477839,0.064642,State,Primary,0.8,3
132837,Deansfield Primary School,Local authority maintained schools,Primary,Not applicable,SE9 1XP,51.462068,0.061972,State,Primary,0.8,
132838,LaSWAP Sixth Form,Colleges,Not applicable,Not applicable,NW5 1RN,51.558701,-0.150262,State,Other,1.0,
132839,Negus Sixth Form Centre,Colleges,Not applicable,Not applicable,SE18 1QF,51.48191,0.084644,State,Other,1.0,
132840,Hackney Sixth Form Centre,Colleges,Not applicable,Not applicable,E9 5BX,51.543253,-0.04183,State,Other,1.0,
132841,Stockwell Junior School,Local authority maintained schools,Primary,Not applicable,SW9 9TG,51.466433,-0.117326,State,Primary,0.8,
132842,St Gabriel's Sixth Form Centre,Colleges,Not applicable,Not applicable,SE5 0UD,,,State,Other,1.0,
132843,Westminster Childrens' Hospital School,Other types,Not applicable,Not applicable,SW1P 2NS,,,State,Other,1.0,
132846,The John Loughborough School,Independent schools,Not applicable,Not applicable,N17 9AD,51.589141,-0.055235,Private,Other,1.0,
132848,Lantern of Knowledge Secondary School,Independent schools,Not applicable,No Special Classes,E10 6QT,51.564203,-0.009534,Private,Other,1.0,
132851,One World Montessori Nursery and Pre-Preparartory School,Independent schools,Not applicable,Not applicable,W6 7BE,51.49612,-0.218795,Private,Other,1.0,
132941,The William Morris Academy,Colleges,Not applicable,Not applicable,W6 8RB,51.489433,-0.217212,State,Other,1.0,
132949,The Crest Sixth Form,Colleges,Not applicable,Not applicable,NW2 7SN,51.563052,-0.241991,State,Other,1.0,
132954,North London College of Accountancy,Other types,Not applicable,Not applicable,N17 9HY,51.5901,-0.06976,State,Other,1.0,
132955,Fulham Sixth Form Centre,Colleges,Not applicable,Not applicable,W6 8EA,51.483874,-0.217126,State,Other,1.0,
132961,Halford School,Other types,Not applicable,Not applicable,SW6 1JU,51.483536,-0.197955,State,Other,1.0,
132963,St Francis' RC Junior School,Local authority maintained schools,Primary,Not applicable,E15 1HD,51.548597,0.005982,State,Primary,0.8,
132969,Nelson Junior School,Local authority maintained schools,Primary,Not applicable,E6 2SE,51.533107,0.061187,State,Primary,0.8,
132970,St Thoma's RC Junior School,Local authority maintained schools,Primary,Not applicable,SW6 7HB,51.481763,-0.206652,State,Primary,0.8,
133003,Surrey Square Infant School,Local authority maintained schools,Primary,Not applicable,SE17 2JY,51.488745,-0.082974,State,Primary,0.8,
133022,Ecole Sitatunga,Other types,Not applicable,Not applicable,SE1 7NA,51.504234,-0.115884,State,Other,1.0,
133023,Kristiansund School,Other types,Not applicable,Not applicable,SE1 7NA,51.504234,-0.115884,State,Other,1.0,
133032,Churchill Gardens Language Unit,Other types,Not applicable,Not applicable,SW1V 3EU,51.487195,-0.139172,State,Other,1.0,
133038,Holborn College,Other types,Not applicable,Not applicable,W14 9RY,,,State,Other,1.0,
133045,Wellgrove School,Other types,Not applicable,Not applicable,N20 9EQ,,,State,Other,1.0,
133046,Trinity College of Music,Other types,Not applicable,Not applicable,W1U 3AQ,,,State,Other,1.0,
133047,Royal Academy of Music,Other types,Not applicable,Not applicable,NW1 5HT,51.523499,-0.151675,State,Other,1.0,
133048,Institute of Advanced Nursing Education,Other types,Not applicable,Not applicable,W1G 0RN,51.516016,-0.145895,State,Other,1.0,
133051,Mountview Theatre School,Other types,Not applicable,Not applicable,N8 9EA,51.576083,-0.121905,State,Other,1.0,
133064,Orchard Lodge,Other types,Not applicable,Not applicable,SE20 8BG,,,State,Other,1.0,
133086,Wildwood Montessori School,Other types,Not applicable,Not applicable,SE3 7PA,51.479739,0.01229,State,Other,1.0,
133107,Belmont Park School,Special schools,Not applicable,Has Special Classes,E10 6DB,51.576694,-0.007964,Special,Other,1.0,
133120,Brixton College for Further Education,Other types,Not applicable,Not applicable,SW2 1QS,51.456532,-0.119547,State,Other,1.0,
133121,Vauxhall College of Building and Further Education,Other types,Not applicable,Not applicable,SW8 2JY,51.475874,-0.132979,State,Other,1.0,
133122,South London College,Other types,Not applicable,Not applicable,SE27 0TX,,,State,Other,1.0,
133128,Kilburn Polytechnic,Other types,Not applicable,Not applicable,NW6 7UJ,51.54059,-0.197057,State,Other,1.0,
133129,Willesden College of Technology,Other types,Not applicable,Not applicable,NW10 2XD,51.551718,-0.243005,State,Other,1.0,
133131,The Service for Deaf and Partially Hearing Children,Other types,Not applicable,Not applicable,E13 9NB,51.525375,0.031703,State,Other,1.0,
133144,St John's and St Clement's Primary School Co Hearing Impaired Unit,Other types,Not applicable,Not applicable,SE15 4DY,51.463094,-0.071769,State,Other,1.0,
133155,Stamford House,Other types,Not applicable,Not applicable,W12 9NT,51.500694,-0.2352,State,Other,1.0,
133158,Brent KS2 PRU,Other types,Not applicable,Not applicable,NW10 8HE,51.547388,-0.259571,State,Other,1.0,
133165,Wimbledon School of Art,Other types,Not applicable,Not applicable,SW19 3QA,51.413623,-0.211806,State,Other,1.0,
133166,Camberwell College of Arts,Other types,Not applicable,Not applicable,SE5 8UF,51.47404,-0.080667,State,Other,1.0,
133167,London College of Printing & Distributive Trades,Other types,Not applicable,Not applicable,SE1 6SB,51.494915,-0.101818,State,Other,1.0,
133168,Inchbald School of Design,Other types,Not applicable,Not applicable,SW1W 9BA,51.494119,-0.155083,State,Other,1.0,
133189,Bridge Academy,Other types,Not applicable,Not applicable,W6 9JJ,51.491896,-0.231406,State,Other,1.0,
133209,Tavistock Mulberry Bush Day Unit,Other types,Not applicable,Not applicable,NW3 5BU,51.550212,-0.17442,State,Other,1.0,
133223,Allenby Tutorial Trust,Other types,Not applicable,Not applicable,SE23 1AT,51.443532,-0.046691,State,Other,1.0,
133240,Heathland School,Special schools,Not applicable,Has Special Classes,SW19 5NJ,51.437138,-0.223564,Special,Other,1.0,
133247,Hillcrest,Other types,Not applicable,Not applicable,SE19 1BY,51.420977,-0.090255,State,Other,1.0,
133249,Stratford Circus,Other types,Not applicable,Not applicable,E15 1BX,51.542937,0.001464,State,Other,1.0,
133260,Five Bridges,Special schools,Not applicable,Has Special Classes,SE11 5QY,51.486204,-0.119321,Special,Other,1.0,
133287,Lammas School and Sixth Form,Local authority maintained schools,Secondary,Not applicable,E10 7LX,51.565985,-0.025602,State,Secondary,2.0,
133288,St Elizabeth Catholic Primary School,Local authority maintained schools,Primary,Not applicable,E2 9JY,51.532712,-0.05141,State,Primary,0.8,2
133289,Bishop Challoner Boys' School,Local authority maintained schools,Secondary,Not applicable,E1 0LB,51.513566,-0.049749,State,Secondary,2.0,
133307,Mazahirul Uloom London School,Independent schools,Not applicable,Not applicable,E1 4AA,51.522215,-0.045299,Private,Other,1.0,
133313,Shooters Hill Post-16 Campus,Local authority maintained schools,16 plus,Not applicable,SE18 4LD,51.473102,0.061462,State,Sixth Form,3.0,
133315,Kings Avenue School,Local authority maintained schools,Primary,Not applicable,SW4 8BQ,51.456382,-0.129845,State,Primary,0.8,2
133364,Pardes House Primary School,Local authority maintained schools,Primary,No Special Classes,N3 1SA,51.599079,-0.197744,State,Primary,0.8,2
133365,Beis Yaakov Primary School,Local authority maintained schools,Primary,Not applicable,NW9 6NQ,51.591773,-0.257672,State,Primary,0.8,2
133371,Castle Homes Upper Forge,Special schools,Not applicable,Has Special Classes,W14 8UD,51.494582,-0.213453,Special,Other,1.0,
133385,The School of the Islamic Republic of Iran,Independent schools,Not applicable,Not applicable,NW6 5HE,51.532726,-0.197367,Private,Other,1.0,
133386,Greig City Academy,Academies,Secondary,Not applicable,N8 7NU,51.587553,-0.117202,State,Secondary,2.0,2
133388,Bermondsey School,Independent schools,Not applicable,Not applicable,SE16 7BS,,,Private,Other,1.0,
133399,Willow Dene School,Special schools,Not applicable,Has Special Classes,SE18 2JD,51.472839,0.091027,Special,Other,1.0,
133400,Charlton School,Special schools,Not applicable,Has Special Classes,SE7 8HX,51.481696,0.046251,Special,Other,1.0,
133401,Waterside School,Special schools,Not applicable,Has Special Classes,SE18 7NB,51.487342,0.081046,Special,Other,1.0,1
133434,Hawkesdown House School,Independent schools,Not applicable,Not applicable,W8 7PN,51.507598,-0.196054,Private,Other,1.0,
133439,Side By Side School,Special schools,Not applicable,Has Special Classes,N16 0QJ,51.564738,-0.084887,Special,Other,1.0,
133440,The Livity School,Special schools,Not applicable,Has Special Classes,SW16 2PW,51.436456,-0.123206,Special,Other,1.0,2
133442,The Michael Tippett School,Special schools,Not applicable,Has Special Classes,SE24 0HZ,51.461632,-0.100119,Special,Other,1.0,
133444,Ealing Independent College,Independent schools,Not applicable,Not applicable,W5 5AL,51.512363,-0.308263,Private,Other,1.0,
133447,Kings Kids Christian School,Independent schools,Not applicable,Not applicable,SE14 6EU,51.480609,-0.037992,Private,Other,1.0,
133448,Menorah High School,Independent schools,Not applicable,Not applicable,NW2 7BZ,51.562441,-0.239619,Private,Other,1.0,
133449,Al-Falah Primary School,Independent schools,Not applicable,Not applicable,E5 8BY,51.558262,-0.062408,Private,Other,1.0,
133451,The Woodfield Centre,Local authority maintained schools,Not applicable,Not applicable,SW16 1AU,51.437117,-0.131926,State,Other,1.0,
133452,The Rectory Centre,Local authority maintained schools,Not applicable,Not applicable,SW4 0EL,51.465774,-0.141382,State,Other,1.0,
133486,The William Hogarth Primary School,Local authority maintained schools,Primary,Not applicable,W4 2JR,51.48807,-0.256963,State,Primary,0.8,2
133489,Hospital Home and Education Units co St Mary's Hospitial Tuition Unit,Other types,Not applicable,Not applicable,W2 1NY,51.516971,-0.173545,State,Other,1.0,
133517,Noor Ul Islam Primary School,Independent schools,Not applicable,Not applicable,E10 6QW,51.563441,-0.007042,Private,Other,1.0,
133518,Bbi School,Special schools,Not applicable,Has Special Classes,SE11 5LG,51.489562,-0.11731,Special,Other,1.0,
133524,The St Michael Steiner School,Independent schools,Not applicable,Not applicable,SW18 5ST,51.455576,-0.199013,Private,Other,1.0,
133525,Mayville Primary School,Local authority maintained schools,Primary,Not applicable,E11 4PZ,51.560702,0.004884,State,Primary,0.8,
133526,Beis Hamedrash Elyon,Independent schools,Not applicable,Not applicable,NW11 9BY,51.576397,-0.2058,Private,Other,1.0,
133530,The Hospital and Home Tuition Sick Children's Service,Other types,Not applicable,Not applicable,SE5 9RS,51.468078,-0.09389,State,Other,1.0,
133533,Nancy Reuben Primary School,Independent schools,Not applicable,Not applicable,NW4 1DJ,51.589647,-0.217822,Private,Other,1.0,
133545,William Morris Sixth Form,Local authority maintained schools,16 plus,Not applicable,W6 8RB,51.489433,-0.217212,State,Sixth Form,3.0,2
133553,Torah Vodaas,Independent schools,Not applicable,Not applicable,NW9 7AJ,51.573826,-0.234272,Private,Other,1.0,
133574,Lansbury Lawrence Primary School,Local authority maintained schools,Primary,Not applicable,E14 6DZ,51.513522,-0.019253,State,Primary,0.8,1
133584,Loughborough Primary School,Local authority maintained schools,Primary,Not applicable,SW9 7UA,51.470204,-0.105205,State,Primary,0.8,
133590,Summerhouse Primary Pupil Referral Unit,Local authority maintained schools,Not applicable,Not applicable,SE22 0EP,51.450846,-0.068543,State,Other,1.0,
133599,Yesodey Hatorah Senior Girls School,Local authority maintained schools,Secondary,Not applicable,N16 6UB,51.573522,-0.068341,State,Secondary,2.0,2
133608,The Brooke House Sixth Form College,Colleges,16 plus,Not applicable,E5 8BP,51.559301,-0.056752,State,Sixth Form,3.0,
133616,Lubavitch House School (Senior Girls),Independent schools,Not applicable,Not applicable,N16 5RP,51.572236,-0.073273,Private,Other,1.0,
133617,Lubavitch House School (Junior Boys),Independent schools,Not applicable,Not applicable,E5 9AE,51.572788,-0.071301,Private,Other,1.0,
133618,Lubavitch House School (Junior Girls'),Independent schools,Not applicable,Not applicable,N16 5RP,51.572236,-0.073273,Private,Other,1.0,
133646,Al-Mizan School,Independent schools,Not applicable,Not applicable,E1 1JX,51.517319,-0.066265,Private,Other,1.0,
133647,Thomas Francis Academy,Independent schools,Not applicable,Not applicable,SW9 8RP,51.463574,-0.105609,Private,Other,1.0,
133660,Brent River College,Local authority maintained schools,Not applicable,Has Special Classes,NW9 9AE,51.588777,-0.266058,State,Other,1.0,2
133662,Jubilee Primary School,Local authority maintained schools,Primary,Has Special Classes,SW2 2JE,51.452412,-0.113858,State,Primary,0.8,2
133669,St. Dominic's Catholic Primary School,Local authority maintained schools,Primary,Not applicable,E9 5SR,51.545651,-0.039982,State,Primary,0.8,2
133707,The Mulberry Primary School,Local authority maintained schools,Primary,Not applicable,N17 9RB,51.595744,-0.066301,State,Primary,0.8,2
133722,Bridge To School,Local authority maintained schools,Not applicable,Not applicable,SE25 6XX,51.396769,-0.080382,State,Other,1.0,
133763,Belmont Park PRU,Local authority maintained schools,Not applicable,Not applicable,E10 6DB,51.576694,-0.007964,State,Other,1.0,
133764,Sansom Road PRU,Local authority maintained schools,Not applicable,Not applicable,E11 3HE,51.560812,0.012637,State,Other,1.0,
133765,Advantage Hawkwood,Local authority maintained schools,Not applicable,Not applicable,E4 7RS,51.641989,-0.009079,State,Other,1.0,
133797,Ravensbourne,Universities,Not applicable,Not applicable,SE10 0EW,51.501677,0.005678,State,Other,1.0,
133813,Queen Mary University of London,Universities,Not applicable,Not applicable,E1 4NS,51.524637,-0.040683,State,Other,1.0,
133814,University of East London,Universities,Not applicable,Not applicable,E16 2RD,51.507567,0.063234,State,Other,1.0,
133815,City University,Universities,Not applicable,Not applicable,EC1V 0HB,51.527903,-0.103099,State,Other,1.0,
133816,London Metropolitan University,Universities,Not applicable,Not applicable,N7 8DB,51.551473,-0.110354,State,Other,1.0,
133850,Middlesex University,Universities,Not applicable,Not applicable,NW4 4BT,51.589852,-0.229002,State,Other,1.0,
133851,University of North London,Universities,Not applicable,Not applicable,N7 8DB,51.551473,-0.110354,State,Other,1.0,
133859,The Royal Veterinary College,Universities,Not applicable,Not applicable,NW1 0TU,51.53683,-0.133773,State,Other,1.0,
133860,London Business School,Universities,Not applicable,Not applicable,NW1 4SA,51.526583,-0.161353,State,Other,1.0,
133861,Royal Academy of Music,Universities,Not applicable,Not applicable,NW1 5HT,51.523499,-0.151675,State,Other,1.0,
133862,Central School of Speech and Drama,Universities,Not applicable,Not applicable,NW3 3HY,51.544328,-0.17418,State,Other,1.0,
133873,London South Bank University,Universities,Not applicable,Not applicable,SE1 0AA,51.498709,-0.101747,State,Other,1.0,
133874,King's College London,Universities,Not applicable,Not applicable,SE1 8WA,51.505036,-0.112652,State,Other,1.0,
133875,Trinity Laban,Universities,Not applicable,Not applicable,SE8 3DZ,51.479054,-0.020388,State,Other,1.0,
133876,University of Greenwich,Universities,Not applicable,Not applicable,SE10 9LS,51.484468,-0.003979,State,Other,1.0,
133877,"Goldsmiths College, University of London",Universities,Not applicable,Not applicable,SE14 6NW,51.474144,-0.035375,State,Other,1.0,
133884,Roehampton University,Universities,Not applicable,Not applicable,SW15 5PJ,51.455142,-0.246918,State,Other,1.0,
133885,St George's Hospital Medical School,Universities,Not applicable,Not applicable,SW17 0RE,51.427798,-0.175204,State,Other,1.0,
133886,University of the Arts London,Universities,Not applicable,Not applicable,SW19 3QA,51.413623,-0.211806,State,Other,1.0,
133887,"Imperial College of Science, Technology and Medicine",Universities,Not applicable,Not applicable,SW7 2AZ,51.499334,-0.179178,State,Other,1.0,
133888,Royal College of Music,Universities,Not applicable,Not applicable,SW7 2BS,51.49928,-0.176889,State,Other,1.0,
133889,Royal College of Art,Universities,Not applicable,Not applicable,SW7 2EU,51.501355,-0.178449,State,Other,1.0,
133890,Institute of Cancer Research,Universities,Not applicable,Not applicable,SW3 6JB,51.490269,-0.173936,State,Other,1.0,
133898,University of Westminster,Universities,Not applicable,Not applicable,W1B 2UW,,,State,Other,1.0,
133900,University of the Arts London,Universities,Not applicable,Not applicable,WC1V 7EY,51.517766,-0.116363,State,Other,1.0,
133901,University of West London,Universities,Not applicable,Not applicable,W5 5RF,51.50726,-0.302991,State,Other,1.0,
133902,University College London,Universities,Not applicable,Not applicable,WC1E 6BT,51.523571,-0.132398,State,Other,1.0,
133903,London School of Hygiene & Tropical Medicine,Universities,Not applicable,Not applicable,WC1E 7HT,51.520927,-0.130661,State,Other,1.0,
133904,University of London,Universities,Not applicable,Not applicable,WC1E 7HU,51.520644,-0.128698,State,Other,1.0,
133905,Birkbeck College,Universities,Not applicable,Not applicable,WC1E 7HX,51.521893,-0.130334,State,Other,1.0,
133907,School of Oriental and African Studies,Universities,Not applicable,Not applicable,WC1H 0XG,51.522352,-0.129234,State,Other,1.0,
133908,Conservatoire for Dance and Drama,Universities,Not applicable,Not applicable,WC1H 0JJ,51.526751,-0.129342,State,Other,1.0,
133909,The School of Pharmacy,Universities,Not applicable,Not applicable,WC1N 1AX,51.525085,-0.122432,State,Other,1.0,
133910,London School of Economics and Political Science,Universities,Not applicable,Not applicable,WC2A 2AE,51.514116,-0.116946,State,Other,1.0,
133921,Advantage Davis,Local authority maintained schools,Not applicable,Not applicable,E10 5DX,51.568924,-0.016413,State,Other,1.0,
133923,Beachcroft School,Local authority maintained schools,Not applicable,Not applicable,NW8 0NW,51.536406,-0.176573,State,Other,1.0,
133927,The From Boyhood To Manhood Foundation,Other types,Not applicable,Not applicable,SE15 6EF,51.480289,-0.082234,State,Other,1.0,
133931,Oakdale Junior School,Local authority maintained schools,Primary,Not applicable,E18 1JX,51.592625,0.032579,State,Primary,0.8,2
133932,Oakdale Infants' School,Local authority maintained schools,Primary,Not applicable,E18 1JU,51.592971,0.031324,State,Primary,0.8,2
133935,Churchfields Junior School,Local authority maintained schools,Primary,Not applicable,E18 2RB,51.598288,0.027027,State,Primary,0.8,1
133936,Churchfields Infants' School,Local authority maintained schools,Primary,Not applicable,E18 2RB,51.598288,0.027027,State,Primary,0.8,1
133988,Brent Tuition Centre,Local authority maintained schools,Not applicable,Not applicable,NW10 8HE,51.547388,-0.259571,State,Other,1.0,
133992,Haizira School,Other types,Not applicable,Not applicable,E14 9TS,51.499196,-0.01283,State,Other,1.0,
133998,Barnaby Bear Ward School Room At Central Middlesex Hospital,Local authority maintained schools,Not applicable,Not applicable,NW10 7NS,51.530938,-0.269138,State,Other,1.0,
134009,Larmenier & Sacred Heart Catholic Primary School,Local authority maintained schools,Primary,Not applicable,W6 7BL,51.495292,-0.218121,State,Primary,0.8,1
134010,Parsons Green Prep School,Independent schools,Not applicable,Not applicable,SW6 4LJ,51.472149,-0.207792,Private,Other,1.0,
134013,Charlotte Turner Primary School,Local authority maintained schools,Primary,Not applicable,SE8 3HD,51.483163,-0.024085,State,Primary,0.8,
134030,The Bridge School,Special schools,Not applicable,Has Special Classes,N7 0EQ,51.553716,-0.12962,Special,Other,1.0,
134031,Home and Hospital Service,Local authority maintained schools,Not applicable,Not applicable,N14 4HN,51.643088,-0.14589,State,Other,1.0,
134041,Gatton (VA) Primary School,Local authority maintained schools,Primary,Not applicable,SW17 0DS,51.430334,-0.167118,State,Primary,0.8,1
134068,The Davis School,Local authority maintained schools,Not applicable,Not applicable,E4 6EY,51.625359,0.009538,State,Other,1.0,
134084,Islamic Shakhsiyah Foundation,Independent schools,Not applicable,Not applicable,N15 5RG,51.580567,-0.083962,Private,Other,1.0,
134086,Rhoda Reid School,Independent schools,Not applicable,Not applicable,SW2 3BL,51.437308,-0.11861,Private,Other,1.0,
134142,The Villa,Independent schools,Not applicable,Not applicable,SE15 5AH,51.469935,-0.076031,Private,Other,1.0,
134145,Park House School,Special schools,Not applicable,Has Special Classes,SW18 2SL,51.458567,-0.177245,Special,Other,1.0,
134149,Adam Primary School,Independent schools,Not applicable,Not applicable,E1 1JX,51.517319,-0.066265,Private,Other,1.0,
134154,Courtauld Institute of Art,Universities,Not applicable,Not applicable,WC2R 0RN,51.510734,-0.116912,State,Other,1.0,
134160,Malmesbury Primary School,Local authority maintained schools,Primary,Not applicable,E3 2AB,51.527275,-0.02957,State,Primary,0.8,2
134163,Haringey Sixth Form Centre,Local authority maintained schools,16 plus,Not applicable,N17 8HR,51.606797,-0.072937,State,Sixth Form,3.0,
134178,Larkswood Primary School,Local authority maintained schools,Primary,Not applicable,E4 8ET,51.617135,-0.013966,State,Primary,0.8,
134192,L'Ecole Bilingue Elementaire,Independent schools,Not applicable,Not applicable,W2 1SJ,51.521364,-0.176756,Private,Other,1.0,
134194,Crossways Sixth Form,Local authority maintained schools,16 plus,Not applicable,SE4 2NL,51.46729,-0.039572,State,Sixth Form,3.0,
134198,The Nea Project,Independent schools,Not applicable,Not applicable,SW16 2PG,51.437316,-0.126379,Private,Other,1.0,
134213,Woodside School,Local authority maintained schools,Primary,Has Special Classes,E17 3JX,51.589575,-0.003994,State,Primary,0.8,
134215,Hillyfield Primary School,Local authority maintained schools,Primary,Not applicable,E17 6ED,51.592213,-0.033967,State,Primary,0.8,
134222,City of London Academy (Southwark),Academies,Secondary,Not applicable,SE1 5LA,51.489227,-0.064674,State,Secondary,2.0,2
134225,Harris Academy Peckham,Academies,Secondary,Not applicable,SE15 5DZ,51.473778,-0.074026,State,Secondary,2.0,2
134226,Harris Lowe Academy Willesden,Academies,Secondary,Not applicable,NW10 3ST,51.539966,-0.232902,State,Secondary,2.0,2
134233,Ohel Torah,Independent schools,Not applicable,Not applicable,NW11 9QA,51.579588,-0.208662,Private,Other,1.0,
134247,Essential Achievers,Special schools,Not applicable,Has Special Classes,N21 2RH,51.63578,-0.083312,Special,Other,1.0,
134264,Centre for Staff Development,Local authority maintained schools,Not applicable,Not applicable,NW10 8HE,51.547388,-0.259571,State,Other,1.0,
134268,Headstart Montessori School,Independent schools,Not applicable,Not applicable,SW17 0UQ,51.432649,-0.181787,Private,Other,1.0,
134271,Latymer Preparatory School,Independent schools,Not applicable,Not applicable,W6 9TA,51.490606,-0.236541,Private,Other,1.0,
134273,Normand Croft Community School for Early Years and Primary Education,Local authority maintained schools,Primary,No Special Classes,W14 9PA,51.485581,-0.203477,State,Primary,0.8,2
134274,New River College Medical,Local authority maintained schools,Not applicable,Not applicable,N1 0TJ,51.53537,-0.113314,State,Other,1.0,1
134275,New Directions,Local authority maintained schools,Not applicable,Not applicable,N1 8AF,51.535127,-0.101587,State,Other,1.0,
134307,Starks Field Primary School,Local authority maintained schools,Primary,Has Special Classes,N9 9SJ,51.628551,-0.074081,State,Primary,0.8,2
134314,St Mary Magdalene Academy,Academies,All-through,No Special Classes,N7 8PG,51.547651,-0.109763,State,Other,1.0,1
134334,Revitalise,Local authority maintained schools,Not applicable,Not applicable,SE10 0RA,51.486424,0.008422,State,Other,1.0,
134370,East London Christian Choir School,Independent schools,Not applicable,Not applicable,E8 4AE,51.543331,-0.075849,Private,Other,1.0,
134384,Mayflower Independant School,Independent schools,Not applicable,Not applicable,SE13 7QY,51.471562,-0.015558,Private,Other,1.0,
134387,"CSPC International School, Hui Yang",Other types,Not applicable,Not applicable,E14 9TS,51.499196,-0.01283,State,Other,1.0,
134399,Allenby Primary School,Independent schools,Not applicable,Not applicable,SE23 2DF,51.441788,-0.050492,Private,Other,1.0,
134400,Olive Tree School,Independent schools,Not applicable,Not applicable,SE13 6NZ,51.451146,-0.016472,Private,Other,1.0,
134402,Right Choice Independent Special School,Independent schools,Not applicable,Not applicable,SE18 6BB,51.49114,0.068672,Private,Other,1.0,
134409,Sol Ecole,Independent schools,Not applicable,Not applicable,EC1V 3QS,51.525891,-0.093812,Private,Other,1.0,
134410,The Waltham Forest Inclusion Centre,Independent schools,Not applicable,Not applicable,E4 7RS,51.641989,-0.009079,Private,Other,1.0,
134413,New North Community School,Local authority maintained schools,Primary,Not applicable,N1 8SJ,51.538607,-0.095501,State,Primary,0.8,
134417,Azhar Academy Girls School,Independent schools,Not applicable,Not applicable,E15 4DR,51.539337,0.007911,Private,Other,1.0,
134418,21st Century Academy,Special schools,Not applicable,Has Special Classes,E17 4PN,51.593914,-0.01804,Special,Other,1.0,
134431,Bellerbys College London,Independent schools,Not applicable,Not applicable,SE8 3DE,51.481545,-0.02198,Private,Other,1.0,
134470,Orchard Primary School,Independent schools,Not applicable,Not applicable,SW2 3ES,51.444442,-0.11823,Private,Other,1.0,
134507,The Orchard School,Local authority maintained schools,Primary,No Special Classes,SW2 3ES,51.444442,-0.11823,State,Primary,0.8,1
134509,Focus School - Barnet Campus,Independent schools,Not applicable,Not applicable,N20 9EQ,,,Private,Other,1.0,
134573,From Boyhood To Manhood Foundation,Independent schools,Not applicable,Has Special Classes,SE15 6EF,51.480289,-0.082234,Private,Other,1.0,
134577,Zakariya Primary School,Independent schools,Not applicable,Not applicable,E7 8AB,51.5475,0.033611,Private,Other,1.0,
134579,Walthamstow Montessori School,Independent schools,Not applicable,Not applicable,E17 5DA,51.597534,-0.022618,Private,Other,1.0,
134580,Phoenix Academy,Independent schools,Not applicable,Not applicable,N9 8LD,51.628458,-0.051545,Private,Other,1.0,
134581,"Al Hidayah Primary School At Unit 1f, N17 Studios",Independent schools,Not applicable,Not applicable,N17 0DA,,,Private,Other,1.0,
134584,North London Muslim School,Independent schools,Not applicable,Not applicable,N18 2XF,51.61258,-0.065311,Private,Other,1.0,
134591,Madaniyah Foundation,Independent schools,Not applicable,Not applicable,E7 8NN,51.541879,0.040384,Private,Other,1.0,
134612,The Learning Trust,Local authority maintained schools,Not applicable,Not applicable,E8 1GQ,51.544479,-0.05607,State,Other,1.0,
134613,"Education Otherwise, City of Westminster",Local authority maintained schools,Not applicable,Not applicable,W9 3HW,,,State,Other,1.0,
134627,Quwwat Ul Islam Girls' School,Independent schools,Not applicable,Not applicable,E7 9NB,51.544282,0.02418,Private,Other,1.0,
134635,New Regent's College,Local authority maintained schools,Not applicable,Has Special Classes,N1 7RD,51.529513,-0.088182,State,Other,1.0,2
134639,Lubavitch Ruth Lunzer Girls Primary School,Local authority maintained schools,Primary,Not applicable,N16 5RP,51.572236,-0.073273,State,Primary,0.8,
134643,CCfL Key Stage 3 PRU,Local authority maintained schools,Not applicable,Not applicable,NW1 8DP,51.544441,-0.147018,State,Other,1.0,
134664,Notting Hill Prep School,Independent schools,Not applicable,Not applicable,W11 1QQ,51.516844,-0.208473,Private,Other,1.0,
134668,Heathfield House School,Independent schools,Not applicable,Not applicable,W4 4JU,51.489585,-0.268774,Private,Other,1.0,
134676,"Discovery Bay PRU With Hospital, Home and Outreach Teaching Team",Local authority maintained schools,Not applicable,Not applicable,N11 1NP,,,State,Other,1.0,
134680,Chestnuts Primary School,Local authority maintained schools,Primary,Not applicable,N15 3AS,51.58302,-0.091524,State,Primary,0.8,2
134681,North Harringay Primary School,Local authority maintained schools,Primary,Not applicable,N8 0NU,51.585713,-0.10625,State,Primary,0.8,2
134683,Silburn Reid,Other types,Not applicable,Not applicable,SW16 3JE,51.422916,-0.109966,State,Other,1.0,
134693,Mossbourne Community Academy,Academies,Secondary,Not applicable,E5 8JY,51.551486,-0.062653,State,Secondary,2.0,1
134764,North London Grammar School,Independent schools,Not applicable,Not applicable,NW9 6HB,51.589386,-0.239862,Private,Other,1.0,
134782,The Gower School,Independent schools,Not applicable,Not applicable,N1 9JF,51.531943,-0.113254,Private,Other,1.0,
134800,The Avenue Pre-Preparatory School and Nursery,Independent schools,Not applicable,Not applicable,N6 5RX,51.575807,-0.144704,Private,Other,1.0,
134808,Oliver House Preparatory School,Independent schools,Not applicable,Not applicable,SW4 9AH,51.452614,-0.149127,Private,Other,1.0,
134810,London East Academy,Independent schools,Not applicable,Not applicable,E1 1JX,51.517319,-0.066265,Private,Other,1.0,
134811,The Walmer Road School,Independent schools,Not applicable,Not applicable,W11 4EY,51.51224,-0.212026,Private,Other,1.0,
134812,Ecole Du Parc,Independent schools,Not applicable,Not applicable,SW11 5PN,51.465214,-0.152044,Private,Other,1.0,
134815,The Elms Academy,Academies,Secondary,Not applicable,SW4 9ET,51.457389,-0.141161,State,Secondary,2.0,2
134822,Wetherby Preparatory School,Independent schools,Not applicable,Not applicable,W1H 2EA,51.516633,-0.161134,Private,Other,1.0,
134827,Bellerbys College London,Independent schools,Not applicable,Not applicable,SE8 3DE,51.481545,-0.02198,Private,Other,1.0,
134850,The Theodore McLeary Primary School,Independent schools,Not applicable,No Special Classes,SE22 8PW,51.459451,-0.076673,Private,Other,1.0,
134876,"Bridge Education, Camden Tuition Service",Local authority maintained schools,Not applicable,Not applicable,NW1 1BD,51.53425,-0.137743,State,Other,1.0,
134886,"The School Room, 7th Floor at St Mary's Education Unit",Local authority maintained schools,Not applicable,Not applicable,W2 1NY,51.516971,-0.173545,State,Other,1.0,
134895,The Avenue School,Local authority maintained schools,Primary,Not applicable,NW6 7YG,51.541964,-0.210472,State,Primary,0.8,
134903,Rye Oak Primary School,Local authority maintained schools,Primary,Not applicable,SE15 3PD,51.464168,-0.064353,State,Primary,0.8,2
134911,Abingdon House School,Special schools,Not applicable,Has Special Classes,NW1 6LG,51.523971,-0.166287,Special,Other,1.0,
134919,New Directions,Local authority maintained schools,Not applicable,Not applicable,E16 2LS,51.501224,0.06495,State,Other,1.0,2
134939,L'Ecole Bilingue Maternelle,Independent schools,Not applicable,Not applicable,SW5 0LX,51.493626,-0.18802,Private,Other,1.0,
134961,Brook Community Primary School,Local authority maintained schools,Primary,Not applicable,E8 1AS,51.548766,-0.062451,State,Primary,0.8,
134983,Southwark Inclusive Learning Service KS4 Centre,Local authority maintained schools,Not applicable,Not applicable,SE1 3RY,51.501115,-0.08878,State,Other,1.0,
135024,Schoolhouse Education,Independent schools,Not applicable,Not applicable,SE8 4EW,51.469644,-0.022884,Private,Other,1.0,
135072,Ellern Mede School Limited,Independent schools,Not applicable,Not applicable,NW7 4HX,51.623447,-0.236797,Private,Other,1.0,
135073,Haberdashers' Hatcham College,Academies,Secondary,Not applicable,SE14 5SF,51.467333,-0.043241,State,Secondary,2.0,2
135082,The Westside Independent School,Special schools,Not applicable,Has Special Classes,W10 4RS,51.527778,-0.207828,Special,Other,1.0,
135086,Akiva School,Local authority maintained schools,Primary,Not applicable,N3 2SY,51.59528,-0.189333,State,Primary,0.8,2
135091,London Christian Learning Centre,Independent schools,Not applicable,Not applicable,E12 5AD,51.55002,0.045407,Private,Other,1.0,
135124,Selwyn Primary School,Local authority maintained schools,Primary,Not applicable,E4 9NG,51.605361,-0.006898,State,Primary,0.8,
135140,North Bridge House Preparatory,Independent schools,Not applicable,No Special Classes,NW1 7AB,51.536641,-0.146787,Private,Other,1.0,
135167,"Gloucester House, The Tavistock Children's Day Unit",Special schools,Not applicable,Has Special Classes,NW3 5BU,51.550212,-0.17442,Special,Other,1.0,
135175,Parayhouse School,Special schools,Not applicable,Has Special Classes,W14 9BL,51.491866,-0.214005,Special,Other,1.0,2
135193,Our Lady and St George's Catholic Primary School,Local authority maintained schools,Primary,Not applicable,E17 3EA,51.589132,-0.007536,State,Primary,0.8,2
135194,Laurel Leaf School,Special schools,Not applicable,Has Special Classes,E7 8BS,51.546766,0.031386,Special,Other,1.0,
135226,Martin Primary School,Local authority maintained schools,Primary,No Special Classes,N2 9JP,51.594835,-0.168185,State,Primary,0.8,2
135242,Ark King Solomon Academy,Academies,All-through,No Special Classes,NW1 6RX,51.521572,-0.169281,State,Other,1.0,1
135249,Harris Academy South Norwood,Academies,Secondary,No Special Classes,SE25 6AE,51.400129,-0.074691,State,Secondary,2.0,2
135260,Southwark Inclusive Learning Service (Sils),Local authority maintained schools,Not applicable,Not applicable,SE15 6LF,51.481355,-0.074844,State,Other,1.0,2
135264,St Matthew Academy,Academies,All-through,Not applicable,SE3 0XX,51.464218,-0.000415,State,Other,1.0,2
135277,L'Ecole de Battersea,Independent schools,Not applicable,No Special Classes,SW11 3DS,51.4734,-0.172276,Private,Other,1.0,
135298,Maple Walk School,Independent schools,Not applicable,No Special Classes,NW10 4EB,51.538966,-0.245962,Private,Other,1.0,
135310,Stratford College London,Independent schools,Not applicable,No Special Classes,E15 4PH,51.539492,0.00414,Private,Other,1.0,
135311,Harris City Academy Crystal Palace,Academies,Secondary,No Special Classes,SE19 2JH,51.411674,-0.076795,State,Secondary,2.0,1
135315,Ark Walworth Academy,Academies,Secondary,No Special Classes,SE1 5UJ,51.487096,-0.079457,State,Secondary,2.0,2
135316,Ashcroft Technology Academy,Academies,Secondary,No Special Classes,SW15 2UT,51.456321,-0.207706,State,Secondary,2.0,1
135370,Highfields,Special schools,Not applicable,Has Special Classes,W14 8UD,51.494582,-0.213453,Special,Other,1.0,
135373,Southover Partnership School,Special schools,Not applicable,Has Special Classes,NW9 9HA,51.587693,-0.272452,Special,Other,1.0,
135375,St Michael and All Angels CofE Academy,Academies,Secondary,No Special Classes,SE5 0UB,51.478035,-0.099567,State,Secondary,2.0,
135379,Christian School of London,Independent schools,Not applicable,No Special Classes,N1 5DJ,51.536237,-0.085218,Private,Other,1.0,
135389,Ark Evelyn Grace Academy,Academies,Secondary,No Special Classes,SE24 0QN,,,State,Secondary,2.0,3
135401,Bacon's College,Academies,Secondary,No Special Classes,SE16 6AT,51.502362,-0.042273,State,Secondary,2.0,
135409,London Christian School,Independent schools,Not applicable,No Special Classes,SE1 4JU,51.500478,-0.091631,Private,Other,1.0,
135412,Guildhall School of Music and Drama,Universities,Not applicable,No Special Classes,EC2Y 8DT,51.519519,-0.092348,State,Other,1.0,
135417,Harris Federation,Colleges,Not applicable,No Special Classes,SE19 2BH,,,State,Other,1.0,
135452,Excellence Christian School,Independent schools,Not applicable,No Special Classes,E2 9DQ,51.534717,-0.055189,Private,Other,1.0,
135472,Winston House Preparatory School,Independent schools,Not applicable,Not applicable,E18 2QS,51.597443,0.021763,Private,Other,1.0,
135493,Insights Independent School,Special schools,Not applicable,Has Special Classes,W13 0NP,51.512707,-0.320284,Special,Other,1.0,
135507,Wren Academy Finchley,Academies,All-through,No Special Classes,N12 9HB,51.612667,-0.168218,State,Other,1.0,1
135531,Chelsea Academy,Academies,Secondary,Not applicable,SW10 0AB,51.478207,-0.183029,State,Secondary,2.0,2
135534,TreeHouse School,Special schools,Not applicable,Has Special Classes,N10 3JA,51.587232,-0.148454,Special,Other,1.0,1
135540,Allenby Primary School,Independent schools,Not applicable,Not applicable,SE23 2DF,51.441788,-0.050492,Private,Other,1.0,
135558,Hawkswood Primary PRU,Local authority maintained schools,Not applicable,No Special Classes,E4 7RT,51.643143,-0.006615,State,Other,1.0,1
135559,Belmont Park,Local authority maintained schools,Not applicable,No Special Classes,E10 6DB,51.576694,-0.007964,State,Other,1.0,
135584,Ark Globe Academy,Academies,All-through,No Special Classes,SE1 6AG,51.495599,-0.090192,State,Other,1.0,2
135587,City of London Academy Islington,Academies,Secondary,No Special Classes,N1 8PQ,51.535947,-0.097833,State,Secondary,2.0,1
135610,Southwark Inclusive Learning Service Plus (Sils+),Local authority maintained schools,Not applicable,No Special Classes,SE15 2DW,51.471808,-0.054929,State,Other,1.0,
135614,Iqra Primary School,Local authority maintained schools,Primary,No Special Classes,SW4 9PA,51.455243,-0.130021,State,Primary,0.8,1
135615,Corner House Unit,Local authority maintained schools,Not applicable,No Special Classes,SW17 7DJ,51.437358,-0.172348,State,Other,1.0,
135616,Snowflake School,Special schools,Not applicable,Has Special Classes,W3 8SB,51.507119,-0.273586,Special,Other,1.0,
135676,Pimlico Academy,Academies,Secondary,No Special Classes,SW1V 3AT,51.48818,-0.137173,State,Secondary,2.0,2
135683,Kestrel House School,Special schools,Not applicable,Not applicable,N8 9EA,51.576083,-0.121905,Special,Other,1.0,
135694,Plaistow Jamia Islamia,Independent schools,Not applicable,Not applicable,E13 8AA,51.528994,0.023718,Private,Other,1.0,
135698,Southover Partnership School,Special schools,Not applicable,Not applicable,N12 0EY,51.611815,-0.178131,Special,Other,1.0,
135726,Morasha Jewish Primary School,Independent schools,Not applicable,Not applicable,N12 8PE,51.609791,-0.183888,Private,Other,1.0,
135729,London Vocational Ballet School,Independent schools,Not applicable,Not applicable,W12 8AP,51.505897,-0.223068,Private,Other,1.0,
135756,The Lighthouse Group (TLG) Centre,Independent schools,Not applicable,Not applicable,SE11 5SY,51.482547,-0.112759,Private,Other,1.0,
135758,Church Lane Pupil Referral Unit,Local authority maintained schools,Not applicable,Not applicable,NW9 8BD,,,State,Other,1.0,
135762,Saint John Bosco College,Local authority maintained schools,Secondary,Has Special Classes,SW11 3DQ,51.474734,-0.171935,State,Secondary,2.0,2
135764,Dalling House Mandarin Immersion School,Independent schools,Not applicable,Not applicable,W6 0EU,51.498318,-0.2345,Private,Other,1.0,
135784,Sycamore House,Special schools,Not applicable,Not applicable,W14 8UD,51.494582,-0.213453,Special,Other,1.0,
135793,TCS Primary (Special Needs) School,Special schools,Not applicable,Not applicable,NW10 8AH,51.534876,-0.251498,Special,Other,1.0,
135794,North West London Independent Special School,Special schools,Not applicable,Not applicable,W3 7DD,51.514651,-0.24965,Special,Other,1.0,
135800,Fashion Retail Academy,Other types,Not applicable,Not applicable,EC2M 6SE,51.517619,-0.088363,State,Other,1.0,
135810,Pathways Short Stay School,Local authority maintained schools,Not applicable,Not applicable,SE2 9TA,51.494639,0.123965,State,Other,1.0,
135816,Harris Boys' Academy East Dulwich,Academies,Secondary,Not applicable,SE22 0AT,51.456613,-0.065421,State,Secondary,2.0,1
135835,"The City Academy, Hackney",Academies,Secondary,Not applicable,E9 6EA,51.548663,-0.048608,State,Secondary,2.0,2
135843,Prendergast Vale School,Local authority maintained schools,All-through,No Special Classes,SE13 7BN,51.463566,-0.016006,State,Other,1.0,
135844,Heartlands High School,Local authority maintained schools,Secondary,Has Special Classes,N22 7ST,51.59764,-0.119269,State,Secondary,2.0,
135873,The Woodlands  Montessori Preparatory School,Independent schools,Not applicable,No Special Classes,E15 2DD,51.552833,-0.00615,Private,Other,1.0,
135901,Marathon Science School,Independent schools,Not applicable,No Special Classes,SE8 5RQ,51.490098,-0.041849,Private,Other,1.0,
135954,Camden Courthope Education Centre,Local authority maintained schools,Not applicable,Not applicable,NW3 2LE,51.554757,-0.156235,State,Other,1.0,
135973,E-ACT Crest Academy,Academies,Secondary,No Special Classes,NW2 7SN,51.563052,-0.241991,State,Secondary,2.0,2
135974,The Crest Boys' Academy,Academies,Secondary,Not applicable,NW2 7SN,51.563052,-0.241991,State,Secondary,2.0,
135976,Stephenson School,Independent schools,Not applicable,No Special Classes,W10 5BJ,51.525704,-0.20801,Private,Other,1.0,
135978,Al-Azhar Primary School,Independent schools,Not applicable,No Special Classes,E14 7AF,51.51453,-0.027267,Private,Other,1.0,
135988,Assunnah Primary School,Independent schools,Not applicable,Not applicable,N17 6SB,51.595442,-0.069202,Private,Other,1.0,
135989,Faraday School,Independent schools,Not applicable,No Special Classes,E14 0FH,51.508493,0.008889,Private,Other,1.0,
136002,Trinity School,Special schools,Not applicable,Not applicable,SE26 4ST,51.429519,-0.051921,Special,Other,1.0,
136015,Bnos Zion of Bobov,Independent schools,Not applicable,No Special Classes,N16 6TJ,51.575164,-0.069758,Private,Other,1.0,
136017,Hopewell School (Bartram),Special schools,Not applicable,Not applicable,SE13 5BD,51.462769,-0.007705,Special,Other,1.0,
136029,Key Stage 3 Short Stay School/ AP,Local authority maintained schools,Not applicable,Not applicable,E4 8YJ,51.608668,-0.023232,State,Other,1.0,
136031,Education Links,Special schools,Not applicable,Not applicable,E15 4HJ,51.538343,0.010304,Special,Other,1.0,
136052,East London Independent School,Special schools,Not applicable,Has Special Classes,E15 4HT,51.539819,0.008163,Special,Other,1.0,
136054,Abbey College,Independent schools,Not applicable,No Special Classes,SW1W 0DH,51.497224,-0.14722,Private,Other,1.0,
136057,Chepstow House School,Independent schools,Not applicable,No Special Classes,W11 1QS,51.517375,-0.207876,Private,Other,1.0,
136077,New Hope Christian Academy,Independent schools,Not applicable,Not applicable,SE22 8PW,51.459451,-0.076673,Private,Other,1.0,
136084,Ayasofia Primary School,Independent schools,Not applicable,No Special Classes,E1 2JA,51.517573,-0.05713,Private,Other,1.0,
136092,Wize Up,Special schools,Not applicable,Not applicable,SE9 6DN,51.456037,0.040166,Special,Other,1.0,
136096,Cambridge Heath Sixth Form,Colleges,Not applicable,Not applicable,E2 0LD,51.525368,-0.051075,State,Other,1.0,
136100,StreetVibes Media Academy,Independent schools,Not applicable,Not applicable,SE9 1DA,51.451126,0.04949,Private,Other,1.0,
136110,Roehampton Gate School,Special schools,Not applicable,Not applicable,SW15 5JJ,51.462539,-0.251486,Special,Other,1.0,
136116,Harris Federation Post 16,Colleges,Not applicable,No Special Classes,SE25 6AB,51.400732,-0.076348,State,Other,1.0,
136129,Ebrahim Academy,Independent schools,Not applicable,No Special Classes,E1 1EJ,51.515787,-0.065494,Private,Other,1.0,
136137,Skinners' Academy,Academies,Secondary,No Special Classes,N4 1SY,51.573155,-0.090984,State,Secondary,2.0,2
136138,Islington Sixth Form Consortium,Colleges,Not applicable,Not applicable,EC2A 4SH,51.525211,-0.085753,State,Other,1.0,
136147,Aylward Academy,Academies,Secondary,No Special Classes,N18 1NB,51.618243,-0.08216,State,Secondary,2.0,2
136151,Frederick Hugh House,Special schools,Not applicable,Has Special Classes,SW3 5BY,51.484191,-0.171716,Special,Other,1.0,
136157,Nightingale Academy,Academies,Secondary,No Special Classes,N9 8DQ,51.63286,-0.045894,State,Secondary,2.0,
136172,Hammersmith Academy,Academies,Secondary,No Special Classes,W12 9JD,51.501642,-0.23489,State,Secondary,2.0,2
136208,Richmond Park Academy,Academies,Secondary,No Special Classes,SW14 8RG,51.463153,-0.25771,State,Secondary,2.0,2
136218,Clissold Park School,Local authority maintained schools,Not applicable,Not applicable,N16 9EX,51.557889,-0.084583,State,Other,1.0,
136231,Bnos Beis Yaakov Primary School,Independent schools,Not applicable,No Special Classes,NW9 8XR,51.582665,-0.263794,Private,Other,1.0,
136250,The Pier Head Preparatory Montessori School,Independent schools,Not applicable,Not applicable,E1W 3TD,51.508339,-0.050159,Private,Other,1.0,
136256,Oleander Preparatory School,Independent schools,Not applicable,No Special Classes,SW2 1NR,51.446122,-0.12373,Private,Other,1.0,
136263,The Holmewood School,Special schools,Not applicable,Has Special Classes,N12 8SH,51.61805,-0.184772,Special,Other,1.0,
136284,Cuckoo Hall Academy,Academies,Primary,No Special Classes,N9 8DR,51.635974,-0.042292,State,Primary,0.8,
136288,Durand Academy,Academies,All-through,No Special Classes,SW9 0RD,51.474922,-0.115608,State,Other,1.0,
136298,The Charter School North Dulwich,Academies,Secondary,Not applicable,SE24 9JH,51.456411,-0.089266,State,Secondary,2.0,1
136308,Ashmole Academy,Academies,Secondary,No Special Classes,N14 5RJ,51.632683,-0.136127,State,Secondary,2.0,2
136309,Kingsdale Foundation School,Academies,Secondary,No Special Classes,SE21 8SQ,51.432231,-0.084952,State,Secondary,2.0,1
136362,Roger Ascham Primary School,Academies,Primary,No Special Classes,E17 5HU,51.598755,-0.026248,State,Primary,0.8,2
136364,Yardley Primary School,Academies,Primary,No Special Classes,E4 7PH,51.640667,-0.006449,State,Primary,0.8,1
136413,Hillyfield Primary Academy,Academies,Primary,Not applicable,E17 6ED,51.592213,-0.033967,State,Primary,0.8,2
136418,The Compton School,Academies,Secondary,No Special Classes,N12 0QG,51.608545,-0.161047,State,Secondary,2.0,1
136445,Christ the Saviour Church of England Primary School,Local authority maintained schools,Primary,No Special Classes,W5 2AA,51.514118,-0.304595,State,Primary,0.8,2
136450,Platanos College,Academies,Secondary,No Special Classes,SW9 0AL,51.473868,-0.12,State,Secondary,2.0,2
136504,TLG West London,Independent schools,Not applicable,No Special Classes,W6 8NS,51.486063,-0.213829,Private,Other,1.0,
136509,RR6,Colleges,Not applicable,Not applicable,SW19 7HB,51.428148,-0.206046,State,Other,1.0,
136665,Dulwich Hamlet Junior School,Academies,Primary,No Special Classes,SE21 7AL,51.451627,-0.087062,State,Primary,0.8,1
136669,Brampton Manor Academy,Academies,Secondary,No Special Classes,E6 3SQ,51.520969,0.046138,State,Secondary,2.0,1
136740,Catch22 Include London,Special schools,Not applicable,Not applicable,W10 6TH,51.51217,-0.219206,Special,Other,1.0,
136747,SIAL,Independent schools,Not applicable,Not applicable,W11 4UH,51.505896,-0.211727,Private,Other,1.0,
136750,West London Free School,Free Schools,Secondary,Not applicable,W6 9LP,51.492875,-0.236712,State,Secondary,2.0,2
136807,St Luke's Church of England School,Free Schools,Primary,Not applicable,NW3 7SU,51.557674,-0.192832,State,Primary,0.8,2
136808,Eden Primary,Free Schools,Primary,Not applicable,N10 1NR,51.595121,-0.152594,State,Primary,0.8,2
136817,Beis Yaakov Girls School,Independent schools,Not applicable,Not applicable,N16 5DH,51.573748,-0.075561,Private,Other,1.0,
136883,Chestnut Grove Academy,Academies,Secondary,No Special Classes,SW12 8JZ,51.444657,-0.155464,State,Secondary,2.0,2
136932,Willow Bank Primary School,Academies,Primary,Not applicable,SE2 9XB,51.497376,0.125303,State,Primary,0.8,3
136938,Etz Chaim Jewish Primary School,Free Schools,Primary,Not applicable,NW7 4SL,51.6154,-0.24046,State,Primary,0.8,2
136950,Greenfields School of Development,Special schools,Not applicable,Not applicable,E2 7EY,51.525075,-0.074153,Special,Other,1.0,
136952,Woodpecker Hall Primary Academy,Free Schools,Primary,Not applicable,N9 8BF,51.636984,-0.045138,State,Primary,0.8,2
136978,Stratford School Academy,Academies,Secondary,No Special Classes,E7 9PR,51.54075,0.023057,State,Secondary,2.0,2
137005,Graveney School,Academies,Secondary,No Special Classes,SW17 9BU,51.423518,-0.152273,State,Secondary,2.0,1
137016,"Canary Wharf College, East Ferry",Free Schools,Primary,Not applicable,E14 3BA,51.489181,-0.013582,State,Primary,0.8,2
137017,The Family School At Larkhall,Independent schools,Not applicable,Not applicable,SW2 5NR,51.449826,-0.126457,Private,Other,1.0,
137035,Stewart Fleming Primary School,Academies,Primary,Not applicable,SE20 7YB,51.402941,-0.058226,State,Primary,0.8,1
137050,UK Community College,Independent schools,Not applicable,Not applicable,E15 4QS,51.540483,0.000347,Private,Other,1.0,
137093,Dunraven School,Academies,All-through,No Special Classes,SW16 2QB,51.433597,-0.121567,State,Other,1.0,2
137157,The London Oratory School,Academies,Secondary,No Special Classes,SW6 1RX,51.486225,-0.196193,State,Secondary,2.0,1
137181,The UCL Academy,Academies,Secondary,Not applicable,NW3 3AQ,51.541737,-0.171846,State,Secondary,2.0,2
137221,Drayton Manor High School,Academies,Secondary,No Special Classes,W7 1EU,51.515905,-0.335833,State,Secondary,2.0,1
137295,Corpus Christi Catholic Primary School,Academies,Primary,No Special Classes,SW2 5BL,51.456183,-0.12136,State,Primary,0.8,1
137303,Independent Jewish Day School,Academies,Primary,No Special Classes,NW4 2AH,51.585391,-0.214698,State,Primary,0.8,3
137318,Bnei Zion Community School,Independent schools,Not applicable,Not applicable,N16 6TJ,51.575164,-0.069758,Private,Other,1.0,
137323,Ark Atwood Primary Academy,Free Schools,Primary,Not applicable,W9 2JY,51.522802,-0.191806,State,Primary,0.8,1
137328,Burnside Secondary PRU,Local authority maintained schools,Not applicable,Not applicable,E4 8YJ,51.608668,-0.023232,State,Other,1.0,2
137331,Ark Conway Primary Academy,Free Schools,Primary,Not applicable,W12 0QT,51.513252,-0.243304,State,Primary,0.8,1
137333,Guildhouse School,Independent schools,Not applicable,Not applicable,WC1A 2RA,51.518249,-0.122353,Private,Other,1.0,
137353,The St Marylebone CofE School,Academies,Secondary,No Special Classes,W1U 5BA,51.522211,-0.152145,State,Secondary,2.0,1
137361,Whitefield School,Academies,Secondary,No Special Classes,NW2 1TR,51.573408,-0.219136,State,Secondary,2.0,2
137374,The Totteridge Academy,Academies,Secondary,Has Special Classes,N20 8AZ,51.638846,-0.200344,State,Secondary,2.0,
137386,Mill Hill County High School,Academies,Secondary,No Special Classes,NW7 4LL,51.627753,-0.246311,State,Secondary,2.0,2
137388,Christ's College Finchley,Academies,Secondary,No Special Classes,N2 0SE,51.591119,-0.187131,State,Secondary,2.0,2
137393,The New North Academy,Academies,Primary,Not applicable,N1 8SJ,51.538607,-0.095501,State,Primary,0.8,2
137413,Harris Primary Academy Peckham Park,Academies,Primary,Not applicable,SE15 5TD,51.476214,-0.065744,State,Primary,0.8,2
137430,Oasis Academy Johanna,Academies,Primary,Has Special Classes,SE1 7RH,51.500708,-0.11139,State,Primary,0.8,2
137441,Tidemill Academy,Academies,Primary,Has Special Classes,SE8 4RJ,51.47748,-0.023567,State,Primary,0.8,2
137442,Clapton Girls' Academy,Academies,Secondary,No Special Classes,E5 0RB,51.554717,-0.051956,State,Secondary,2.0,1
137473,Corelli College,Academies,Secondary,No Special Classes,SE3 8EP,51.468985,0.04129,State,Secondary,2.0,
137489,Academy De London,Independent schools,Not applicable,Not applicable,E17 9QD,51.582246,-0.018836,Private,Other,1.0,
137501,Opal College London,Independent schools,Not applicable,Not applicable,E3 2SE,51.52856,-0.019869,Private,Other,1.0,
137502,Peninim,Independent schools,Not applicable,Not applicable,NW11 9TB,51.574999,-0.20903,Private,Other,1.0,
137505,Beis Ruchel D'Satmar London,Independent schools,Not applicable,Not applicable,N16 5RS,51.572633,-0.073371,Private,Other,1.0,
137506,Alif Academy,Independent schools,Not applicable,Not applicable,E7 8PJ,51.539812,0.039282,Private,Other,1.0,
137508,Docklands Pre-Preparatory School,Independent schools,Not applicable,Not applicable,E14 9GX,51.500961,-0.017234,Private,Other,1.0,
137531,Alexandra Park School,Academies,Secondary,Not applicable,N11 2AZ,51.602146,-0.136237,State,Secondary,2.0,1
137539,Hasmonean High School for Boys,Academies,Secondary,No Special Classes,NW4 1NA,51.596474,-0.214407,State,Secondary,2.0,2
137546,Twyford Church of England High School,Academies,Secondary,No Special Classes,W3 9PP,51.509194,-0.281361,State,Secondary,2.0,1
137558,Highams Park School,Academies,Secondary,Has Special Classes,E4 9PJ,51.608547,0.003495,State,Secondary,2.0,2
137563,Belleville Primary School,Academies,Primary,No Special Classes,SW11 6PR,51.456887,-0.164673,State,Primary,0.8,1
137566,William Tyndale Primary School,Academies,Primary,No Special Classes,N1 2GG,51.542417,-0.101428,State,Primary,0.8,1
137569,Holy Family Catholic Primary School,Local authority maintained schools,Primary,No Special Classes,W3 0DY,51.52098,-0.282978,State,Primary,0.8,1
137645,Hendon School,Academies,Secondary,Has Special Classes,NW4 2HP,51.585708,-0.217818,State,Secondary,2.0,2
137646,Quintin Kynaston,Academies,Secondary,No Special Classes,NW8 0NL,51.537837,-0.17666,State,Secondary,2.0,
137648,Redriff Primary School,Academies,Primary,Has Special Classes,SE16 5LQ,51.501926,-0.036629,State,Primary,0.8,1
137668,Chingford House School,Independent schools,Not applicable,Not applicable,E4 9AL,51.607134,-0.013839,Private,Other,1.0,
137677,Hawkswood  (Therapeutic),Local authority maintained schools,Not applicable,Not applicable,E4 7RT,51.643143,-0.006615,State,Other,1.0,2
137682,Sir William Burrough Primary School,Academies,Primary,No Special Classes,E14 7PQ,51.51373,-0.033758,State,Primary,0.8,3
137685,Kingsbury High School,Academies,Secondary,No Special Classes,NW9 9JR,51.589732,-0.274727,State,Secondary,2.0,2
137745,Mulberry Academy Woodside,Academies,Secondary,No Special Classes,N22 5QJ,51.603504,-0.100933,State,Secondary,2.0,2
137784,Unity Girls High School,Independent schools,Not applicable,Not applicable,NW8 8PS,51.52274,-0.173285,Private,Other,1.0,
137789,Mulberry Academy Shoreditch,Academies,Secondary,No Special Classes,E2 6NW,51.527392,-0.069586,State,Secondary,2.0,2
137802,La Chouette School,Independent schools,Not applicable,Not applicable,W5 4HN,51.503898,-0.305537,Private,Other,1.0,
137808,Leaways School,Special schools,Not applicable,Not applicable,E5 9NZ,51.564014,-0.05241,Special,Other,1.0,
137809,Wiznitz Cheder School,Independent schools,Not applicable,Not applicable,N16 6QT,51.571536,-0.072249,Private,Other,1.0,
137817,Rann Horizon School,Independent schools,Not applicable,Not applicable,SW4 7JR,51.461806,-0.13387,Private,Other,1.0,
137889,The Abbey College In London,Independent schools,Not applicable,Not applicable,WC1A 2PJ,51.519717,-0.123057,Private,Other,1.0,
137890,Limespring School,Special schools,Not applicable,Not applicable,N2 9PJ,51.587709,-0.16391,Special,Other,1.0,
137907,Chiswick School,Academies,Secondary,No Special Classes,W4 3UN,51.481907,-0.259805,State,Secondary,2.0,2
137935,Sacred Heart High School,Academies,Secondary,No Special Classes,W6 7DG,51.493572,-0.223331,State,Secondary,2.0,1
137954,City Heights E-ACT Academy,Academies,Secondary,No Special Classes,SW2 3PW,51.442246,-0.113629,State,Secondary,2.0,2
137966,St Martin in the Fields High School for Girls,Academies,Secondary,No Special Classes,SW2 3UP,51.444152,-0.10968,State,Secondary,2.0,
137994,Saint Claudine's Catholic School for Girls,Academies,Secondary,No Special Classes,NW10 4EP,51.538383,-0.246086,State,Secondary,2.0,2
138045,European College for Higher Education,Independent schools,Not applicable,Not applicable,N15 4EY,,,Private,Other,1.0,
138051,The Henrietta Barnett School,Academies,Secondary,No Special Classes,NW11 7BN,51.581087,-0.189161,State,Secondary,2.0,2
138096,Cambian Education - Ravenswood School,Independent schools,Not applicable,Not applicable,W6 9RU,51.485993,-0.225196,Private,Other,1.0,
138101,TTD Gur School,Independent schools,Not applicable,Not applicable,N16 6UX,51.566704,-0.071544,Private,Other,1.0,
138143,Lubavitch House School (Senior Girls),Local authority maintained schools,Secondary,Not applicable,N16 5RP,51.572236,-0.073273,State,Secondary,2.0,
138196,School 21,Free Schools,All-through,Not applicable,E15 4RZ,51.53818,0.003548,State,Other,1.0,3
138202,Wapping High School,Free Schools,Secondary,Not applicable,E1 2DA,51.514975,-0.060974,State,Secondary,2.0,2
138221,St Joseph's College,Academies,Secondary,No Special Classes,SE19 3HL,51.420714,-0.107281,State,Secondary,2.0,2
138241,Lubavitch Junior Boys,Local authority maintained schools,Primary,Not applicable,E5 9AE,51.572788,-0.071301,State,Primary,0.8,
138245,Ark Greenwich Free School,Free Schools,Secondary,Not applicable,SE18 4LH,51.471926,0.053158,State,Secondary,2.0,1
138258,Emmanuel Community School,Free Schools,Primary,Not applicable,E17 3BN,51.586731,-0.013343,State,Primary,0.8,3
138259,Hartsbrook E-Act Free School,Free Schools,Primary,Not applicable,N15 4RX,51.587191,-0.072222,State,Primary,0.8,
138262,South Quay College,Free Schools,Not applicable,Not applicable,E14 9UB,51.499498,-0.021649,State,Other,1.0,
138263,Southwark Free School,Free Schools,Primary,Not applicable,SE15 1SH,51.481246,-0.062809,State,Primary,0.8,
138265,Hackney University Technical College,Free Schools,Secondary,Not applicable,N1 6HQ,51.530735,-0.079278,State,Secondary,2.0,
138267,Ark Bolingbroke Academy,Free Schools,Secondary,Not applicable,SW11 6BF,51.45617,-0.168257,State,Secondary,2.0,Not judged
138270,Harris Primary Free School Peckham,Free Schools,Primary,Not applicable,SE15 5DZ,51.473778,-0.074026,State,Primary,0.8,
138272,Rimon Jewish Primary School,Free Schools,Primary,Not applicable,NW11 8AE,51.568335,-0.201933,State,Primary,0.8,2
138275,The Minerva Academy,Free Schools,Primary,Not applicable,W2 1NR,51.518195,-0.170743,State,Primary,0.8,
138276,Solebay Primary - A Paradigm Academy,Free Schools,Primary,Not applicable,E1 4PW,51.522661,-0.03813,State,Primary,0.8,1
138312,Westminster City School,Academies,Secondary,No Special Classes,SW1E 5HJ,51.497967,-0.139064,State,Secondary,2.0,2
138313,The Grey Coat Hospital,Academies,Secondary,No Special Classes,SW1P 2DY,51.496033,-0.134504,State,Secondary,2.0,1
138325,Salisbury Manor Primary School,Academies,Primary,No Special Classes,E4 8YJ,51.608668,-0.023232,State,Primary,0.8,
138364,Willow Brook Primary School Academy,Academies,Primary,Not applicable,E10 7BH,51.565052,-0.020376,State,Primary,0.8,1
138403,London Academy of Excellence,Free Schools,16 plus,Not applicable,E15 1AJ,51.53854,-0.001757,State,Sixth Form,3.0,
138406,Wandsworth Preparatory School,Independent schools,Not applicable,Not applicable,SW18 2PQ,51.454002,-0.183832,Private,Other,1.0,
138446,Harris Primary Academy Coleraine Park,Academies,Primary,Not applicable,N17 9XT,51.598425,-0.058174,State,Primary,0.8,1
138447,Harris Primary Academy Philip Lane,Academies,Primary,Not applicable,N15 4AB,51.587646,-0.085729,State,Primary,0.8,1
138449,Harris Academy Greenwich,Academies,Secondary,Not applicable,SE9 5EQ,51.451383,0.03944,State,Secondary,2.0,1
138454,Lime Academy Hornbeam,Academies,Not applicable,Has Special Classes,E17 5NT,51.601056,-0.033686,State,Other,1.0,2
138516,Vishnitz Girls School,Independent schools,Not applicable,Not applicable,N16 5DL,51.574504,-0.079945,Private,Other,1.0,
138547,Charlton Park Academy,Academies,Not applicable,Has Special Classes,SE7 8HX,51.481696,0.046251,State,Other,1.0,2
138564,Buttercup Primary School,Independent schools,Not applicable,Not applicable,E1 2LX,51.51336,-0.061763,Private,Other,1.0,
138588,Noel Park Primary School,Academies,Primary,Not applicable,N22 6LH,51.596048,-0.101951,State,Primary,0.8,1
138589,Trinity Primary Academy,Academies,Primary,Not applicable,N22 8ES,51.600389,-0.113466,State,Primary,0.8,1
138599,The Stewart Bilingual School,Independent schools,Not applicable,Not applicable,W11 4XQ,51.51118,-0.210295,Private,Other,1.0,
138607,Lady Margaret School,Academies,Secondary,No Special Classes,SW6 4UN,51.474182,-0.199619,State,Secondary,2.0,1
138609,Queens Park Community School,Academies,Secondary,No Special Classes,NW6 7BQ,51.540505,-0.218576,State,Secondary,2.0,2
138612,St Thomas Becket Catholic Primary School,Academies,Primary,No Special Classes,SE25 5BN,51.389162,-0.070567,State,Primary,0.8,2
138669,Alpha Preparatory School,Independent schools,Not applicable,Not applicable,E17 3JJ,51.586277,-0.005178,Private,Other,1.0,
138680,Ark Bentworth Primary Academy,Academies,Primary,No Special Classes,W12 7AJ,51.515346,-0.231823,State,Primary,0.8,2
138681,Ark Putney Academy,Academies,Secondary,No Special Classes,SW15 3DG,51.454795,-0.225614,State,Secondary,2.0,2
138682,Southfields Academy,Academies,Secondary,Has Special Classes,SW18 5JU,51.445071,-0.197728,State,Secondary,2.0,2
138683,Millbank Academy,Academies,Primary,Has Special Classes,SW1P 4HR,51.491418,-0.130443,State,Primary,0.8,
138685,Copthall School,Academies,Secondary,No Special Classes,NW7 2EP,51.608485,-0.232033,State,Secondary,2.0,2
138690,Barclay Primary School,Academies,Primary,Not applicable,E10 6EJ,51.575756,-0.000933,State,Primary,0.8,1
138691,Chingford Foundation School,Academies,Secondary,Has Special Classes,E4 7LT,51.630015,-0.007205,State,Secondary,2.0,2
138777,La Petite Ecole Bilingue,Independent schools,Not applicable,Not applicable,NW5 4NL,51.552103,-0.15327,Private,Other,1.0,
138798,Hopewell Special School (Willesden),Special schools,Not applicable,Not applicable,NW10 2SG,51.547123,-0.232812,Special,Other,1.0,
138801,Hafs Academy,Independent schools,Not applicable,Not applicable,E15 1JW,51.548497,0.003396,Private,Other,1.0,
138803,"Octavia House Schools, London",Special schools,Not applicable,Has Special Classes,SE11 6AU,51.490575,-0.111477,Special,Other,1.0,
138842,Goose Green Primary School,Academies,Primary,No Special Classes,SE22 8HG,51.461472,-0.077034,State,Primary,0.8,
138859,South Chingford Foundation School,Academies,Secondary,Not applicable,E4 8SG,51.604231,-0.014486,State,Secondary,2.0,2
138870,Lit College,Independent schools,Not applicable,Not applicable,E10 7JQ,51.568143,-0.023445,Private,Other,1.0,
138960,Sacred Heart Catholic School,Academies,Secondary,No Special Classes,SE5 0RP,51.476289,-0.098919,State,Secondary,2.0,1
138961,St Michael's Catholic College,Academies,Secondary,No Special Classes,SE16 4UN,51.499713,-0.067457,State,Secondary,2.0,
138966,Shooters Hill Sixth Form College,Academies,16 plus,Has Special Classes,SE18 4LD,51.473102,0.061462,State,Sixth Form,3.0,
138980,Al Ashraaf Secondary School,Independent schools,Not applicable,Not applicable,E1 7RA,51.515702,-0.071234,Private,Other,1.0,
139016,The Woodside Primary Academy,Academies,Primary,Not applicable,E17 3JX,51.589575,-0.003994,State,Primary,0.8,1
139044,Ta - Leem Academy,Independent schools,Not applicable,Not applicable,E12 6QN,51.549639,0.048159,Private,Other,1.0,
139169,St Ann's CE Primary School,Academies,Primary,No Special Classes,N15 5JG,51.582408,-0.084895,State,Primary,0.8,2
139175,St Michael's CofE Primary School,Academies,Primary,No Special Classes,N22 8HE,51.599307,-0.112774,State,Primary,0.8,2
139176,St Paul's and All Hallows CofE Infant School,Academies,Primary,No Special Classes,N17 0HH,51.602715,-0.063695,State,Primary,0.8,2
139177,St Paul's and All Hallows CofE Junior School,Academies,Primary,No Special Classes,N17 0TU,51.60548,-0.064472,State,Primary,0.8,2
139216,East London Islamic School,Independent schools,Not applicable,Not applicable,E1 1EJ,51.515787,-0.065494,Private,Other,1.0,
139221,Date Palm Primary,Independent schools,Not applicable,No Special Classes,E1 1EJ,51.515787,-0.065494,Private,Other,1.0,
139239,Eifa International School,Independent schools,Not applicable,Not applicable,W1B 1LS,51.520013,-0.144508,Private,Other,1.0,
139240,Holy Trinity CofE Primary School,Academies,Primary,Not applicable,N17 9EJ,51.589644,-0.069346,State,Primary,0.8,1
139243,Area 51 Education Ltd,Other types,Not applicable,Not applicable,N22 6TS,51.593763,-0.114722,State,Other,1.0,
139259,Chapel End Junior Academy,Academies,Primary,Not applicable,E17 4LS,51.598143,-0.013914,State,Primary,0.8,2
139293,Connaught School for Girls,Academies,Secondary,No Special Classes,E11 4AE,51.56597,0.005477,State,Secondary,2.0,2
139317,Whittingham Primary Academy,Academies,Primary,Not applicable,E17 5QX,51.598457,-0.0353,State,Primary,0.8,2
139331,Rose House Montessori School,Independent schools,Not applicable,Not applicable,SE23 2AG,51.439165,-0.036647,Private,Other,1.0,
139362,St Thomas More Catholic School,Academies,Secondary,No Special Classes,N22 5HN,51.604294,-0.107499,State,Secondary,2.0,1
139363,Haringey Sixth Form College,Academies,16 plus,Has Special Classes,N17 8HR,51.606797,-0.072937,State,Sixth Form,3.0,
139364,Fulham Cross Academy,Academies,Secondary,No Special Classes,SW6 6SN,51.477784,-0.215203,State,Secondary,2.0,2
139365,Fulham Cross Girls' School and Language College,Academies,Secondary,No Special Classes,SW6 6BP,51.481374,-0.214185,State,Secondary,2.0,2
139369,St George's Catholic School,Academies,Secondary,No Special Classes,W9 1RB,51.532904,-0.187945,State,Secondary,2.0,1
139410,St Andrew the Apostle Greek Orthodox School,Free Schools,Secondary,Not applicable,N11 1NP,,,State,Secondary,2.0,2
139415,Halcyon London International School,Independent schools,Not applicable,Not applicable,W1H 5AU,51.515573,-0.161739,Private,Other,1.0,
139418,The Courtyard Islington,Free Schools,Not applicable,,N7 8LT,51.54818,-0.106899,State,Other,1.0,2
139423,Our Lady and St Joseph Catholic Primary School,Local authority maintained schools,Primary,No Special Classes,E14 0DE,51.509941,-0.019683,State,Primary,0.8,2
139428,RIMU Music Preparatory School and Nursery,Independent schools,Not applicable,Not applicable,SE3 8JS,51.463315,0.040015,Private,Other,1.0,
139440,Rechere's Academy,Independent schools,Not applicable,Not applicable,SW17 0SY,51.425576,-0.16997,Private,Other,1.0,
139488,Brentside Primary School,Academies,Primary,No Special Classes,W7 1JL,51.525245,-0.339414,State,Primary,0.8,2
139489,Deansbrook Junior School,Academies,Primary,No Special Classes,NW7 3ED,51.612646,-0.26203,State,Primary,0.8,2
139509,Ormiston Bridge Academy,Academies,Not applicable,Not applicable,SW6 6HB,51.475103,-0.219844,State,Other,1.0,2
139541,Ormiston Courtyard Academy,Academies,Not applicable,Not applicable,SW6 2LL,51.473242,-0.188741,State,Other,1.0,
139546,West London Free School Primary,Free Schools,Primary,Not applicable,W6 0LB,51.494763,-0.230704,State,Primary,0.8,1
139549,Thomson House School,Free Schools,Primary,Not applicable,SW14 8HY,51.468812,-0.266364,State,Primary,0.8,1
139558,Finches School,Special schools,Not applicable,Not applicable,N3 2SY,51.59528,-0.189333,Special,Other,1.0,
139562,Alma Primary,Free Schools,Primary,Not applicable,N20 0LP,51.627171,-0.173947,State,Primary,0.8,2
139587,The Charter School Bermondsey,Free Schools,Secondary,Not applicable,SE16 4EE,51.496107,-0.062553,State,Secondary,2.0,2
139592,Tooting Primary School,Free Schools,Primary,Not applicable,SW17 8HE,51.426925,-0.161918,State,Primary,0.8,1
139594,The Archer Academy,Free Schools,Secondary,Not applicable,N2 8GA,51.591443,-0.169216,State,Secondary,2.0,1
139595,Hackney New School,Free Schools,Secondary,Not applicable,E8 4DL,51.538629,-0.076984,State,Secondary,2.0,
139600,The St Marylebone Church of England Bridge School,Free Schools,Not applicable,Not applicable,W10 4LE,51.532301,-0.208356,State,Other,1.0,2
139601,The Complete Works,Independent schools,Not applicable,Not applicable,E1 7SA,51.517082,-0.070974,Private,Other,1.0,
139616,Heartlands High School,Academies,Secondary,No Special Classes,N22 7ST,51.59764,-0.119269,State,Secondary,2.0,2
139633,Parkfield Primary School,Academies,Primary,Not applicable,NW4 3PJ,51.577068,-0.231,State,Primary,0.8,2
139645,Ark Brunel Primary Academy,Academies,Primary,Has Special Classes,W10 5AT,51.525744,-0.211843,State,Primary,0.8,2
139659,Oasis Academy South Bank,Free Schools,Secondary,Not applicable,SE1 7HS,51.498483,-0.111727,State,Secondary,2.0,1
139672,Haberdashers' Hatcham Free School,Free Schools,Primary,Not applicable,SE14 5SF,51.467333,-0.043241,State,Primary,0.8,1
139678,Harris Primary Academy Kent House,Academies,Primary,Not applicable,SE20 7QR,51.412332,-0.048596,State,Primary,0.8,1
139687,Mosaic Jewish Primary School,Free Schools,Primary,No Special Classes,SW15 4EU,51.451851,-0.245173,State,Primary,0.8,1
139699,Ark Priory Primary Academy,Academies,Primary,Not applicable,W3 8NR,51.504837,-0.266395,State,Primary,0.8,1
139703,Harris Academy Chobham,Academies,All-through,Not applicable,E20 1BD,51.548595,-0.007071,State,Other,1.0,1
139718,Ark All Saints Academy,Academies,Secondary,Not applicable,SE5 0UB,51.478035,-0.099567,State,Secondary,2.0,2
139723,Riverley Primary School,Academies,Primary,Not applicable,E10 7BZ,51.566642,-0.019211,State,Primary,0.8,1
139724,Sybourn Primary School,Academies,Primary,Not applicable,E17 8HA,51.570777,-0.027155,State,Primary,0.8,1
139727,Sacks Morasha Jewish Primary School,Local authority maintained schools,Primary,Not applicable,N12 9DX,51.61472,-0.174736,State,Primary,0.8,
139775,Rutherford House School,Free Schools,Primary,Not applicable,SW17 7BS,,,State,Primary,0.8,2
139786,Royal Greenwich Utc,Free Schools,Secondary,Not applicable,SE7 8LJ,51.492421,0.04434,State,Secondary,2.0,
139793,Tech City College,Free Schools,16 plus,Not applicable,EC1V 1JX,51.530056,-0.097732,State,Sixth Form,3.0,
139811,The Cedars School,Independent schools,Not applicable,Not applicable,SE19 1RS,,,Private,Other,1.0,
139812,ASD Learning Centre - Woolwich,Special schools,Not applicable,Not applicable,SE18 6SW,51.492315,0.074458,Special,Other,1.0,
139814,"The Olive School, Hackney",Free Schools,Primary,Not applicable,E9 6EJ,51.549918,-0.05219,State,Primary,0.8,1
139817,The Hyde School,Academies,Primary,Not applicable,NW9 7EY,51.582551,-0.248224,State,Primary,0.8,1
139820,Ark White City Primary Academy,Academies,Primary,Not applicable,W12 7PT,51.512593,-0.22935,State,Primary,0.8,2
139824,Wilberforce Primary,Academies,Primary,Not applicable,W10 4LB,51.532012,-0.208858,State,Primary,0.8,2
139829,Harris Aspire Academy,Free Schools,Not applicable,Not applicable,SE25 6EJ,51.399034,-0.078073,State,Other,1.0,1
139830,Ark Franklin Primary Academy,Academies,Primary,Not applicable,NW6 6HJ,51.532658,-0.215883,State,Primary,0.8,2
139834,East London Science School,Free Schools,Secondary,Not applicable,E3 3DU,51.526848,-0.006392,State,Secondary,2.0,
139837,Abacus Belsize Primary School,Free Schools,Primary,Not applicable,N1C 4PF,51.537815,-0.130633,State,Primary,0.8,1
139842,Burntwood School,Academies,Secondary,No Special Classes,SW17 0AQ,51.438125,-0.180058,State,Secondary,2.0,2
139898,Pimlico Primary,Free Schools,Primary,Not applicable,SW1V 3AT,51.48818,-0.137173,State,Primary,0.8,1
139906,Harris Academy Upper Norwood,Academies,Secondary,Not applicable,SE19 3UG,51.413627,-0.094487,State,Secondary,2.0,
139907,Judith Kerr Primary School,Free Schools,Primary,Not applicable,SE24 9JE,51.452732,-0.093061,State,Primary,0.8,2
139940,Churchill Gardens Primary Academy,Academies,Primary,Has Special Classes,SW1V 3EU,51.487195,-0.139172,State,Primary,0.8,
139966,Harris Primary Academy Crystal Palace,Academies,Primary,Not applicable,SE20 8RH,,,State,Primary,0.8,2
139973,London Scandinavian School,Independent schools,Not applicable,Not applicable,N5 1RN,51.547342,-0.104554,Private,Other,1.0,
140050,Gateway Academy,Academies,Primary,No Special Classes,NW8 8LN,51.524684,-0.170497,State,Primary,0.8,2
140064,Culloden Primary - A Paradigm Academy,Academies,Primary,No Special Classes,E14 0PT,51.514225,-0.004983,State,Primary,0.8,1
140080,Alexandra Junior School,Academies,Primary,No Special Classes,SE26 5DS,51.420284,-0.047107,State,Primary,0.8,2
140096,Old Ford Primary - A Paradigm Academy,Academies,Primary,Not applicable,E3 5LD,51.533593,-0.030941,State,Primary,0.8,1
140134,Holland Park School,Academies,Secondary,No Special Classes,W8 7AF,51.504889,-0.200599,State,Secondary,2.0,
140138,Newlands Academy,Academies,Not applicable,Has Special Classes,SE15 3AZ,51.458607,-0.050092,State,Other,1.0,2
140192,Walmer Road School,Independent schools,Not applicable,Not applicable,W11 4EY,51.51224,-0.212026,Private,Other,1.0,
140197,Joseph Clarke School,Academies,Not applicable,Not applicable,E4 9PP,51.606256,0.002875,State,Other,1.0,2
140201,Westside School,Free Schools,Not applicable,No Special Classes,W6 0LT,51.493364,-0.232732,State,Other,1.0,1
140209,Oasis Academy Arena,Academies,Secondary,Not applicable,SE25 4QL,51.392572,-0.059829,State,Secondary,2.0,3
140210,Mossbourne Victoria Park Academy,Academies,Secondary,Not applicable,E9 7HD,51.538448,-0.043767,State,Secondary,2.0,1
140212,Kensington Aldridge Academy,Academies,Secondary,Not applicable,W10 6EX,51.514412,-0.215299,State,Secondary,2.0,1
140213,Kensington Primary Academy,Academies,Primary,Not applicable,W14 8PU,51.495434,-0.203882,State,Primary,0.8,1
140221,South Bank University Academy,Academies,Secondary,Not applicable,SE17 2TP,51.487912,-0.089246,State,Secondary,2.0,2
140222,Oasis Academy Putney,Academies,Primary,Not applicable,SW15 1LY,51.469217,-0.228496,State,Primary,0.8,2
140225,Epic Learning,Independent schools,Not applicable,Not applicable,W10 5QJ,51.521283,-0.206454,Private,Other,1.0,
140226,Full Circle Education,Independent schools,Not applicable,Not applicable,SE3 8ND,51.466932,0.038391,Private,Other,1.0,
140266,Pegasus Centre for Learning,Independent schools,Not applicable,Not applicable,N9 0BU,51.623467,-0.058058,Private,Other,1.0,
140270,Small Acres,Independent schools,Not applicable,Not applicable,SE22 0SB,51.453955,-0.054767,Private,Other,1.0,
140356,The Laurels School,Independent schools,Not applicable,Not applicable,SE19 3FA,51.421603,-0.093868,Private,Other,1.0,
140373,Langdon Academy,Academies,All-through,Not applicable,E6 2PS,51.53228,0.065259,State,Other,1.0,2
140405,Thomas Gamuel Primary School,Academies,Primary,Not applicable,E17 8LG,51.575143,-0.022045,State,Primary,0.8,2
140421,Face Youth Therapeutic School,Special schools,Not applicable,Not applicable,SW19 1JN,51.415606,-0.196269,Special,Other,1.0,
140423,Floreat Wandsworth Primary School,Academies,Primary,Not applicable,SW18 4EQ,51.44734,-0.189133,State,Primary,0.8,2
140426,Mossbourne Riverside Academy,Academies,Primary,Not applicable,E15 2GW,51.546985,-0.023555,State,Primary,0.8,1
140488,Charlton Athletic Community Trust Youth,Independent schools,Not applicable,Not applicable,SE9 2JR,51.444152,0.070231,Private,Other,1.0,
140492,Beis Medrash Elyon,Independent schools,Not applicable,Not applicable,NW9 7DH,,,Private,Other,1.0,
140495,Whitehall Park School,Free Schools,Primary,Not applicable,N6 5EP,51.572608,-0.133549,State,Primary,0.8,2
140507,John Donne Primary School,Academies,Primary,No Special Classes,SE15 2SW,51.472589,-0.060814,State,Primary,0.8,2
140533,Elmstead Wood Primary School,Academies,Primary,No Special Classes,SE9 4AT,51.42439,0.043344,State,Primary,0.8,2
140564,King's College London Maths School,Free Schools,16 plus,Not applicable,SE11 6NJ,51.496104,-0.11194,State,Sixth Form,3.0,
140572,Seacole Primary School,Independent schools,Not applicable,Not applicable,W10 5DJ,51.525286,-0.207753,Private,Other,1.0,
140601,Millbrook Park Primary School,Academies,Primary,Not applicable,NW7 1JF,51.609893,-0.207527,State,Primary,0.8,2
140603,Westminster Tutors,Independent schools,Not applicable,Not applicable,SW7 3LQ,51.492793,-0.177249,Private,Other,1.0,
140615,Manor Cottage,Special schools,Not applicable,Not applicable,W6 9RU,51.485993,-0.225196,Special,Other,1.0,
140634,Lena Gardens Primary School,Academies,Primary,No Special Classes,W6 7PZ,51.498671,-0.22394,State,Primary,0.8,
140648,St John's Church of England Primary School,Academies,Primary,Not applicable,SE20 8HU,51.41522,-0.055174,State,Primary,0.8,2
140665,Octagon AP Academy,Academies,Not applicable,Not applicable,N22 8DZ,51.60182,-0.114692,State,Other,1.0,
140674,Oasis Academy Ryelands,Academies,Primary,Not applicable,SE25 4XG,51.393703,-0.065129,State,Primary,0.8,2
140682,Westbridge Academy,Academies,Primary,Not applicable,SW11 3NE,51.477062,-0.171871,State,Primary,0.8,2
140686,Kings Cross Academy,Academies,Primary,Not applicable,N1C 4BT,51.537452,-0.127057,State,Primary,0.8,2
140795,Whitefield School,Academies,Not applicable,Has Special Classes,E17 4AZ,51.595235,-0.003169,State,Other,1.0,2
140796,Woodfield School,Academies,Not applicable,Has Special Classes,NW9 7LY,51.571808,-0.253904,State,Other,1.0,2
140806,Ormiston Beachcroft Academy,Academies,Not applicable,Not applicable,NW8 0NW,51.536406,-0.176573,State,Other,1.0,2
140807,Ormiston Latimer Academy,Academies,Not applicable,Not applicable,W10 6TT,51.513079,-0.219257,State,Other,1.0,2
140811,Earl's Court Free School Primary,Free Schools,Primary,Not applicable,W6 0LB,51.494763,-0.230704,State,Primary,0.8,1
140833,Gladstone Park Primary School,Academies,Primary,Not applicable,NW10 1LB,51.551818,-0.231072,State,Primary,0.8,2
140884,Marylebone Boys' School,Free Schools,Secondary,Not applicable,W2 1QZ,51.519074,-0.176934,State,Secondary,2.0,2
140907,Park Campus Academy,Academies,Not applicable,Not applicable,SE27 9NP,51.428296,-0.097934,State,Other,1.0,
140908,Kennington Park Academy,Academies,Not applicable,Not applicable,SE11 4AX,51.482845,-0.106136,State,Other,1.0,
140935,Harris Academy Tottenham,Free Schools,All-through,Not applicable,N17 9LN,51.591865,-0.060114,State,Other,1.0,1
140937,Harris Primary Academy East Dulwich,Free Schools,Primary,Not applicable,SE22 8HA,51.454919,-0.076705,State,Primary,0.8,1
140939,Harris Westminster Sixth Form,Free Schools,16 plus,Not applicable,SW1H 9LH,51.49955,-0.131162,State,Sixth Form,3.0,
140957,"Eden Girls' School, Waltham Forest",Free Schools,Secondary,Not applicable,E17 5SD,,,State,Secondary,2.0,1
140966,Trinity Academy,Free Schools,Secondary,Not applicable,SW2 1QS,51.456532,-0.119547,State,Secondary,2.0,2
140968,Tottenham UTC,Free Schools,Secondary,Not applicable,N17 0BX,51.605745,-0.066367,State,Secondary,2.0,
140985,Harris Academy Battersea,Academies,Secondary,Not applicable,SW11 5AP,51.473245,-0.159496,State,Secondary,2.0,1
141017,Meridian Angel Primary School,Free Schools,Primary,Not applicable,N18 2DX,51.612331,-0.051355,State,Primary,0.8,2
141018,Life In London Uk,Independent schools,Not applicable,Not applicable,SE23 3BA,51.436683,-0.053889,Private,Other,1.0,
141023,The Norwegian Kindergarten In London,Independent schools,Not applicable,Not applicable,SW20 8AH,51.415981,-0.225521,Private,Other,1.0,
141027,Park Academy,Free Schools,Primary,Not applicable,SW19 3EF,51.408695,-0.194197,State,Primary,0.8,1
141029,Inspired Directions School,Special schools,Not applicable,Not applicable,E8 3AZ,51.546096,-0.072804,Special,Other,1.0,
141030,Big Creative Academy,Free Schools,16 plus,No Special Classes,E17 6HL,51.587962,-0.038409,State,Sixth Form,3.0,
141031,Treasure House (London) CIC,Special schools,Not applicable,Has Special Classes,SE15 1JF,51.482375,-0.063107,Special,Other,1.0,
141039,"Canary Wharf College, Glenworth",Free Schools,Primary,Not applicable,E14 3EB,51.489593,-0.005512,State,Primary,0.8,1
141082,Oasis Academy Silvertown,Free Schools,Secondary,,E16 2BB,51.502452,0.026519,State,Secondary,2.0,2
141095,East London Arts & Music,Free Schools,16 plus,No Special Classes,E3 3TA,51.524589,-0.00946,State,Sixth Form,3.0,
141119,St Mark's Church of England Primary Academy,Academies,Primary,Not applicable,SE25 4JD,51.399168,-0.070965,State,Primary,0.8,2
141130,The Pears Family School,Free Schools,Not applicable,Not applicable,N1 9JH,51.532228,-0.11418,State,Other,1.0,1
141133,London Enterprise Academy,Free Schools,Secondary,Not applicable,E1 1RD,51.515004,-0.063797,State,Secondary,2.0,3
141135,The Fulham Boys School,Free Schools,Secondary,Not applicable,SW6 5BD,51.479238,-0.199708,State,Secondary,2.0,2
141139,Education Links,Free Schools,Not applicable,Not applicable,E15 1TT,51.550373,0.000954,State,Other,1.0,2
141154,North West London Jewish Day School,Academies,Primary,No Special Classes,NW6 7PP,51.544766,-0.212006,State,Primary,0.8,2
141163,Woolwich Polytechnic School,Academies,Secondary,No Special Classes,SE28 8AT,51.503205,0.108758,State,Secondary,2.0,2
141164,The ArtsXchange,Free Schools,Not applicable,Not applicable,EC1V 1JX,51.530056,-0.097732,State,Other,1.0,2
141209,Brook House Primary School,Free Schools,Primary,Not applicable,N17 8EY,51.607226,-0.068399,State,Primary,0.8,1
141243,Ambitious College,Other types,Not applicable,Not applicable,N15 4RX,51.587191,-0.072222,State,Other,1.0,
141247,Focus 1st Academy,Independent schools,Not applicable,Not applicable,N11 1BA,51.615769,-0.132256,Private,Other,1.0,
141250,North Bridge House Senior Canonbury School,Independent schools,Not applicable,Not applicable,N1 2NQ,51.54413,-0.097765,Private,Other,1.0,
141255,John F Kennedy Special School,Academies,Not applicable,Has Special Classes,E15 4RZ,51.53818,0.003548,State,Other,1.0,1
141296,Sheringham Primary School,Academies,Primary,No Special Classes,E12 5PB,51.553434,0.05948,State,Primary,0.8,1
141303,Griffin Primary School,Academies,Primary,No Special Classes,SW8 4JB,51.474242,-0.13836,State,Primary,0.8,
141309,Leigh Stationers' Academy,Academies,Secondary,No Special Classes,SE9 2PT,51.453397,0.075802,State,Secondary,2.0,2
141315,Pulse and Water College,Independent schools,Not applicable,No Special Classes,SE2 9PT,51.493755,0.110194,Private,Other,1.0,
141411,Big Creative Independent School,Independent schools,Not applicable,Not applicable,E17 5QJ,51.592789,-0.042085,Private,Other,1.0,
141481,St Vincent's Catholic Primary School,Academies,Primary,No Special Classes,SE9 4JR,51.429105,0.044174,State,Primary,0.8,2
141516,The Boxing Academy,Independent schools,Not applicable,Not applicable,E8 3NR,51.544084,-0.056635,Private,Other,1.0,
141519,Lyceum Newham,Independent schools,Not applicable,Not applicable,E7 0EX,51.552777,0.022841,Private,Other,1.0,
141562,Bosco Centre College,Independent schools,Not applicable,Not applicable,SE16 4RS,51.499096,-0.057859,Private,Other,1.0,
141576,Northwold Primary School,Academies,Primary,No Special Classes,E5 8RN,51.562658,-0.065035,State,Primary,0.8,2
141605,The Bridge Integrated Learning Space,Free Schools,Not applicable,Not applicable,N1 0HY,51.538232,-0.108956,State,Other,1.0,1
141617,The Hurlingham Academy,Academies,Secondary,Not applicable,SW6 3ED,51.467822,-0.1965,State,Secondary,2.0,1
141666,Angel Oak Academy,Academies,Primary,Not applicable,SE15 6FL,51.479921,-0.078419,State,Primary,0.8,1
141672,St Andrew and St Francis CofE Primary School,Academies,Primary,Not applicable,NW2 5PE,51.549193,-0.236525,State,Primary,0.8,2
141685,Langford Primary School,Academies,Primary,Not applicable,SW6 2LG,51.472219,-0.188911,State,Primary,0.8,1
141701,PhoenixPlace,Special schools,Not applicable,Not applicable,SE5 0JG,51.476351,-0.09608,Special,Other,1.0,
141716,St Thomas More Catholic Comprehensive School,Academies,Secondary,No Special Classes,SE9 2SU,51.447364,0.062504,State,Secondary,2.0,2
141734,Lime Academy Larkswood,Academies,Primary,Not applicable,E4 8ET,51.617135,-0.013966,State,Primary,0.8,2
141737,The school at Hackney city farm,Independent schools,Not applicable,Not applicable,E2 8QA,51.532028,-0.066622,Private,Other,1.0,
141748,Walthamstow Primary Academy,Free Schools,Primary,Not applicable,E17 5DP,51.599489,-0.02444,State,Primary,0.8,2
141750,Halley House School,Free Schools,Primary,Not applicable,E8 2DJ,51.552092,-0.07382,State,Primary,0.8,2
141751,Kilburn Grange School,Free Schools,Primary,Not applicable,NW6 7UJ,51.54059,-0.197057,State,Primary,0.8,2
141753,The Kensington School,Independent schools,Not applicable,Not applicable,W8 5HN,51.499884,-0.190884,Private,Other,1.0,
141808,Saint Cecilia's Church of England School,Academies,Secondary,Not applicable,SW18 5JR,51.446964,-0.208576,State,Secondary,2.0,2
141859,Footsteps Trust,Independent schools,Not applicable,Not applicable,N22 5QW,51.604659,-0.100032,Private,Other,1.0,
141902,Greenside Primary School,Academies,Primary,No Special Classes,W12 9PT,51.503908,-0.236618,State,Primary,0.8,2
141925,St Helen's Catholic Primary School,Academies,Primary,No Special Classes,E13 8DW,51.522589,0.017049,State,Primary,0.8,1
141927,St Joachim's Catholic  Primary School,Academies,Primary,No Special Classes,E16 3DT,51.511747,0.03088,State,Primary,0.8,2
141931,The Cardinal Vaughan Memorial RC School,Academies,Secondary,No Special Classes,W14 8BZ,51.503873,-0.211792,State,Secondary,2.0,1
142090,The Belham Primary School,Free Schools,Primary,Not applicable,SE15 4DG,51.465545,-0.074272,State,Primary,0.8,2
142110,Ark Byron Primary Academy,Free Schools,Primary,Not applicable,W3 7JT,51.506626,-0.259684,State,Primary,0.8,2
142112,Hackney New Primary School,Free Schools,Primary,Not applicable,N1 5FR,51.539282,-0.07736,State,Primary,0.8,1
142178,The Charter School East Dulwich,Free Schools,Secondary,No Special Classes,SE22 8RB,51.460185,-0.080255,State,Secondary,2.0,2
142233,Ravensworth Primary School,Academies,Primary,No Special Classes,SE9 4LW,51.429983,0.049564,State,Primary,0.8,2
142255,Mossbourne Parkside Academy,Academies,Primary,Not applicable,E8 1AS,51.548766,-0.062451,State,Primary,0.8,2
142256,Thomas's Academy,Academies,Primary,No Special Classes,SW6 4LY,51.472094,-0.20418,State,Primary,0.8,2
142267,Upton Cross Primary School,Academies,Primary,No Special Classes,E13 0RJ,51.536247,0.029635,State,Primary,0.8,2
142336,Wetherby Senior School,Independent schools,Not applicable,Not applicable,W1U 2QU,51.517597,-0.150372,Private,Other,1.0,
142404,The South Norwood Academy,Academies,Primary,Not applicable,SE25 5QP,51.395412,-0.072733,State,Primary,0.8,
142408,Jeannine Manuel School,Independent schools,Not applicable,Not applicable,WC1B 3DN,51.518297,-0.129847,Private,Other,1.0,
142414,Plan B,Independent schools,Not applicable,Not applicable,SW10 0EQ,51.481396,-0.177603,Private,Other,1.0,
142456,St Winifred's RC Primary School,Local authority maintained schools,Primary,Not applicable,SE12 0SJ,51.447734,0.009602,State,Primary,0.8,2
142461,Longshaw Primary School,Academies,Primary,Not applicable,E4 6LH,51.620292,0.004561,State,Primary,0.8,
142534,North London Hospital School,Independent schools,Not applicable,Not applicable,N14 6RA,51.632198,-0.117622,Private,Other,1.0,
142572,Talmud Torah London,Independent schools,Not applicable,Not applicable,N16 5AW,51.575048,-0.081871,Private,Other,1.0,
142608,International Academy of Greenwich,Free Schools,Secondary,Not applicable,SE3 9DU,51.457578,0.012423,State,Secondary,2.0,
142627,Menorah High School for Girls,Local authority maintained schools,Secondary,Not applicable,NW2 7BZ,51.562441,-0.239619,State,Secondary,2.0,2
142632,Portway Primary School,Academies,Primary,Not applicable,E13 0JW,51.533615,0.019079,State,Primary,0.8,1
142636,Claremont Primary School,Academies,Primary,Not applicable,NW2 1AB,51.565716,-0.217691,State,Primary,0.8,2
142644,Sarah Bonnell School,Academies,Secondary,No Special Classes,E15 4LP,51.542979,0.007408,State,Secondary,2.0,2
142654,Ealing Fields High School,Free Schools,Secondary,Not applicable,W5 4EJ,51.496731,-0.312401,State,Secondary,2.0,2
142703,Furness Primary School,Academies,Primary,No Special Classes,NW10 5YT,51.533837,-0.238561,State,Primary,0.8,2
142708,Hartley Primary School,Academies,Primary,No Special Classes,E6 1NT,51.533176,0.049526,State,Primary,0.8,2
142713,Mayville Primary School,Academies,Primary,Not applicable,E11 4PZ,51.560702,0.004884,State,Primary,0.8,2
142726,Selwyn Primary School,Academies,Primary,No Special Classes,E13 0ES,51.536099,0.024163,State,Primary,0.8,1
142731,St Chad's Catholic Primary School,Academies,Primary,No Special Classes,SE25 6LR,51.394463,-0.083382,State,Primary,0.8,2
142772,Ashmole Primary School,Free Schools,Primary,Not applicable,N14 7NP,51.628901,-0.136947,State,Primary,0.8,1
142778,The Independent School,Independent schools,Not applicable,Not applicable,W6 9AR,51.492372,-0.239138,Private,Other,1.0,
142832,New Level Academy,Independent schools,Not applicable,Not applicable,W7 2BB,51.497471,-0.328927,Private,Other,1.0,
142873,TBAP 16-19 Academic AP Academy,Free Schools,16 plus,Not applicable,SW6 6HB,51.475103,-0.219844,State,Sixth Form,3.0,
142875,Galleywall Primary School,Free Schools,Primary,Not applicable,SE16 3PB,51.490027,-0.059771,State,Primary,0.8,1
142879,Canary Wharf College Crossharbour,Free Schools,Secondary,Not applicable,E14 9GL,51.4945,-0.014864,State,Secondary,2.0,3
142903,London Design and Engineering UTC,Free Schools,Secondary,Not applicable,E16 2RD,51.507567,0.063234,State,Secondary,2.0,2
142905,South Bank Utc,Free Schools,Secondary,Not applicable,SW2 1QS,51.456532,-0.119547,State,Secondary,2.0,
142928,Vanguard School,Free Schools,Not applicable,Not applicable,SE11 6QH,51.491574,-0.111551,State,Other,1.0,3
143020,"City of London Primary Academy, Islington",Free Schools,Primary,Not applicable,EC1Y 0AE,51.523218,-0.096446,State,Primary,0.8,1
143036,Alternative Centre of Education,Independent schools,Not applicable,Not applicable,N9 0TZ,51.624157,-0.057899,Private,Other,1.0,
143037,Ivy House School,Independent schools,Not applicable,Not applicable,NW11 7SX,51.56902,-0.18573,Private,Other,1.0,
143048,Azbuka Russian-English Bilingual School,Independent schools,Not applicable,Not applicable,W6 0JS,51.493508,-0.23398,Private,Other,1.0,
143079,Windrush Thamesmead Primary School,Academies,Primary,No Special Classes,SE28 8AR,51.502533,0.1156,State,Primary,0.8,1
143082,Bishop Douglass School Finchley,Academies,Secondary,No Special Classes,N2 0SQ,51.594066,-0.178293,State,Secondary,2.0,2
143103,The Boxing Academy AP Free School,Free Schools,Not applicable,Not applicable,E5 8PH,51.558079,-0.063282,State,Other,1.0,1
143109,Dorset Road Infant School,Academies,Primary,No Special Classes,SE9 4AT,51.42439,0.043344,State,Primary,0.8,
143118,Woodlands Academy,Academies,Primary,Not applicable,W13 0DH,51.522764,-0.328736,State,Primary,0.8,2
143129,Phoenix Academy,Academies,Secondary,Not applicable,W12 0RQ,51.513162,-0.237875,State,Secondary,2.0,2
143148,Ark Paddington Green Primary Academy,Academies,Primary,Not applicable,W2 1ND,51.523765,-0.176733,State,Primary,0.8,
143175,Nightingale Community Academy,Academies,Not applicable,Not applicable,SW17 7DF,51.44122,-0.171445,State,Other,1.0,2
143197,Edmonton County School,Academies,All-through,No Special Classes,N9 9JZ,51.633349,-0.078762,State,Other,1.0,2
143198,Hazelbury Primary School,Academies,Primary,No Special Classes,N9 9TT,51.622398,-0.075035,State,Primary,0.8,2
143201,Bowes Primary School,Academies,Primary,No Special Classes,N11 2HL,51.613738,-0.125566,State,Primary,0.8,1
143209,Timbercroft Primary School,Academies,Primary,Not applicable,SE18 2SG,51.476793,0.0902,State,Primary,0.8,2
143210,Brooklands Primary School,Academies,Primary,No Special Classes,SE3 9AB,51.463964,0.019168,State,Primary,0.8,2
143211,Millennium Primary School,Academies,Primary,Has Special Classes,SE10 0BG,51.493246,0.011243,State,Primary,0.8,1
143212,Queen's Manor School and Special Needs Unit,Academies,Primary,Has Special Classes,SW6 6ND,51.479844,-0.221762,State,Primary,0.8,2
143213,Fulham Primary School,Academies,Primary,No Special Classes,SW6 1JU,51.483536,-0.197955,State,Primary,0.8,1
143214,Sulivan Primary School,Academies,Primary,No Special Classes,SW6 3BN,51.472291,-0.199406,State,Primary,0.8,2
143217,The Bridge School,Academies,Not applicable,Has Special Classes,N7 9LD,51.549577,-0.125578,State,Other,1.0,1
143274,Forest Gate Community School,Academies,Secondary,No Special Classes,E7 9BB,51.549362,0.022184,State,Secondary,2.0,1
143275,Eko Pathways,Academies,Not applicable,Has Special Classes,E6 6FE,51.529538,0.065207,State,Other,1.0,2
143276,Gainsborough Primary School,Academies,Primary,No Special Classes,E15 3AF,51.524636,0.005693,State,Primary,0.8,2
143277,Kaizen Primary School,Academies,Primary,Not applicable,E13 8LF,51.521194,0.026991,State,Primary,0.8,1
143379,St Paul's Way Trust School,Academies,All-through,No Special Classes,E3 4FT,51.518648,-0.024595,State,Other,1.0,2
143383,Selwyn Primary School,Academies,Primary,Not applicable,E4 9NE,51.606223,-0.007872,State,Primary,0.8,1
143384,Davies Lane Primary School,Academies,Primary,Has Special Classes,E11 3DR,51.564475,0.011904,State,Primary,0.8,1
143385,Norlington School and 6th Form,Academies,Secondary,No Special Classes,E10 6JZ,51.567455,-0.003029,State,Secondary,2.0,2
143526,The Autism Project - CareTrade,Other types,Not applicable,Not applicable,SE17 1RT,51.490799,-0.0964,State,Other,1.0,
143530,Southbank International School Westminster,Independent schools,Not applicable,Not applicable,W1B 1QR,51.521611,-0.146028,Private,Other,1.0,
143540,Ada National College for Digital Skills,Colleges,16 plus,Not applicable,SW1V 4LD,51.48898,-0.146791,State,Sixth Form,3.0,
143592,Foxfield Primary School,Academies,Primary,No Special Classes,SE18 7EX,51.487143,0.076024,State,Primary,0.8,1
143593,Rockliffe Manor Primary School,Academies,Primary,No Special Classes,SE18 2NP,51.479388,0.093948,State,Primary,0.8,2
143594,Woodhill Primary School,Academies,Primary,No Special Classes,SE18 5JE,51.489131,0.04945,State,Primary,0.8,2
143595,Willow Dene School,Academies,Not applicable,Not applicable,SE18 2JD,51.472839,0.091027,State,Other,1.0,1
143596,South Rise Primary School,Academies,Primary,Not applicable,SE18 7PX,51.48617,0.081223,State,Primary,0.8,2
143597,Halstow Primary School,Academies,Primary,No Special Classes,SE10 0LD,51.485093,0.015205,State,Primary,0.8,2
143598,Horn Park Primary School,Academies,Primary,No Special Classes,SE12 9BT,51.444131,0.026669,State,Primary,0.8,2
143599,Deansfield Primary School,Academies,Primary,Not applicable,SE9 1XP,51.462068,0.061972,State,Primary,0.8,1
143601,Alderwood Primary School,Academies,Primary,No Special Classes,SE9 2JH,51.446363,0.086536,State,Primary,0.8,2
143629,Mulberry School for Girls,Academies,Secondary,No Special Classes,E1 2JP,51.514507,-0.060432,State,Secondary,2.0,1
143630,Ian Mikardo School,Academies,Not applicable,Has Special Classes,E3 3LF,51.525153,-0.013054,State,Other,1.0,2
143640,Advance Education,Independent schools,Not applicable,Not applicable,NW10 7TR,51.533537,-0.275282,Private,Other,1.0,
143659,"City of London Academy, Highgate Hill",Free Schools,Secondary,No Special Classes,N19 3EU,51.567974,-0.12941,State,Secondary,2.0,2
143668,Royal Wharf Primary School,Free Schools,Primary,Not applicable,E16 2ZA,51.500827,0.027916,State,Primary,0.8,2
143686,Woolwich Polytechnic School for Girls,Free Schools,Secondary,Not applicable,SE28 8RF,51.501237,0.105195,State,Secondary,2.0,2
143702,The Bridge Satellite Provision,Free Schools,Not applicable,Not applicable,N19 3DL,51.568718,-0.128701,State,Other,1.0,2
143716,Mulberry Academy London Dock,Free Schools,Secondary,Not applicable,E1W 2AD,51.509028,-0.066241,State,Secondary,2.0,
143718,North Brent School,Free Schools,Secondary,Not applicable,NW10 2UF,51.551028,-0.249176,State,Secondary,2.0,2
143731,The Avenue School,Free Schools,Not applicable,Not applicable,NW6 7BH,51.542974,-0.210677,State,Other,1.0,1
143739,Anglo Portuguese School of London,Free Schools,Primary,Not applicable,SW18 4QG,51.456069,-0.191278,State,Primary,0.8,2
143745,Spa School Camberwell,Free Schools,Not applicable,Not applicable,SE5 7EW,51.478334,-0.084764,State,Other,1.0,2
143756,"City of London Academy, Shoreditch Park",Free Schools,Secondary,Not applicable,N1 5JU,51.53547,-0.083448,State,Secondary,2.0,2
143774,James Dixon Primary School,Academies,Primary,Has Special Classes,SE20 8BW,51.410946,-0.069189,State,Primary,0.8,2
143838,Urban Mission School,Independent schools,Not applicable,Not applicable,SE13 7FY,51.464008,-0.014489,Private,Other,1.0,
143840,Queensgate College,Independent schools,Not applicable,Not applicable,E9 6SJ,51.544712,-0.048417,Private,Other,1.0,
143865,Oak Lodge School,Academies,Not applicable,Has Special Classes,N2 0QY,51.589674,-0.177458,State,Other,1.0,1
143881,Tollgate Primary School,Academies,Primary,Has Special Classes,E13 8SA,51.519729,0.0337,State,Primary,0.8,1
143882,Cleves Primary School,Academies,Primary,No Special Classes,E6 1QP,51.533297,0.043144,State,Primary,0.8,1
143883,Drew Primary School,Academies,Primary,No Special Classes,E16 2DP,51.502877,0.047085,State,Primary,0.8,2
143927,Royal Greenwich Trust School,Free Schools,Secondary,Not applicable,SE7 8LJ,51.492421,0.04434,State,Secondary,2.0,2
143933,Education-My Life Matters,Independent schools,Not applicable,Not applicable,SE6 2SP,51.430249,-0.012946,Private,Other,1.0,
144053,Manor School,Academies,Not applicable,Has Special Classes,NW10 3NT,51.5362,-0.220546,State,Other,1.0,1
144091,St Mary's Catholic Primary School,Academies,Primary,No Special Classes,SE9 1UF,51.453534,0.063991,State,Primary,0.8,1
144139,Ranelagh Primary School,Academies,Primary,No Special Classes,E15 3DN,51.531673,0.009116,State,Primary,0.8,2
144140,Ravenscroft Primary School,Academies,Primary,No Special Classes,E16 4BD,51.519794,0.022676,State,Primary,0.8,2
144141,Kensington Primary School,Academies,Primary,No Special Classes,E12 6NN,51.542529,0.057214,State,Primary,0.8,1
144142,Curwen Primary School,Academies,Primary,No Special Classes,E13 0AG,51.530239,0.020861,State,Primary,0.8,1
144235,Stebon Primary School,Academies,Primary,No Special Classes,E14 7AD,51.51679,-0.025843,State,Primary,0.8,1
144236,Bygrove Primary School,Academies,Primary,No Special Classes,E14 6DN,51.512515,-0.018159,State,Primary,0.8,1
144238,St Mary's CofE Primary School,Academies,Primary,No Special Classes,E17 9HJ,51.583437,-0.003151,State,Primary,0.8,1
144239,St Saviour's Church of England Primary School,Academies,Primary,No Special Classes,E17 8ER,51.57426,-0.029992,State,Primary,0.8,1
144308,Rosendale Primary School,Academies,Primary,Not applicable,SE21 8LR,51.445351,-0.098765,State,Primary,0.8,1
144309,The Elmgreen School,Academies,Secondary,Has Special Classes,SE27 9BZ,51.438563,-0.103824,State,Secondary,2.0,2
144363,Lubavitch Senior Boys School,Independent schools,Not applicable,Not applicable,NW11 0QB,51.581693,-0.199284,Private,Other,1.0,
144407,Horizons Academy Bexley,Academies,Not applicable,Not applicable,SE2 9TA,51.494639,0.123965,State,Other,1.0,2
144502,The Totteridge Academy,Academies,Secondary,Not applicable,N20 8AZ,51.638846,-0.200344,State,Secondary,2.0,2
144511,"Newham Collegiate Sixth Form Centre, City of London Academy",Free Schools,16 plus,Not applicable,E6 2BB,51.532915,0.056262,State,Sixth Form,3.0,
144516,"Wetherby School, Kensington",Independent schools,Not applicable,Not applicable,SW5 0JN,51.491803,-0.185903,Private,Other,1.0,
144527,Britannia Village Primary School,Academies,Primary,Not applicable,E16 2AW,51.503534,0.025861,State,Primary,0.8,2
144549,St Anthony's Catholic Primary School,Academies,Primary,No Special Classes,SE20 8ES,51.409987,-0.05902,State,Primary,0.8,2
144621,Belleville Wix Academy,Academies,Primary,Not applicable,SW4 0AJ,51.465878,-0.151398,State,Primary,0.8,2
144626,Cypress Primary School,Academies,Primary,Not applicable,SE25 4AU,51.407317,-0.081981,State,Primary,0.8,2
144653,Summerside Primary Academy,Academies,Primary,No Special Classes,N12 0QU,51.609364,-0.168625,State,Primary,0.8,2
144699,The Clara Grant Primary School,Academies,Primary,No Special Classes,E3 4BU,51.521785,-0.019688,State,Primary,0.8,2
144700,Mulberry Stepney Green Mathematics and Computing College,Academies,Secondary,No Special Classes,E1 4SD,51.51853,-0.042185,State,Secondary,2.0,2
144727,Lubavitch Yeshiva Ketanah of London,Independent schools,Not applicable,Not applicable,NW11 0QB,51.581693,-0.199284,Private,Other,1.0,
144739,Bobby Moore Academy,Free Schools,All-through,Not applicable,E20 2AE,51.536238,-0.013941,State,Other,1.0,2
144752,Kisharon School,Free Schools,Not applicable,Not applicable,NW4 1TP,51.593539,-0.218291,State,Other,1.0,2
144753,London Academy of Excellence Tottenham,Free Schools,16 plus,No Special Classes,N17 0BX,51.605745,-0.066367,State,Sixth Form,3.0,
144756,Mulberry UTC,Free Schools,Secondary,Not applicable,E3 2RU,51.533948,-0.026398,State,Secondary,2.0,2
144786,Royal Mencap Society,Other types,Not applicable,Not applicable,E1 6LP,51.516339,-0.072274,State,Other,1.0,
144795,London Park School Mayfair and London Park School Sixth,Independent schools,Not applicable,Not applicable,W1J 7NL,51.505248,-0.146794,Private,Other,1.0,
144796,Edith Kay Independent School,Special schools,Not applicable,Not applicable,NW10 8HR,51.546363,-0.261413,Special,Other,1.0,
144819,Sir Simon Milton Westminster University Technical College,Free Schools,Secondary,Not applicable,SW1V 4LD,51.48898,-0.146791,State,Secondary,2.0,
144900,Duke's Aldridge,Academies,Secondary,No Special Classes,N17 0PG,51.604912,-0.063312,State,Secondary,2.0,2
144961,Clerkenwell Parochial CofE Primary School,Academies,Primary,Not applicable,EC1R 1UN,51.528677,-0.110376,State,Primary,0.8,
144962,City of London Academy Highbury Grove,Academies,Secondary,Not applicable,N5 2EQ,51.549004,-0.097778,State,Secondary,2.0,2
144965,Kensington Wade,Independent schools,Not applicable,Not applicable,W6 9ER,51.486183,-0.221141,Private,Other,1.0,
145030,The Alton School,Academies,Primary,Has Special Classes,SW15 4PD,51.452758,-0.253486,State,Primary,0.8,2
145060,Griffin Primary School,Academies,Primary,Not applicable,SW8 4JB,51.474242,-0.13836,State,Primary,0.8,3
145071,Jubilee Primary School,Academies,Primary,No Special Classes,SE28 8JB,51.505367,0.12151,State,Primary,0.8,2
145087,Rosetta Primary School,Academies,Primary,No Special Classes,E16 3PB,51.515424,0.027311,State,Primary,0.8,1
145088,Earlham Primary School,Academies,Primary,No Special Classes,E7 9AW,51.547112,0.016517,State,Primary,0.8,1
145106,George Mitchell School,Academies,All-through,No Special Classes,E10 5DN,51.568196,-0.013299,State,Other,1.0,2
145113,Cumberland Community School,Academies,Secondary,Not applicable,E13 8SJ,51.520523,0.033044,State,Secondary,2.0,2
145126,Harris Academy St John's Wood,Academies,Secondary,Not applicable,NW8 0NL,51.537837,-0.17666,State,Secondary,2.0,2
145130,Goose Green Primary and Nursery School,Academies,Primary,Not applicable,SE22 8HG,51.461472,-0.077034,State,Primary,0.8,2
145164,Tram House School,Special schools,Not applicable,Has Special Classes,SW17 0NY,51.436869,-0.187173,Special,Other,1.0,
145165,Allen House Independent School,Independent schools,Not applicable,Not applicable,SW15 1SZ,51.46537,-0.213168,Private,Other,1.0,
145197,Harris Professional Skills Sixth Form,Free Schools,16 plus,Not applicable,SE25 6EJ,51.399034,-0.078073,State,Sixth Form,3.0,
145207,Grange Park Primary School,Academies,Primary,No Special Classes,N21 1PP,51.647207,-0.108717,State,Primary,0.8,2
145210,Greenacres Primary School and Language Impairment Unit,Academies,Primary,Has Special Classes,SE9 3JN,51.432939,0.057394,State,Primary,0.8,2
145215,Nightingale Primary School,Academies,Primary,No Special Classes,SE18 7JJ,51.483956,0.071141,State,Primary,0.8,2
145235,Monega Primary School,Academies,Primary,Not applicable,E12 6TT,51.545172,0.042363,State,Primary,0.8,1
145280,Chesterton Primary School,Academies,Primary,No Special Classes,SW11 5DT,51.473632,-0.156643,State,Primary,0.8,1
145295,Unique Children's School,Independent schools,Not applicable,Not applicable,N10 2PS,51.592252,-0.14119,Private,Other,1.0,
145313,Bacon's College,Academies,Secondary,Not applicable,SE16 6AT,51.502362,-0.042273,State,Secondary,2.0,2
145315,Leigh Academy Halley,Academies,Secondary,Not applicable,SE3 8EP,51.468985,0.04129,State,Secondary,2.0,2
145362,Elmhurst Primary School,Academies,Primary,No Special Classes,E7 8JY,51.539978,0.031272,State,Primary,0.8,1
145363,Hallsville Primary School,Academies,Primary,No Special Classes,E16 1LN,51.512484,0.016861,State,Primary,0.8,1
145364,Nelson Primary School,Academies,Primary,No Special Classes,E6 2SE,51.533107,0.061187,State,Primary,0.8,2
145365,Scott Wilkie Primary School,Academies,Primary,No Special Classes,E16 3HD,51.512127,0.037469,State,Primary,0.8,1
145366,Vicarage Primary School,Academies,Primary,No Special Classes,E6 6AD,51.526811,0.060744,State,Primary,0.8,1
145367,New City Primary School,Academies,Primary,No Special Classes,E13 9NE,51.524633,0.037148,State,Primary,0.8,1
145368,Gallions Primary School,Academies,Primary,Not applicable,E6 6WG,51.512582,0.068029,State,Primary,0.8,1
145410,Royal Docks Academy,Academies,Secondary,Not applicable,E16 3HS,51.510992,0.035026,State,Secondary,2.0,2
145471,Liral Veget College London,Independent schools,Not applicable,Not applicable,SE1 5TY,51.490441,-0.081102,Private,Other,1.0,
145522,Churchfield Primary School,Academies,Primary,No Special Classes,N9 9PL,51.630225,-0.066482,State,Primary,0.8,2
145552,Jasper City School,Independent schools,Not applicable,Not applicable,E16 3LU,51.514726,0.036965,Private,Other,1.0,
145609,Lubavitch House School (Senior Girls),Academies,Secondary,Not applicable,N16 5RP,51.572236,-0.073273,State,Secondary,2.0,2
145610,Lubavitch Girls Primary School,Academies,Primary,Not applicable,N16 5RP,51.572236,-0.073273,State,Primary,0.8,2
145614,"Christ Church, Streatham Church of England Primary School",Academies,Primary,No Special Classes,SW2 3NF,51.44537,-0.121689,State,Primary,0.8,2
145615,St Leonard's Church of England Primary School,Academies,Primary,No Special Classes,SW16 6NP,51.426871,-0.136271,State,Primary,0.8,1
145616,St Luke's Church of England Primary School,Academies,Primary,No Special Classes,SE27 0DZ,51.427127,-0.101233,State,Primary,0.8,2
145621,St George's CofE Primary School,Academies,Primary,No Special Classes,SE23 2NE,51.439392,-0.051889,State,Primary,0.8,2
145627,Shaftesbury Primary School,Academies,Primary,No Special Classes,E7 8PF,51.53983,0.037697,State,Primary,0.8,1
145708,Lammas School,Academies,Secondary,Not applicable,E10 7LX,51.565985,-0.025602,State,Secondary,2.0,3
145709,Linden Lodge School,Academies,Not applicable,Has Special Classes,SW19 6JB,51.443714,-0.213064,State,Other,1.0,2
145718,Braintcroft E-ACT Primary Academy,Academies,Primary,No Special Classes,NW2 7LL,51.56454,-0.244718,State,Primary,0.8,2
145724,Ada Lovelace Church of England High School,Free Schools,Secondary,Not applicable,W5 2JX,51.519271,-0.295294,State,Secondary,2.0,1
145730,Lubavitch Boys' Primary School,Academies,Primary,Not applicable,E5 9AE,51.572788,-0.071301,State,Primary,0.8,3
145731,Hungerford School,Academies,Primary,No Special Classes,N7 9LF,51.548694,-0.126566,State,Primary,0.8,2
145857,Archbishop Tenison's School,Academies,Secondary,No Special Classes,SE11 5SR,,,State,Secondary,2.0,
145860,Harris Academy Wimbledon,Free Schools,Secondary,Not applicable,SW19 2JY,51.413668,-0.190118,State,Secondary,2.0,1
145888,John Keats Primary School,Free Schools,Primary,Not applicable,SE16 3FN,51.48569,-0.06396,State,Primary,0.8,2
145895,Leigh Academy Blackheath,Free Schools,Secondary,Not applicable,SE3 8SY,51.475961,0.027446,State,Secondary,2.0,1
145917,The Grove,Free Schools,Not applicable,Not applicable,N17 6AR,51.590393,-0.096441,State,Other,1.0,1
145921,Saracens High School,Free Schools,Secondary,Not applicable,NW9 4AS,51.602997,-0.243235,State,Secondary,2.0,2
145946,Shiras Devorah High School,Independent schools,Not applicable,Not applicable,NW11 7HB,51.578083,-0.197839,Private,Other,1.0,
145955,Delta Primary School,Academies,Primary,Not applicable,N9 8PT,51.633917,-0.044534,State,Primary,0.8,3
146031,The London Screen Academy,Free Schools,16 plus,No Special Classes,N5 2AG,51.552244,-0.097989,State,Sixth Form,3.0,
146042,The Michael Tippett College,Other types,Not applicable,Not applicable,SW12 0NS,51.446695,-0.141005,State,Other,1.0,
146100,Turnham Academy,Academies,Primary,No Special Classes,SE4 2HH,51.459809,-0.042901,State,Primary,0.8,2
146116,Our Lady of Grace Catholic Junior School,Academies,Primary,No Special Classes,NW2 6HS,51.561147,-0.233725,State,Primary,0.8,1
146117,Surrey Square Primary School,Academies,Primary,Not applicable,SE17 2JY,51.488745,-0.082974,State,Primary,0.8,1
146179,St Margaret Clitherow RC Primary School,Academies,Primary,No Special Classes,NW10 0BG,51.561768,-0.260897,State,Primary,0.8,2
146190,"Spa School, Bermondsey",Academies,Not applicable,Has Special Classes,SE1 5RN,51.491739,-0.067579,State,Other,1.0,2
146191,Franciscan Primary School,Academies,Primary,No Special Classes,SW17 8HQ,51.427688,-0.16065,State,Primary,0.8,2
146212,The Village School,Academies,Not applicable,Has Special Classes,NW9 0JY,51.590802,-0.263743,State,Other,1.0,1
146214,ARK John Archer Primary Academy,Academies,Primary,No Special Classes,SW11 2AA,51.46189,-0.174031,State,Primary,0.8,2
146221,Childeric Primary School,Academies,Primary,No Special Classes,SE14 6DG,51.476974,-0.037875,State,Primary,0.8,2
146277,The Young Women's Hub,Special schools,Not applicable,No Special Classes,SE6 1AU,51.444855,-0.005088,Special,Other,1.0,
146318,Ark Acton Academy,Academies,Secondary,No Special Classes,W3 8EY,51.505615,-0.280156,State,Secondary,2.0,2
146361,BeyondAutism Post-19,Other types,Not applicable,Not applicable,W6 8HJ,51.486637,-0.214901,State,Other,1.0,
146368,Van Gogh Primary,Academies,Primary,Not applicable,SW9 6HF,51.474672,-0.110708,State,Primary,0.8,2
146401,Stanford Primary School,Academies,Primary,Has Special Classes,SW16 5HB,51.409859,-0.135856,State,Primary,0.8,
146543,South Norwood Primary,Academies,Primary,Not applicable,SE25 5QP,51.395412,-0.072733,State,Primary,0.8,2
146549,Goldfinch Primary School,Academies,Primary,Not applicable,SW16 6DS,51.421812,-0.141051,State,Primary,0.8,2
146553,LSI Independent College,Independent schools,Not applicable,Not applicable,NW3 5QA,51.552531,-0.174919,Private,Other,1.0,
146662,Sacks Morasha Jewish Primary School,Academies,Primary,Not applicable,N12 9DX,51.61472,-0.174736,State,Primary,0.8,2
146663,Wolfson Hillel Primary School,Academies,Primary,No Special Classes,N14 4LG,51.639852,-0.12839,State,Primary,0.8,1
146669,St Paul's Church of England Primary School,Academies,Primary,No Special Classes,SE17 3DT,51.486337,-0.099121,State,Primary,0.8,2
146721,Our Lady of Grace RC Infant and Nursery School,Academies,Primary,No Special Classes,NW2 6EU,51.563385,-0.225905,State,Primary,0.8,1
146728,Houndsfield Primary School,Academies,Primary,Has Special Classes,N9 7RE,51.634865,-0.054536,State,Primary,0.8,2
146729,Al Risalah Boys' School,Independent schools,Not applicable,Not applicable,SW17 7TJ,51.432025,-0.163684,Private,Other,1.0,
146748,Yesodey Hatorah Girls School,Independent schools,Not applicable,Not applicable,N16 5LG,51.574109,-0.072905,Private,Other,1.0,
146862,Galliard Primary School,Academies,Primary,Has Special Classes,N9 7PE,51.637812,-0.059237,State,Primary,0.8,1
146868,Walker Primary School,Academies,Primary,No Special Classes,N14 7EG,51.625024,-0.126704,State,Primary,0.8,2
146882,Raynham Primary School,Academies,Primary,Has Special Classes,N18 2JQ,51.613093,-0.060971,State,Primary,0.8,2
146892,Castilion Primary School,Academies,Primary,No Special Classes,SE28 8QA,51.510298,0.12135,State,Primary,0.8,3
146900,Wilbury Primary School,Academies,Primary,No Special Classes,N18 1DE,51.612867,-0.084972,State,Primary,0.8,2
146915,North Beckton Primary School,Academies,Primary,No Special Classes,E6 5XG,51.51694,0.056436,State,Primary,0.8,2
146935,Fleecefield Primary School,Academies,Primary,No Special Classes,N18 2ES,51.618157,-0.059975,State,Primary,0.8,2
146946,Brettenham Primary School,Academies,Primary,Not applicable,N18 2ET,51.617899,-0.059567,State,Primary,0.8,2
147025,Al-Zahra School,Independent schools,Not applicable,Not applicable,NW6 6PF,51.539894,-0.209183,Private,Other,1.0,
147073,Haberdashers' Borough Academy,Free Schools,Secondary,Not applicable,SE1 0EX,51.502893,-0.096876,State,Secondary,2.0,2
147168,The Family Learning School,Independent schools,Not applicable,Not applicable,SE6 4AS,51.449045,-0.016678,Private,Other,1.0,
147179,Longshaw Primary Academy,Academies,Primary,Not applicable,E4 6LH,51.620292,0.004561,State,Primary,0.8,2
147180,Salisbury Manor Primary School,Academies,Primary,Not applicable,E4 8YJ,51.608668,-0.023232,State,Primary,0.8,2
147199,Social Arts for Education,Special schools,Not applicable,Not applicable,SE9 1TY,51.450928,0.063341,Special,Other,1.0,
147238,Hasmonean High School for Girls,Academies,Secondary,No Special Classes,NW7 2EU,51.603687,-0.233475,State,Secondary,2.0,2
147296,Beis Rochel dSatmar School,Independent schools,Not applicable,Not applicable,N16 5DS,51.572891,-0.082495,Private,Other,1.0,
147312,Ohr Emes,Independent schools,Not applicable,Not applicable,E5 9JZ,51.564268,-0.059094,Private,Other,1.0,
147327,Ravenstone Primary School,Academies,Primary,Not applicable,SW12 9SS,51.44169,-0.152648,State,Primary,0.8,2
147334,Robin Hood Primary and Nursery School,Academies,Primary,No Special Classes,SW15 3QL,51.42768,-0.26093,State,Primary,0.8,2
147335,St Edward's Catholic Primary School,Academies,Primary,No Special Classes,E13 9AX,51.53311,0.036849,State,Primary,0.8,2
147336,St Francis' Catholic Primary School,Academies,Primary,No Special Classes,E15 1HD,51.548597,0.005982,State,Primary,0.8,2
147337,Our Lady of Lourdes RC Primary School,Academies,Primary,No Special Classes,E11 2TA,51.574659,0.02055,State,Primary,0.8,2
147355,Haberdashers' Hatcham Primary,Academies,Primary,Not applicable,SE14 5RD,51.479996,-0.04869,State,Primary,0.8,2
147439,The John Roan School,Academies,Secondary,No Special Classes,SE3 7QR,51.478692,0.00932,State,Secondary,2.0,2
147463,Q+,Other types,Not applicable,Not applicable,W12 0NW,51.507523,-0.242617,State,Other,1.0,
147536,AIM Academy North London,Academies,Secondary,Not applicable,N9 8DQ,51.63286,-0.045894,State,Secondary,2.0,2
147543,Harris Academy Clapham,Free Schools,Secondary,Not applicable,SW4 8LD,51.453001,-0.132127,State,Secondary,2.0,2
147547,Roehampton Hospital School,Independent schools,Not applicable,Not applicable,SW15 5JJ,51.462539,-0.251486,Private,Other,1.0,
147609,Phoenix Autism Trust,Other types,Not applicable,Not applicable,E3 2QD,51.528617,-0.020602,State,Other,1.0,
147653,Waterside Academy,Free Schools,Secondary,Not applicable,E8 4DL,51.538629,-0.076984,State,Secondary,2.0,2
147681,Greenwich Engineering and Medical School,Independent schools,Not applicable,Not applicable,SE18 6HU,51.490548,0.066066,Private,Other,1.0,
147706,Childs Hill Primary School,Academies,Primary,No Special Classes,NW2 1SL,51.562269,-0.206919,State,Primary,0.8,2
147732,Arco Academy,Independent schools,Not applicable,Not applicable,SE5 8TS,51.474358,-0.090763,Private,Other,1.0,
147793,Queensmill School,Academies,Not applicable,Has Special Classes,W12 0NW,51.507523,-0.242617,State,Other,1.0,2
147863,Ark Soane Academy,Free Schools,Secondary,Not applicable,W3 8EA,51.507915,-0.276337,State,Secondary,2.0,1
147913,Sumus Woolwich,Independent schools,Not applicable,Not applicable,SE18 6HQ,51.489153,0.066651,Private,Other,1.0,
147957,Maida Vale School,Independent schools,Not applicable,No Special Classes,W9 3HR,51.530404,-0.199016,Private,Other,1.0,
147977,THE BRIDGE SPECIAL EDUCATION NEEDS SCHOOL,Special schools,Not applicable,Not applicable,SE1 5TY,51.490441,-0.081102,Special,Other,1.0,
147986,The New School,Independent schools,Not applicable,Not applicable,SE19 1RT,51.422248,-0.092662,Private,Other,1.0,
147991,Serenity School Eltham,Special schools,Not applicable,Has Special Classes,SE9 5NP,51.445864,0.052161,Special,Other,1.0,
148003,Sedgehill Academy,Academies,Secondary,No Special Classes,SE6 3QW,51.423142,-0.020763,State,Secondary,2.0,2
148012,Charles Dickens Primary School,Academies,Primary,No Special Classes,SE1 1AF,51.501285,-0.096439,State,Primary,0.8,1
148025,St Antony's Catholic Primary School,Academies,Primary,Not applicable,E7 9PN,51.540673,0.024366,State,Primary,0.8,2
148043,Aya College (Educational Provision),Independent schools,Not applicable,Has Special Classes,SE25 5PQ,51.392165,-0.091384,Private,Other,1.0,
148153,Blooming Tree Primary School,Special schools,Not applicable,Not applicable,W5 3TJ,51.513295,-0.298069,Special,Other,1.0,
148155,Woodside School,Special schools,Not applicable,Not applicable,N12 9HP,51.618522,-0.174598,Special,Other,1.0,
148174,The Park College,Other types,Not applicable,Not applicable,SE11 4AS,51.485464,-0.106834,State,Other,1.0,
148224,Eastlea Community School,Academies,Secondary,Has Special Classes,E16 4NP,51.52383,0.010256,State,Secondary,2.0,3
148250,Roundwood School and Community Centre,Free Schools,Not applicable,Not applicable,NW10 3UN,51.540111,-0.241938,State,Other,1.0,3
148421,Woodhouse College,Academies,16 plus,Not applicable,N12 9EY,51.61148,-0.168771,State,Sixth Form,3.0,
148438,St Joseph's Catholic Primary School,Academies,Primary,No Special Classes,SW3 2QT,51.492843,-0.161991,State,Primary,0.8,1
148555,Harris Clapham Sixth Form,Free Schools,16 plus,Not applicable,SW4 8DX,51.456626,-0.128769,State,Sixth Form,3.0,
148562,Kensington Queensmill School,Free Schools,Not applicable,Not applicable,W10 6BH,51.523591,-0.21631,State,Other,1.0,2
148574,Lyndhurst Primary School,Academies,Primary,Not applicable,SE5 8SN,51.469523,-0.087106,State,Primary,0.8,2
148593,Learningsure College,Independent schools,Not applicable,Not applicable,E16 3LU,51.514726,0.036965,Private,Other,1.0,
148600,Eagle Park Independent School,Special schools,Not applicable,Not applicable,W3 8JY,51.496869,-0.281018,Special,Other,1.0,
148614,Hawksmoor School,Academies,Primary,No Special Classes,SE28 8AS,51.505195,0.111098,State,Primary,0.8,2
148615,Wingfield Primary School,Academies,Primary,No Special Classes,SE3 9GJ,51.461191,0.022444,State,Primary,0.8,1
148623,School 360,Free Schools,Primary,Not applicable,E15 2QS,51.531342,-0.008892,State,Primary,0.8,2
148652,Ateres Beis Yaakov,Independent schools,Not applicable,Not applicable,NW4 2NL,51.584104,-0.215225,Private,Other,1.0,
148681,Cyril Jackson Primary School,Academies,Primary,No Special Classes,E14 8AQ,51.510365,-0.029882,State,Primary,0.8,1
148769,Mulberry Canon Barnett Primary Academy,Academies,Primary,No Special Classes,E1 7RQ,51.51585,-0.070954,State,Primary,0.8,2
148772,Beckmead College,Academies,Not applicable,Not applicable,SE25 5RR,51.395889,-0.08154,State,Other,1.0,2
148807,Blooming Tree Pre Prep School,Special schools,Not applicable,Not applicable,W3 9BJ,51.508498,-0.276862,Special,Other,1.0,
148901,Rokeby School,Academies,Secondary,No Special Classes,E16 4DD,51.518739,0.015524,State,Secondary,2.0,2
148902,Lister Community School,Academies,Secondary,No Special Classes,E13 9AE,51.531432,0.024706,State,Secondary,2.0,2
148972,St Winefride's RC Primary School,Academies,Primary,No Special Classes,E12 6HB,51.548569,0.057919,State,Primary,0.8,2
149018,Brick Lane School,Special schools,Not applicable,Not applicable,E2 6DY,51.523989,-0.070437,Special,Other,1.0,
149084,Mulberry Wood Wharf Primary School,Free Schools,Primary,Not applicable,E14 9ZR,51.503257,-0.010477,State,Primary,0.8,
149148,Daffodil Preparatory School,Independent schools,Not applicable,Not applicable,E1 2DA,51.514975,-0.060974,Private,Other,1.0,
149158,City Junior School,Independent schools,Not applicable,Not applicable,WC1R 5EY,51.519064,-0.113152,Private,Other,1.0,
149185,JUS Education,Special schools,Not applicable,Not applicable,SW2 5AP,51.458089,-0.120735,Special,Other,1.0,
149331,Heron Academy,Academies,Not applicable,Has Special Classes,SE24 0HZ,51.461632,-0.100119,State,Other,1.0,4
149346,St Joseph's Catholic Primary School,Academies,Primary,No Special Classes,SE16 4UP,51.498952,-0.069276,State,Primary,0.8,2
149369,Notre Dame Catholic Girls' School,Academies,Secondary,No Special Classes,SE1 6EX,51.496981,-0.106112,State,Secondary,2.0,3
149431,Harris Science Academy East London,Free Schools,Secondary,Not applicable,E3 3DU,51.526848,-0.006392,State,Secondary,2.0,4
149450,Evolve Academy,Academies,Not applicable,Not applicable,SE11 4AX,51.482845,-0.106136,State,Other,1.0,
149488,St Joseph's RC Primary School,Academies,Primary,No Special Classes,W9 1DF,51.52742,-0.182209,State,Primary,0.8,1
149543,Ernest Bevin Academy,Academies,Secondary,No Special Classes,SW17 7DF,51.44122,-0.171445,State,Secondary,2.0,2
149556,Streatham Wells Primary,Academies,Primary,No Special Classes,SW2 3NJ,51.440221,-0.116317,State,Primary,0.8,1
149566,Odyssey House School - Bloomsbury,Special schools,Not applicable,Not applicable,WC1B 4JP,51.52071,-0.125539,Special,Other,1.0,
149569,Thomas's Putney Vale,Independent schools,Not applicable,Not applicable,SW15 3EQ,51.437062,-0.243595,Private,Other,1.0,
149604,Dog Kennel Hill School,Academies,Primary,No Special Classes,SE22 8AB,51.465398,-0.082858,State,Primary,0.8,2
149605,Rotherhithe Primary School,Academies,Primary,No Special Classes,SE16 2PE,51.492146,-0.049813,State,Primary,0.8,2
149632,Holland Park School,Academies,Secondary,Not applicable,W8 7AF,51.504889,-0.200599,State,Secondary,2.0,4
149641,St John XXIII Catholic Primary School,Academies,Primary,No Special Classes,W12 7QT,51.511498,-0.233673,State,Primary,0.8,1
149683,Kidbrooke Park Primary School,Academies,Primary,No Special Classes,SE3 8JG,51.470379,0.042332,State,Primary,0.8,2
149684,Boxgrove Primary School,Academies,Primary,Has Special Classes,SE2 9JP,51.493264,0.116467,State,Primary,0.8,2
149715,London Park School Clapham,Independent schools,Not applicable,Not applicable,SW4 9AH,51.452614,-0.149127,Private,Other,1.0,
149733,Imperial College London Mathematics School,Free Schools,16 plus,Not applicable,N12 9EY,51.61148,-0.168771,State,Sixth Form,3.0,
149762,First Bridge School,Special schools,Not applicable,Has Special Classes,SW6 2PY,51.474723,-0.183326,Special,Other,1.0,
149777,Connaught Special School,Free Schools,Not applicable,Not applicable,E13 9BT,51.532163,0.03388,State,Other,1.0,
149901,Haggerston School,Academies,Secondary,No Special Classes,E2 8LS,51.532387,-0.071466,State,Secondary,2.0,2
149904,Imperial Oak Preparatory School,Special schools,Not applicable,Has Special Classes,SE1 6TU,51.493818,-0.093523,Special,Other,1.0,
149905,Sophia High School,Online provider,All-through,Not applicable,SW11 8BZ,51.481512,-0.145438,State,Other,1.0,
149908,The Anchor Sendfriendly Centre,Special schools,Not applicable,Not applicable,SE18 1BS,51.491153,0.0943,Special,Other,1.0,
149917,Maypole School (Leigham Court),Special schools,Not applicable,Not applicable,SW16 2QA,51.433747,-0.12254,Special,Other,1.0,
149926,St Osmund's Catholic Primary School,Academies,Primary,No Special Classes,SW13 9HQ,51.474272,-0.245306,State,Primary,0.8,2
150055,Harris Academy Beulah Hill,Academies,Secondary,Not applicable,SE19 3UG,51.413627,-0.094487,State,Secondary,2.0,
150068,Bannockburn Primary School,Academies,Primary,No Special Classes,SE18 1HE,51.486805,0.09606,State,Primary,0.8,1
150082,St Augustine's RC Primary School,Academies,Primary,No Special Classes,W6 8QE,51.484281,-0.209592,State,Primary,0.8,2
150154,Oasis Restore,Academies,16 plus,Not applicable,SE1 7QP,51.498181,-0.111912,State,Sixth Form,3.0,
150162,TCES National Online School,Online provider,All-through,Not applicable,SW19 4EE,51.420292,-0.21041,State,Other,1.0,
150163,Academy21,Online provider,Secondary,Not applicable,W1S 3EP,51.509928,-0.140839,State,Secondary,2.0,
150274,Menorah Primary School for Boys,Local authority maintained schools,Primary,Not applicable,NW11 9SP,51.574481,-0.2069,State,Primary,0.8,
150275,West London Performing Arts Academy (WLPA Academy),Other types,Not applicable,Not applicable,W5 4UB,51.498101,-0.313892,State,Other,1.0,
150298,Wildwood Nature School,Independent schools,Not applicable,Not applicable,NW5 1SB,51.560126,-0.144851,Private,Other,1.0,
150305,Caelum House School,Special schools,Not applicable,Not applicable,SW7 1BX,51.501204,-0.166453,Special,Other,1.0,
150318,Prendergast Ladywell School,Academies,All-through,No Special Classes,SE4 1SA,51.451648,-0.02975,State,Other,1.0,2
150319,Prendergast School,Academies,Secondary,No Special Classes,SE4 1LE,51.458059,-0.02753,State,Secondary,2.0,1
150351,Prendergast Vale School,Academies,All-through,No Special Classes,SE13 7BN,51.463566,-0.016006,State,Other,1.0,2
150355,Saracens Bell Lane,Academies,Primary,Not applicable,NW4 2AS,51.587079,-0.215714,State,Primary,0.8,3
150380,South Bank University Sixth Form,Academies,16 plus,Not applicable,SW2 1QS,51.456532,-0.119547,State,Sixth Form,3.0,
150439,The London Mechina,Independent schools,Not applicable,Not applicable,N12 8RZ,51.617607,-0.184602,Private,Other,1.0,
150522,Pooles Park Primary School,Academies,Primary,Not applicable,N4 3NW,51.564922,-0.112308,State,Primary,0.8,
150550,St Monica's Catholic Primary School,Academies,Primary,No Special Classes,N1 6QN,51.528418,-0.080586,State,Primary,0.8,2
150551,St Anthony's Catholic Primary School,Academies,Primary,No Special Classes,SE22 0LA,51.449708,-0.072074,State,Primary,0.8,2
150552,Our Lady and St Philip Neri Catholic Primary School,Academies,Primary,No Special Classes,SE26 5SE,51.426431,-0.041465,State,Primary,0.8,2
150604,Cardinal Pole Catholic School,Academies,Secondary,No Special Classes,E9 6LG,51.546787,-0.046684,State,Secondary,2.0,2
150606,Bishop Challoner Catholic School,Academies,Secondary,No Special Classes,E1 0LB,51.513566,-0.049749,State,Secondary,2.0,2
150662,Columbia Primary School,Academies,Primary,No Special Classes,E2 7RG,51.529302,-0.069246,State,Primary,0.8,2
150663,Eldon Primary School,Academies,Primary,Has Special Classes,N9 8LG,51.629121,-0.049754,State,Primary,0.8,2
150664,St Michael's Catholic Primary School,Academies,Primary,No Special Classes,E6 6EE,51.530222,0.058,State,Primary,0.8,2
150691,Conisborough College,Academies,Secondary,No Special Classes,SE6 2SE,51.433495,-0.011295,State,Secondary,2.0,3
150733,Burlington House School Tooting,Special schools,Not applicable,Not applicable,SW16 1JZ,51.433871,-0.135943,Special,Other,1.0,
150750,OMG Education,Independent schools,Not applicable,Not applicable,E1 1SA,51.511497,-0.064364,Private,Other,1.0,
150780,Minerva's Virtual Academy,Online provider,Secondary,Not applicable,SW9 7QD,51.463981,-0.113021,State,Secondary,2.0,
150830,Loughborough Primary School,Academies,Primary,Not applicable,SW9 7UA,51.470204,-0.105205,State,Primary,0.8,2
150848,Wembley Manor,Free Schools,Not applicable,Not applicable,NW10 3RN,51.537588,-0.239209,State,Other,1.0,
150889,London Nautical School,Academies,Secondary,No Special Classes,SE1 9NA,51.50644,-0.10827,State,Secondary,2.0,
150937,St Michael's Catholic College,Academies,Secondary,Not applicable,SE16 4UN,51.499713,-0.067457,State,Secondary,2.0,1
150999,Dollis Primary School,Academies,Primary,No Special Classes,NW7 2BU,51.608683,-0.224313,State,Primary,0.8,2
151008,St. Thomas More Language College,Academies,Secondary,No Special Classes,SW3 2QS,51.492899,-0.162147,State,Secondary,2.0,2
151009,St James's Hatcham Church of England Primary School,Academies,Primary,No Special Classes,SE14 6AD,51.474219,-0.038799,State,Primary,0.8,2
151010,St Michael's Church of England Primary School,Academies,Primary,No Special Classes,SE26 4HH,51.429754,-0.041754,State,Primary,0.8,2
151011,St Stephen's CofE Primary School,Academies,Primary,No Special Classes,SE8 4ED,51.470189,-0.023753,State,Primary,0.8,2
151013,Hermitage Primary School,Academies,Primary,No Special Classes,E1W 2PT,51.505021,-0.064826,State,Primary,0.8,3
151014,Osidge Primary School,Academies,Primary,No Special Classes,N14 5HD,51.634335,-0.134311,State,Primary,0.8,2
151110,St Mary's RC Primary School,Academies,Primary,Not applicable,NW6 5ST,51.534477,-0.197774,State,Primary,0.8,2
151137,Onelab College,Other types,Not applicable,Not applicable,E3 3TZ,51.521102,-0.017036,State,Other,1.0,
151310,Millbank Gardens Primary Academy,Academies,Primary,Has Special Classes,SW1P 4HR,51.491418,-0.130443,State,Primary,0.8,
151473,The Harington Scheme Ltd,Other types,Not applicable,Not applicable,N6 5AD,51.571281,-0.143431,State,Other,1.0,
